Mexico,1968,Basketball,Basketball,"KRIKUN, Anatoli",URS,Men,basketball,M,Bronze
Mexico,1968,Basketball,Basketball,"LIPSO, Yaak",URS,Men,basketball,M,Bronze
Mexico,1968,Basketball,Basketball,"PAULAUSKAS, Modestas",URS,Men,basketball,M,Bronze
Mexico,1968,Basketball,Basketball,"POLIVODA, Anatoli",URS,Men,basketball,M,Bronze
Mexico,1968,Basketball,Basketball,"SAKANDELIDZE, Zurab",URS,Men,basketball,M,Bronze
Mexico,1968,Basketball,Basketball,"SELIKHOV, Yuri",URS,Men,basketball,M,Bronze
Mexico,1968,Basketball,Basketball,"TOMSON, Priit",URS,Men,basketball,M,Bronze
Mexico,1968,Basketball,Basketball,"VOLNOV, Gennadi",URS,Men,basketball,M,Bronze
Mexico,1968,Basketball,Basketball,"BARRETT, Michael Thomas",USA,Men,basketball,M,Gold
Mexico,1968,Basketball,Basketball,"CLAWSON, John Richard",USA,Men,basketball,M,Gold
Mexico,1968,Basketball,Basketball,"DEE, Donald Francis",USA,Men,basketball,M,Gold
Mexico,1968,Basketball,Basketball,"FOWLER, Calvin Bernard",USA,Men,basketball,M,Gold
Mexico,1968,Basketball,Basketball,"HAYWOOD, Spencer",USA,Men,basketball,M,Gold
Mexico,1968,Basketball,Basketball,"HOSKETT, Wilmer Frederick",USA,Men,basketball,M,Gold
Mexico,1968,Basketball,Basketball,"KING, James",USA,Men,basketball,M,Gold
Mexico,1968,Basketball,Basketball,"SAULTERS, Glynn",USA,Men,basketball,M,Gold
Mexico,1968,Basketball,Basketball,"SCOTT, Charles Thomas",USA,Men,basketball,M,Gold
Mexico,1968,Basketball,Basketball,"SILLIMAN, Michael Barnwell",USA,Men,basketball,M,Gold
Mexico,1968,Basketball,Basketball,"SPAIN, John Kenneth",USA,Men,basketball,M,Gold
Mexico,1968,Basketball,Basketball,"WHITE, Joseph Henry",USA,Men,basketball,M,Gold
Mexico,1968,Basketball,Basketball,"CERMAK, Dragutin",YUG,Men,basketball,M,Silver
Mexico,1968,Basketball,Basketball,"COSIC, Kresimir",YUG,Men,basketball,M,Silver
Mexico,1968,Basketball,Basketball,"CVETKOVIC, Vladimir",YUG,Men,basketball,M,Silver
Mexico,1968,Basketball,Basketball,"DANEU, Ivo",YUG,Men,basketball,M,Silver
Mexico,1968,Basketball,Basketball,"KORAC, Radivoje",YUG,Men,basketball,M,Silver
Mexico,1968,Basketball,Basketball,"MAROEVIC, Zoran",YUG,Men,basketball,M,Silver
Mexico,1968,Basketball,Basketball,"PLECAS, Nikola",YUG,Men,basketball,M,Silver
Mexico,1968,Basketball,Basketball,"RAJKOVIC, Trajko",YUG,Men,basketball,M,Silver
Mexico,1968,Basketball,Basketball,"RAZNATOVIC, Dragoslav",YUG,Men,basketball,M,Silver
Mexico,1968,Basketball,Basketball,"SKANSI, Petar",YUG,Men,basketball,M,Silver
Mexico,1968,Basketball,Basketball,"SOLMAN, Damir",YUG,Men,basketball,M,Silver
Mexico,1968,Basketball,Basketball,"ZORGA, Aljosa",YUG,Men,basketball,M,Silver
Mexico,1968,Boxing,Boxing,"MARBLEY, Harlan Joseph",USA,Men,- 48kg (light-flyweight),M,Bronze
Mexico,1968,Boxing,Boxing,"SKRZYPCZAK, Hubert",POL,Men,- 48kg (light-flyweight),M,Bronze
Mexico,1968,Boxing,Boxing,"RODRIGUEZ, Francisco",VEN,Men,- 48kg (light-flyweight),M,Gold
Mexico,1968,Boxing,Boxing,"JEE, Yong-Ju",KOR,Men,- 48kg (light-flyweight),M,Silver
Mexico,1968,Boxing,Boxing,"BAMBINI, Giorgio",ITA,Men,+ 81kg (heavyweight),M,Bronze
Mexico,1968,Boxing,Boxing,"ROCHA, Joaquin",MEX,Men,+ 81kg (heavyweight),M,Bronze
Mexico,1968,Boxing,Boxing,"FOREMAN, George",USA,Men,+ 81kg (heavyweight),M,Gold
Mexico,1968,Boxing,Boxing,"CHEPULIS, Ionas",URS,Men,+ 81kg (heavyweight),M,Silver
Mexico,1968,Boxing,Boxing,"DE OLIVEIRA, Servilio",BRA,Men,48 - 51kg (flyweight),M,Bronze
Mexico,1968,Boxing,Boxing,"RWABDOGO, Leo",UGA,Men,48 - 51kg (flyweight),M,Bronze
Mexico,1968,Boxing,Boxing,"DELGADO, Ricardo",MEX,Men,48 - 51kg (flyweight),M,Gold
Mexico,1968,Boxing,Boxing,"OLECH, Artur",POL,Men,48 - 51kg (flyweight),M,Silver
Mexico,1968,Boxing,Boxing,"CHANG, Kyou-Chul",KOR,Men,51 - 54kg (bantamweight),M,Bronze
Mexico,1968,Boxing,Boxing,"MORIOKA, Eiji",JPN,Men,51 - 54kg (bantamweight),M,Bronze
Mexico,1968,Boxing,Boxing,"SOKOLOV, Valeri",URS,Men,51 - 54kg (bantamweight),M,Gold
Mexico,1968,Boxing,Boxing,"MUKWANGA, Eridadi",UGA,Men,51 - 54kg (bantamweight),M,Silver
Mexico,1968,Boxing,Boxing,"MIKAILOV, Ivan",BUL,Men,54 - 57kg (featherweight),M,Bronze
Mexico,1968,Boxing,Boxing,"WARUINGE, Philip",KEN,Men,54 - 57kg (featherweight),M,Bronze
Mexico,1968,Boxing,Boxing,"ROLDAN, Antonio",MEX,Men,54 - 57kg (featherweight),M,Gold
Mexico,1968,Boxing,Boxing,"ROBINSON, Alberto",USA,Men,54 - 57kg (featherweight),M,Silver
Mexico,1968,Boxing,Boxing,"CUTOV, Calistrat",ROU,Men,57 - 60kg (lightweight),M,Bronze
Mexico,1968,Boxing,Boxing,"VUJIN, Zvonimir",YUG,Men,57 - 60kg (lightweight),M,Bronze
Mexico,1968,Boxing,Boxing,"HARRIS, Ronald Woodson",USA,Men,57 - 60kg (lightweight),M,Gold
Mexico,1968,Boxing,Boxing,"GRUDZIEN, Jozef",POL,Men,57 - 60kg (lightweight),M,Silver
Mexico,1968,Boxing,Boxing,"NILSSON, Arto",FIN,Men,60 - 63.5kg (light-welterweight),M,Bronze
Mexico,1968,Boxing,Boxing,"WALLINGTON, James Robert Jr.",USA,Men,60 - 63.5kg (light-welterweight),M,Bronze
Mexico,1968,Boxing,Boxing,"KULEJ, Jerzy",POL,Men,60 - 63.5kg (light-welterweight),M,Gold
Mexico,1968,Boxing,Boxing,"REQUEIFEROS BLANCO, Enrique",CUB,Men,60 - 63.5kg (light-welterweight),M,Silver
Mexico,1968,Boxing,Boxing,"GUILOTTI GONZALEZ, Mario",ARG,Men,63.5 - 67kg (welterweight),M,Bronze
Mexico,1968,Boxing,Boxing,"MUSALIMOV, Vladimir",URS,Men,63.5 - 67kg (welterweight),M,Bronze
Mexico,1968,Boxing,Boxing,"WOLKE, Manfred",GDR,Men,63.5 - 67kg (welterweight),M,Gold
Mexico,1968,Boxing,Boxing,"BESSALA, Joseph",CMR,Men,63.5 - 67kg (welterweight),M,Silver
Mexico,1968,Boxing,Boxing,"BALDWIN, John Lee",USA,Men,67 - 71kg (light-middleweight),M,Bronze
Mexico,1968,Boxing,Boxing,"MEIER, Günther",FRG,Men,67 - 71kg (light-middleweight),M,Bronze
Mexico,1968,Boxing,Boxing,"LAGUTIN, Boris",URS,Men,67 - 71kg (light-middleweight),M,Gold
Mexico,1968,Boxing,Boxing,"GARBEY, Rolando",CUB,Men,67 - 71kg (light-middleweight),M,Silver
Mexico,1968,Boxing,Boxing,"JONES, Alfred",USA,Men,71-75kg,M,Bronze
Mexico,1968,Boxing,Boxing,"ZARAGOZA, Agustin",MEX,Men,71-75kg,M,Bronze
Mexico,1968,Boxing,Boxing,"FINNEGAN, Christopher Martin",GBR,Men,71-75kg,M,Gold
Mexico,1968,Boxing,Boxing,"KISELEV, Aleksei",URS,Men,71-75kg,M,Silver
Mexico,1968,Boxing,Boxing,"DRAGAN, Stanislaw",POL,Men,75 - 81kg (light-heavyweight),M,Bronze
Mexico,1968,Boxing,Boxing,"STANKOV, Georghi",BUL,Men,75 - 81kg (light-heavyweight),M,Bronze
Mexico,1968,Boxing,Boxing,"POZNYAK, Daniel",URS,Men,75 - 81kg (light-heavyweight),M,Gold
Mexico,1968,Boxing,Boxing,"MONEA, Ion",ROU,Men,75 - 81kg (light-heavyweight),M,Silver
Mexico,1968,Canoe / Kayak,Canoe / Kayak F,"GALKOV, Vitali",URS,Men,C-1 1000m (canoe single),M,Bronze
Mexico,1968,Canoe / Kayak,Canoe / Kayak F,"TATAI, Tibor",HUN,Men,C-1 1000m (canoe single),M,Gold
Mexico,1968,Canoe / Kayak,Canoe / Kayak F,"LEWE, Detlef",FRG,Men,C-1 1000m (canoe single),M,Silver
Mexico,1968,Canoe / Kayak,Canoe / Kayak F,"PROKUPETS, Naum",URS,Men,C-2 1000m (canoe double),M,Bronze
Mexico,1968,Canoe / Kayak,Canoe / Kayak F,"ZAMOTIN, Mikhail",URS,Men,C-2 1000m (canoe double),M,Bronze
Mexico,1968,Canoe / Kayak,Canoe / Kayak F,"COVALIOV, Serghei",ROU,Men,C-2 1000m (canoe double),M,Gold
Mexico,1968,Canoe / Kayak,Canoe / Kayak F,"PATZAICHIN, Ivan",ROU,Men,C-2 1000m (canoe double),M,Gold
Mexico,1968,Canoe / Kayak,Canoe / Kayak F,"PETRIKOVICS, Gyula",HUN,Men,C-2 1000m (canoe double),M,Silver
Mexico,1968,Canoe / Kayak,Canoe / Kayak F,"WICHMANN, Tamas",HUN,Men,C-2 1000m (canoe double),M,Silver
Mexico,1968,Canoe / Kayak,Canoe / Kayak F,"HANSEN, Erik Rosendahl",DEN,Men,K-1 1000m (kayak single),M,Bronze
Mexico,1968,Canoe / Kayak,Canoe / Kayak F,"HESZ, Mihaly",HUN,Men,K-1 1000m (kayak single),M,Gold
Mexico,1968,Canoe / Kayak,Canoe / Kayak F,"SHAPARENKO, Aleksandr",URS,Men,K-1 1000m (kayak single),M,Silver
Mexico,1968,Canoe / Kayak,Canoe / Kayak F,"DUMITRU, Viorica",ROU,Women,K-1 500m (kayak single),W,Bronze
Mexico,1968,Canoe / Kayak,Canoe / Kayak F,"KHVEDOSYUK-PINAEVA, Lyudmila",URS,Women,K-1 500m (kayak single),W,Gold
Mexico,1968,Canoe / Kayak,Canoe / Kayak F,"BREUER-DUKAT, Renate",FRG,Women,K-1 500m (kayak single),W,Silver
Mexico,1968,Canoe / Kayak,Canoe / Kayak F,"PFAFF, Günther",AUT,Men,K-2 1000m (kayak double),M,Bronze
Mexico,1968,Canoe / Kayak,Canoe / Kayak F,"SEIBOLD, Gerhard",AUT,Men,K-2 1000m (kayak double),M,Bronze
Mexico,1968,Canoe / Kayak,Canoe / Kayak F,"MOROZOV, Vladimir",URS,Men,K-2 1000m (kayak double),M,Gold
Mexico,1968,Canoe / Kayak,Canoe / Kayak F,"SHAPARENKO, Aleksandr",URS,Men,K-2 1000m (kayak double),M,Gold
Mexico,1968,Canoe / Kayak,Canoe / Kayak F,"GICZI, Csaba",HUN,Men,K-2 1000m (kayak double),M,Silver
Mexico,1968,Canoe / Kayak,Canoe / Kayak F,"TIMAR, Istvan",HUN,Men,K-2 1000m (kayak double),M,Silver
Mexico,1968,Canoe / Kayak,Canoe / Kayak F,"KHVEDOSYUK-PINAEVA, Lyudmila",URS,Women,K-2 500m (kayak double),W,Bronze
Mexico,1968,Canoe / Kayak,Canoe / Kayak F,"SEREDINA, Antonina",URS,Women,K-2 500m (kayak double),W,Bronze
Mexico,1968,Canoe / Kayak,Canoe / Kayak F,"ESSER, Roswitha",FRG,Women,K-2 500m (kayak double),W,Gold
Mexico,1968,Canoe / Kayak,Canoe / Kayak F,"ZIMMERMANN, Annemarie",FRG,Women,K-2 500m (kayak double),W,Gold
Mexico,1968,Canoe / Kayak,Canoe / Kayak F,"PFEFFER, Anna",HUN,Women,K-2 500m (kayak double),W,Silver
Mexico,1968,Canoe / Kayak,Canoe / Kayak F,"SAGI-ROZSNYOI, Katalin",HUN,Women,K-2 500m (kayak double),W,Silver
Mexico,1968,Canoe / Kayak,Canoe / Kayak F,"CSIZMADIA, Istvan",HUN,Men,K-4 1000m (kayak four),M,Bronze
Mexico,1968,Canoe / Kayak,Canoe / Kayak F,"GICZI, Csaba",HUN,Men,K-4 1000m (kayak four),M,Bronze
Mexico,1968,Canoe / Kayak,Canoe / Kayak F,"SZÖLLÖSI, Imre",HUN,Men,K-4 1000m (kayak four),M,Bronze
Mexico,1968,Canoe / Kayak,Canoe / Kayak F,"TIMAR, Istvan",HUN,Men,K-4 1000m (kayak four),M,Bronze
Mexico,1968,Canoe / Kayak,Canoe / Kayak F,"AMUNDSEN, Steinar",NOR,Men,K-4 1000m (kayak four),M,Gold
Mexico,1968,Canoe / Kayak,Canoe / Kayak F,"BERGER, Tore",NOR,Men,K-4 1000m (kayak four),M,Gold
Mexico,1968,Canoe / Kayak,Canoe / Kayak F,"JOHANSEN, Jan",NOR,Men,K-4 1000m (kayak four),M,Gold
Mexico,1968,Canoe / Kayak,Canoe / Kayak F,"SÖBY, Egil Wike",NOR,Men,K-4 1000m (kayak four),M,Gold
Mexico,1968,Canoe / Kayak,Canoe / Kayak F,"CALENIC, Anton",ROU,Men,K-4 1000m (kayak four),M,Silver
Mexico,1968,Canoe / Kayak,Canoe / Kayak F,"IVANOV, Dimitrie",ROU,Men,K-4 1000m (kayak four),M,Silver
Mexico,1968,Canoe / Kayak,Canoe / Kayak F,"IVANOV, Haralambie",ROU,Men,K-4 1000m (kayak four),M,Silver
Mexico,1968,Canoe / Kayak,Canoe / Kayak F,"TURCAS, Mihai",ROU,Men,K-4 1000m (kayak four),M,Silver
Mexico,1968,Cycling,Cycling Road,"PETTERSSON, Gösta A.B.",SWE,Men,individual road race,M,Bronze
Mexico,1968,Cycling,Cycling Road,"VIANELLI, Pierfranco",ITA,Men,individual road race,M,Gold
Mexico,1968,Cycling,Cycling Road,"MORTENSEN, Leif",DEN,Men,individual road race,M,Silver
Mexico,1968,Cycling,Cycling Road,"BRAMUCCI, Giovanni",ITA,Men,team time trial,M,Bronze
Mexico,1968,Cycling,Cycling Road,"MARCELLI, Vittorio",ITA,Men,team time trial,M,Bronze
Mexico,1968,Cycling,Cycling Road,"SIMONETTI, Mauro",ITA,Men,team time trial,M,Bronze
Mexico,1968,Cycling,Cycling Road,"VIANELLI, Pierfranco",ITA,Men,team time trial,M,Bronze
Mexico,1968,Cycling,Cycling Road,"DEN HERTOG, Fedor",NED,Men,team time trial,M,Gold
Mexico,1968,Cycling,Cycling Road,"KREKELS, Jan Jozef Alfons",NED,Men,team time trial,M,Gold
Mexico,1968,Cycling,Cycling Road,"PIJNEN, Rene Marinus",NED,Men,team time trial,M,Gold
Mexico,1968,Cycling,Cycling Road,"ZOETEMELK, Hendrik G. Jozef",NED,Men,team time trial,M,Gold
Mexico,1968,Cycling,Cycling Road,"FÄGLUM-PETTERSSON, Erik",SWE,Men,team time trial,M,Silver
Mexico,1968,Cycling,Cycling Road,"FÄGLUM-PETTERSSON, Sture",SWE,Men,team time trial,M,Silver
Mexico,1968,Cycling,Cycling Road,"FÄGLUM-PETTERSSON, Tomas",SWE,Men,team time trial,M,Silver
Mexico,1968,Cycling,Cycling Road,"PETTERSSON, Gösta A.B.",SWE,Men,team time trial,M,Silver
Mexico,1968,Cycling,Cycling Track,"KIERZKOWSKI, Janusz",POL,Men,1km time trial,M,Bronze
Mexico,1968,Cycling,Cycling Track,"TRENTIN, Pierre",FRA,Men,1km time trial,M,Gold
Mexico,1968,Cycling,Cycling Track,"FREDBORG, Niels Christian",DEN,Men,1km time trial,M,Silver
Mexico,1968,Cycling,Cycling Track,"GOENS, Daniel",BEL,Men,2000m tandem,M,Bronze
Mexico,1968,Cycling,Cycling Track,"VAN LANCKER, Robert",BEL,Men,2000m tandem,M,Bronze
Mexico,1968,Cycling,Cycling Track,"MORELON, Daniel",FRA,Men,2000m tandem,M,Gold
Mexico,1968,Cycling,Cycling Track,"TRENTIN, Pierre",FRA,Men,2000m tandem,M,Gold
Mexico,1968,Cycling,Cycling Track,"JANSEN, Johannes Hendrikus",NED,Men,2000m tandem,M,Silver
Mexico,1968,Cycling,Cycling Track,"LOEVESIJN, Leijn",NED,Men,2000m tandem,M,Silver
Mexico,1968,Cycling,Cycling Track,"KURMANN, Xaver",SUI,Men,Individual Pursuit,M,Bronze
Mexico,1968,Cycling,Cycling Track,"REBILLARD, Daniel",FRA,Men,Individual Pursuit,M,Gold
Mexico,1968,Cycling,Cycling Track,"JENSEN, Mogens Frey",DEN,Men,Individual Pursuit,M,Silver
Mexico,1968,Cycling,Cycling Track,"TRENTIN, Pierre",FRA,Men,Sprint indivual,M,Bronze
Mexico,1968,Cycling,Cycling Track,"MORELON, Daniel",FRA,Men,Sprint indivual,M,Gold
Mexico,1968,Cycling,Cycling Track,"TURRINI, Giordano",ITA,Men,Sprint indivual,M,Silver
Mexico,1968,Cycling,Cycling Track,"BOSISIO, Lorenzo",ITA,Men,Team Pursuit (4000m),M,Bronze
Mexico,1968,Cycling,Cycling Track,"CHEMELLO, Cipriano",ITA,Men,Team Pursuit (4000m),M,Bronze
Mexico,1968,Cycling,Cycling Track,"MORBIATO, Giorgio",ITA,Men,Team Pursuit (4000m),M,Bronze
Mexico,1968,Cycling,Cycling Track,"RONCAGLIA, Luigi",ITA,Men,Team Pursuit (4000m),M,Bronze
Mexico,1968,Cycling,Cycling Track,"ASMUSSEN, Gunnar Henry",DEN,Men,Team Pursuit (4000m),M,Gold
Mexico,1968,Cycling,Cycling Track,"JENSEN, Mogens Frey",DEN,Men,Team Pursuit (4000m),M,Gold
Mexico,1968,Cycling,Cycling Track,"JÖRGENSEN, Per Pedersen Lyngemark",DEN,Men,Team Pursuit (4000m),M,Gold
Mexico,1968,Cycling,Cycling Track,"OLSEN, Reno Bent",DEN,Men,Team Pursuit (4000m),M,Gold
Mexico,1968,Cycling,Cycling Track,"HEMPEL, Udo",FRG,Men,Team Pursuit (4000m),M,Silver
Mexico,1968,Cycling,Cycling Track,"HENRICHS, Karlheinz",FRG,Men,Team Pursuit (4000m),M,Silver
Mexico,1968,Cycling,Cycling Track,"KISSNER, Jürgen",FRG,Men,Team Pursuit (4000m),M,Silver
Mexico,1968,Cycling,Cycling Track,"LINK, Karl",FRG,Men,Team Pursuit (4000m),M,Silver
Mexico,1968,Equestrian,Dressage,"KLIMKE, Reiner",FRG,Men,individual,X,Bronze
Mexico,1968,Equestrian,Dressage,"KIZIMOV, Ivan",URS,Men,individual,X,Gold
Mexico,1968,Equestrian,Dressage,"NECKERMANN, Josef",FRG,Men,individual,X,Silver
Mexico,1968,Equestrian,Dressage,"CHAMMARTIN, Henri",SUI,Men,team,X,Bronze
Mexico,1968,Equestrian,Dressage,"FISCHER, Gustav",SUI,Men,team,X,Bronze
Mexico,1968,Equestrian,Dressage,"KLIMKE, Reiner",FRG,Men,team,X,Gold
Mexico,1968,Equestrian,Dressage,"NECKERMANN, Josef",FRG,Men,team,X,Gold
Mexico,1968,Equestrian,Dressage,"KALITA, Ivan",URS,Men,team,X,Silver
Mexico,1968,Equestrian,Dressage,"KIZIMOV, Ivan",URS,Men,team,X,Silver
Mexico,1968,Equestrian,Dressage,"GOSSWEILER, Marianne",SUI,Women,team,X,Bronze
Mexico,1968,Equestrian,Dressage,"LINSENHOFF, Liselott",FRG,Women,team,X,Gold
Mexico,1968,Equestrian,Dressage,"PETUSHKOVA, Elena",URS,Women,team,X,Silver
Mexico,1968,Equestrian,Eventing,"PAGE, Michael Owen",USA,Men,individual,X,Bronze
Mexico,1968,Equestrian,Eventing,"GUYON, Jean Jacques",FRA,Men,individual,X,Gold
Mexico,1968,Equestrian,Eventing,"ALLHUSEN, Derek Swithin",GBR,Men,individual,X,Silver
Mexico,1968,Equestrian,Eventing,"COBCROFT, Brian W.B.",AUS,Men,team,X,Bronze
Mexico,1968,Equestrian,Eventing,"ROYCROFT, Wayne",AUS,Men,team,X,Bronze
Mexico,1968,Equestrian,Eventing,"ROYCROFT, William",AUS,Men,team,X,Bronze
Mexico,1968,Equestrian,Eventing,"ALLHUSEN, Derek Swithin",GBR,Men,team,X,Gold
Mexico,1968,Equestrian,Eventing,"JONES, Reuben Samuel",GBR,Men,team,X,Gold
Mexico,1968,Equestrian,Eventing,"MEADE, Richard John Hanray",GBR,Men,team,X,Gold
Mexico,1968,Equestrian,Eventing,"PAGE, Michael Owen",USA,Men,team,X,Silver
Mexico,1968,Equestrian,Eventing,"PLUMB, John Michael",USA,Men,team,X,Silver
Mexico,1968,Equestrian,Eventing,"WOFFORD, James Cunningham",USA,Men,team,X,Silver
Mexico,1968,Equestrian,Jumping,"BROOME, David Mcpherson",GBR,Men,individual,X,Bronze
Mexico,1968,Equestrian,Jumping,"STEINKRAUS, William Clark",USA,Men,individual,X,Gold
Mexico,1968,Equestrian,Jumping,"COAKES, Marion Janice",GBR,Women,individual,X,Silver
Mexico,1968,Equestrian,Jumping,"SCHOCKEMÖHLE, Alwin",FRG,Men,team,X,Bronze
Mexico,1968,Equestrian,Jumping,"SCHRIDDE, Hermann",FRG,Men,team,X,Bronze
Mexico,1968,Equestrian,Jumping,"WINKLER, Hans Günter",FRG,Men,team,X,Bronze
Mexico,1968,Equestrian,Jumping,"DAY, James E.",CAN,Men,team,X,Gold
Mexico,1968,Equestrian,Jumping,"ELDER, Henry James",CAN,Men,team,X,Gold
Mexico,1968,Equestrian,Jumping,"GAYFORD, Thomas Franklin",CAN,Men,team,X,Gold
Mexico,1968,Equestrian,Jumping,"JONQUERES D'ORIOLA, Pierre",FRA,Men,team,X,Silver
Mexico,1968,Equestrian,Jumping,"ROZIER, Jean Marcel",FRA,Men,team,X,Silver
Mexico,1968,Equestrian,Jumping,"LEFEVRE, Janou",FRA,Women,team,X,Silver
Mexico,1968,Fencing,Fencing,"SACCARO, Gianluigi",ITA,Men,épée individual,M,Bronze
Mexico,1968,Fencing,Fencing,"KULCSAR, Gyözö",HUN,Men,épée individual,M,Gold
Mexico,1968,Fencing,Fencing,"KRISS, Grigori",URS,Men,épée individual,M,Silver
Mexico,1968,Fencing,Fencing,"ANDRZEJEWSKI, Bogdan",POL,Men,épée team,M,Bronze
Mexico,1968,Fencing,Fencing,"BARBURSKI, Kazimierz",POL,Men,épée team,M,Bronze
Mexico,1968,Fencing,Fencing,"BUTKIEWICZ, Michal",POL,Men,épée team,M,Bronze
Mexico,1968,Fencing,Fencing,"GONSIOR, Bogdan",POL,Men,épée team,M,Bronze
Mexico,1968,Fencing,Fencing,"NIELABA, Henryk",POL,Men,épée team,M,Bronze
Mexico,1968,Fencing,Fencing,"FENYVESI, Csaba",HUN,Men,épée team,M,Gold
Mexico,1968,Fencing,Fencing,"KULCSAR, Gyözö",HUN,Men,épée team,M,Gold
Mexico,1968,Fencing,Fencing,"NAGY, Pal",HUN,Men,épée team,M,Gold
Mexico,1968,Fencing,Fencing,"NEMERE, Zoltan",HUN,Men,épée team,M,Gold
Mexico,1968,Fencing,Fencing,"SCHMITT, Pal",HUN,Men,épée team,M,Gold
Mexico,1968,Fencing,Fencing,"KRISS, Grigori",URS,Men,épée team,M,Silver
Mexico,1968,Fencing,Fencing,"MODZALEVSKY, Viktor",URS,Men,épée team,M,Silver
Mexico,1968,Fencing,Fencing,"NIKANCHIKOV, Aleksei",URS,Men,épée team,M,Silver
Mexico,1968,Fencing,Fencing,"SMOLYAKOV, Yuri",URS,Men,épée team,M,Silver
Mexico,1968,Fencing,Fencing,"VITEBSKY, Iosif",URS,Men,épée team,M,Silver
Mexico,1968,Fencing,Fencing,"REVENU, Daniel",FRA,Men,foil individual,M,Bronze
Mexico,1968,Fencing,Fencing,"DRIMBA, Ion",ROU,Men,foil individual,M,Gold
Mexico,1968,Fencing,Fencing,"KAMUTI, Jenö",HUN,Men,foil individual,M,Silver
Mexico,1968,Fencing,Fencing,"REJTO-UJLAKI, Ildiko",HUN,Women,foil individual,W,Bronze
Mexico,1968,Fencing,Fencing,"NOVIKOVA-BELOVA, Elena",URS,Women,foil individual,W,Gold
Mexico,1968,Fencing,Fencing,"DEL PILAR ROLDAN TAPIA, Maria",MEX,Women,foil individual,W,Silver
Mexico,1968,Fencing,Fencing,"FRANKE, Egon",POL,Men,foil team,M,Bronze
Mexico,1968,Fencing,Fencing,"LISEWSKI, Adam",POL,Men,foil team,M,Bronze
Mexico,1968,Fencing,Fencing,"PARULSKI, Ryszard Wladyslaw",POL,Men,foil team,M,Bronze
Mexico,1968,Fencing,Fencing,"SKRUDLIK, Zbigniew",POL,Men,foil team,M,Bronze
Mexico,1968,Fencing,Fencing,"WOYDA, Witold",POL,Men,foil team,M,Bronze
Mexico,1968,Fencing,Fencing,"BEROLATTI, Gilles",FRA,Men,foil team,M,Gold
Mexico,1968,Fencing,Fencing,"DIMONT, Jacques",FRA,Men,foil team,M,Gold
Mexico,1968,Fencing,Fencing,"MAGNAN, Jean-Claude",FRA,Men,foil team,M,Gold
Mexico,1968,Fencing,Fencing,"NOËL, Christian",FRA,Men,foil team,M,Gold
Mexico,1968,Fencing,Fencing,"REVENU, Daniel",FRA,Men,foil team,M,Gold
Mexico,1968,Fencing,Fencing,"PUTYATIN, Viktor",URS,Men,foil team,M,Silver
Mexico,1968,Fencing,Fencing,"SHAROV, Yuri",URS,Men,foil team,M,Silver
Mexico,1968,Fencing,Fencing,"SISIKIN, Yuri",URS,Men,foil team,M,Silver
Mexico,1968,Fencing,Fencing,"STANKOVICH, Vasili",URS,Men,foil team,M,Silver
Mexico,1968,Fencing,Fencing,"SVESHNIKOV, German",URS,Men,foil team,M,Silver
Mexico,1968,Fencing,Fencing,"DERSIDAN-ENE-PASCU, Ana",ROU,Women,foil team,W,Bronze
Mexico,1968,Fencing,Fencing,"GYULAI-DRIMBA-JENEI, Ileana",ROU,Women,foil team,W,Bronze
Mexico,1968,Fencing,Fencing,"IENCIC-STAHL, Ecaterina Clara",ROU,Women,foil team,W,Bronze
Mexico,1968,Fencing,Fencing,"ORBAN-SZABO, Olga",ROU,Women,foil team,W,Bronze
Mexico,1968,Fencing,Fencing,"VICOL, Maria",ROU,Women,foil team,W,Bronze
Mexico,1968,Fencing,Fencing,"CHIRKOVA, Svetlana",URS,Women,foil team,W,Gold
Mexico,1968,Fencing,Fencing,"GOROKHOVA, Galina",URS,Women,foil team,W,Gold
Mexico,1968,Fencing,Fencing,"NOVIKOVA-BELOVA, Elena",URS,Women,foil team,W,Gold
Mexico,1968,Fencing,Fencing,"PETRENKO-SAMUSENKO, Tatyana",URS,Women,foil team,W,Gold
Mexico,1968,Fencing,Fencing,"ZABELINA, Aleksandra",URS,Women,foil team,W,Gold
Mexico,1968,Fencing,Fencing,"BOBIS-FERKASINSZKY, Ildiko",HUN,Women,foil team,W,Silver
Mexico,1968,Fencing,Fencing,"DÖMÖLKI-SAKOVICS, Lidia",HUN,Women,foil team,W,Silver
Mexico,1968,Fencing,Fencing,"JARMY, Maria",HUN,Women,foil team,W,Silver
Mexico,1968,Fencing,Fencing,"MAROSI-FOLDESI, Paula",HUN,Women,foil team,W,Silver
Mexico,1968,Fencing,Fencing,"REJTO-UJLAKI, Ildiko",HUN,Women,foil team,W,Silver
Mexico,1968,Fencing,Fencing,"PEZSA, Tibor",HUN,Men,sabre individual,M,Bronze
Mexico,1968,Fencing,Fencing,"PAWLOWSKI, Jerzy",POL,Men,sabre individual,M,Gold
Mexico,1968,Fencing,Fencing,"RAKITA, Mark",URS,Men,sabre individual,M,Silver
Mexico,1968,Fencing,Fencing,"BAKONYI, Peter",HUN,Men,sabre team,M,Bronze
Mexico,1968,Fencing,Fencing,"KALMAR, Janos",HUN,Men,sabre team,M,Bronze
Mexico,1968,Fencing,Fencing,"KOVACS, Tamas",HUN,Men,sabre team,M,Bronze
Mexico,1968,Fencing,Fencing,"MESZENA, Miklos",HUN,Men,sabre team,M,Bronze
Mexico,1968,Fencing,Fencing,"PEZSA, Tibor",HUN,Men,sabre team,M,Bronze
Mexico,1968,Fencing,Fencing,"MAVLIKHANOV, Umar",URS,Men,sabre team,M,Gold
Mexico,1968,Fencing,Fencing,"NAZLYMOV, Vladimir",URS,Men,sabre team,M,Gold
Mexico,1968,Fencing,Fencing,"RAKITA, Mark",URS,Men,sabre team,M,Gold
Mexico,1968,Fencing,Fencing,"SIDYAK, Viktor",URS,Men,sabre team,M,Gold
Mexico,1968,Fencing,Fencing,"VINOKUROV, Eduard",URS,Men,sabre team,M,Gold
Mexico,1968,Fencing,Fencing,"CALARESE, Wladimiro",ITA,Men,sabre team,M,Silver
Mexico,1968,Fencing,Fencing,"CHICCA, Pierluigi",ITA,Men,sabre team,M,Silver
Mexico,1968,Fencing,Fencing,"MAFFEI, Michele",ITA,Men,sabre team,M,Silver
Mexico,1968,Fencing,Fencing,"RIGOLI, Rolando",ITA,Men,sabre team,M,Silver
Mexico,1968,Fencing,Fencing,"SALVADORI, Cesare",ITA,Men,sabre team,M,Silver
Mexico,1968,Football,Football,"KAMAMOTO, Kunishige",JPN,Men,football,M,Bronze
Mexico,1968,Football,Football,"KAMATA, Mitsuo",JPN,Men,football,M,Bronze
Mexico,1968,Football,Football,"KATAYAMA, Hiroshi",JPN,Men,football,M,Bronze
Mexico,1968,Football,Football,"KUWAHARA, Yasuyuki",JPN,Men,football,M,Bronze
Mexico,1968,Football,Football,"MATSUMOTO, Ikuo",JPN,Men,football,M,Bronze
Mexico,1968,Football,Football,"MIYAMOTO, Masakatsu",JPN,Men,football,M,Bronze
Mexico,1968,Football,Football,"MIYAMOTO, Teruki",JPN,Men,football,M,Bronze
Mexico,1968,Football,Football,"MORI, Takaji",JPN,Men,football,M,Bronze
Mexico,1968,Football,Football,"OGI, Aritatsu",JPN,Men,football,M,Bronze
Mexico,1968,Football,Football,"OKANO, Shun-Ichiro",JPN,Men,football,M,Bronze
Mexico,1968,Football,Football,"SUGIYAMA, Ryuichi",JPN,Men,football,M,Bronze
Mexico,1968,Football,Football,"WATANABE, Masashi",JPN,Men,football,M,Bronze
Mexico,1968,Football,Football,"YAEGASHI, Shigeo",JPN,Men,football,M,Bronze
Mexico,1968,Football,Football,"YAMAGUCHI, Yoshitada",JPN,Men,football,M,Bronze
Mexico,1968,Football,Football,"YOKOYAMA, Kenzo",JPN,Men,football,M,Bronze
Mexico,1968,Football,Football,"YUGUCHI, Eizo",JPN,Men,football,M,Bronze
Mexico,1968,Football,Football,"BASTI, Istvan",HUN,Men,football,M,Gold
Mexico,1968,Football,Football,"DRESTYAK-DUNAI, Lajos",HUN,Men,football,M,Gold
Mexico,1968,Football,Football,"DUNAI, Antal",HUN,Men,football,M,Gold
Mexico,1968,Football,Football,"FATER, Karoly",HUN,Men,football,M,Gold
Mexico,1968,Football,Football,"FAZEKAS, Laszlo",HUN,Men,football,M,Gold
Mexico,1968,Football,Football,"JUHASZ, Istvan",HUN,Men,football,M,Gold
Mexico,1968,Football,Football,"KEGLOVICS, Laszlo",HUN,Men,football,M,Gold
Mexico,1968,Football,Football,"KOCSIS, Lajos",HUN,Men,football,M,Gold
Mexico,1968,Football,Football,"MENCZEL, Ivan",HUN,Men,football,M,Gold
Mexico,1968,Football,Football,"NAGY, Laszlo",HUN,Men,football,M,Gold
Mexico,1968,Football,Football,"NOSKO, Erno",HUN,Men,football,M,Gold
Mexico,1968,Football,Football,"NOVAK, Dezsö",HUN,Men,football,M,Gold
Mexico,1968,Football,Football,"PANCSICS, Miklos",HUN,Men,football,M,Gold
Mexico,1968,Football,Football,"SARKÖZI, Gabor",HUN,Men,football,M,Gold
Mexico,1968,Football,Football,"SZALAI, Miklos",HUN,Men,football,M,Gold
Mexico,1968,Football,Football,"SZARKA, Zoltan",HUN,Men,football,M,Gold
Mexico,1968,Football,Football,"SZUCS, Lajos",HUN,Men,football,M,Gold
Mexico,1968,Football,Football,"CHRISTAKIEV, Georghi",BUL,Men,football,M,Silver
Mexico,1968,Football,Football,"CHRISTOV, Atanas",BUL,Men,football,M,Silver
Mexico,1968,Football,Football,"CHRISTOV, Kiril",BUL,Men,football,M,Silver
Mexico,1968,Football,Football,"DIMITROV, Tzvetan",BUL,Men,football,M,Silver
Mexico,1968,Football,Football,"DIMITROV, Yantcho",BUL,Men,football,M,Silver
Mexico,1968,Football,Football,"DONEV, Asparukh",BUL,Men,football,M,Silver
Mexico,1968,Football,Football,"GAYDARSKI, Milko",BUL,Men,football,M,Silver
Mexico,1968,Football,Football,"GEORGIEV, Ivailo",BUL,Men,football,M,Silver
Mexico,1968,Football,Football,"GEROV, Atanas",BUL,Men,football,M,Silver
Mexico,1968,Football,Football,"GIONIN, Mikhail",BUL,Men,football,M,Silver
Mexico,1968,Football,Football,"IVANOV, Georghi",BUL,Men,football,M,Silver
Mexico,1968,Football,Football,"IVKOV, Kiril",BUL,Men,football,M,Silver
Mexico,1968,Football,Football,"JEKOV, Petar",BUL,Men,football,M,Silver
Mexico,1968,Football,Football,"NIKOLOV, Todor",BUL,Men,football,M,Silver
Mexico,1968,Football,Football,"VASSILEV, Georghi",BUL,Men,football,M,Silver
Mexico,1968,Football,Football,"YANTCHOVSKI, Evgeni",BUL,Men,football,M,Silver
Mexico,1968,Football,Football,"YORDANOV, Stoyan",BUL,Men,football,M,Silver
Mexico,1968,Football,Football,"ZAFIROV, Ivan",BUL,Men,football,M,Silver
Mexico,1968,Gymnastics,Artistic G.,"PETRIK, Larisa",URS,Women,balance beam,W,Bronze
Mexico,1968,Gymnastics,Artistic G.,"KUCHINSKAYA, Natalya",URS,Women,balance beam,W,Gold
Mexico,1968,Gymnastics,Artistic G.,"CASLAVSKA, Vera",TCH,Women,balance beam,W,Silver
Mexico,1968,Gymnastics,Artistic G.,"KATO, Takeshi",JPN,Men,floor exercises,M,Bronze
Mexico,1968,Gymnastics,Artistic G.,"KATO, Sawao",JPN,Men,floor exercises,M,Gold
Mexico,1968,Gymnastics,Artistic G.,"NAKAYAMA, Akinori",JPN,Men,floor exercises,M,Silver
Mexico,1968,Gymnastics,Artistic G.,"KUCHINSKAYA, Natalya",URS,Women,floor exercises,W,Bronze
Mexico,1968,Gymnastics,Artistic G.,"CASLAVSKA, Vera",TCH,Women,floor exercises,W,Gold
Mexico,1968,Gymnastics,Artistic G.,"PETRIK, Larisa",URS,Women,floor exercises,W,Gold
Mexico,1968,Gymnastics,Artistic G.,"KENMOTSU, Eizo",JPN,Men,horizontal bar,M,Bronze
Mexico,1968,Gymnastics,Artistic G.,"NAKAYAMA, Akinori",JPN,Men,horizontal bar,M,Gold
Mexico,1968,Gymnastics,Artistic G.,"VORONIN, Mikhail",URS,Men,horizontal bar,M,Gold
Mexico,1968,Gymnastics,Artistic G.,"NAKAYAMA, Akinori",JPN,Men,individual all-round,M,Bronze
Mexico,1968,Gymnastics,Artistic G.,"KATO, Sawao",JPN,Men,individual all-round,M,Gold
Mexico,1968,Gymnastics,Artistic G.,"VORONIN, Mikhail",URS,Men,individual all-round,M,Silver
Mexico,1968,Gymnastics,Artistic G.,"KUCHINSKAYA, Natalya",URS,Women,individual all-round,W,Bronze
Mexico,1968,Gymnastics,Artistic G.,"CASLAVSKA, Vera",TCH,Women,individual all-round,W,Gold
Mexico,1968,Gymnastics,Artistic G.,"VORONINA, Zinaida",URS,Women,individual all-round,W,Silver
Mexico,1968,Gymnastics,Artistic G.,"KLIMENKO, Viktor",URS,Men,parallel bars,M,Bronze
Mexico,1968,Gymnastics,Artistic G.,"NAKAYAMA, Akinori",JPN,Men,parallel bars,M,Gold
Mexico,1968,Gymnastics,Artistic G.,"VORONIN, Mikhail",URS,Men,parallel bars,M,Silver
Mexico,1968,Gymnastics,Artistic G.,"VORONIN, Mikhail",URS,Men,pommel horse,M,Bronze
Mexico,1968,Gymnastics,Artistic G.,"CERAR, Miroslav",YUG,Men,pommel horse,M,Gold
Mexico,1968,Gymnastics,Artistic G.,"LAIHO, Olli Eino",FIN,Men,pommel horse,M,Silver
Mexico,1968,Gymnastics,Artistic G.,"KATO, Sawao",JPN,Men,rings,M,Bronze
Mexico,1968,Gymnastics,Artistic G.,"NAKAYAMA, Akinori",JPN,Men,rings,M,Gold
Mexico,1968,Gymnastics,Artistic G.,"VORONIN, Mikhail",URS,Men,rings,M,Silver
Mexico,1968,Gymnastics,Artistic G.,"BEIER, Günter",GDR,Men,team competition,M,Bronze
Mexico,1968,Gymnastics,Artistic G.,"BREHME, Matthias",GDR,Men,team competition,M,Bronze
Mexico,1968,Gymnastics,Artistic G.,"DIETRICH, Gerhard",GDR,Men,team competition,M,Bronze
Mexico,1968,Gymnastics,Artistic G.,"FÜLLE, Siegfried",GDR,Men,team competition,M,Bronze
Mexico,1968,Gymnastics,Artistic G.,"KÖSTE, Klaus",GDR,Men,team competition,M,Bronze
Mexico,1968,Gymnastics,Artistic G.,"WEBER, Peter",GDR,Men,team competition,M,Bronze
Mexico,1968,Gymnastics,Artistic G.,"ENDO, Yukio",JPN,Men,team competition,M,Gold
Mexico,1968,Gymnastics,Artistic G.,"KATO, Sawao",JPN,Men,team competition,M,Gold
Mexico,1968,Gymnastics,Artistic G.,"KATO, Takeshi",JPN,Men,team competition,M,Gold
Mexico,1968,Gymnastics,Artistic G.,"KENMOTSU, Eizo",JPN,Men,team competition,M,Gold
Mexico,1968,Gymnastics,Artistic G.,"NAKAYAMA, Akinori",JPN,Men,team competition,M,Gold
Mexico,1968,Gymnastics,Artistic G.,"TSUKAHARA, Mitsuo",JPN,Men,team competition,M,Gold
Mexico,1968,Gymnastics,Artistic G.,"DIOMIDOV, Sergei",URS,Men,team competition,M,Silver
Mexico,1968,Gymnastics,Artistic G.,"ILYINYKH, Valeri",URS,Men,team competition,M,Silver
Mexico,1968,Gymnastics,Artistic G.,"KARASEV, Valeri",URS,Men,team competition,M,Silver
Mexico,1968,Gymnastics,Artistic G.,"KLIMENKO, Viktor",URS,Men,team competition,M,Silver
Mexico,1968,Gymnastics,Artistic G.,"LISITSKY, Viktor",URS,Men,team competition,M,Silver
Mexico,1968,Gymnastics,Artistic G.,"VORONIN, Mikhail",URS,Men,team competition,M,Silver
Mexico,1968,Gymnastics,Artistic G.,"BAUERSCHMIDT, Maritta",GDR,Women,team competition,W,Bronze
Mexico,1968,Gymnastics,Artistic G.,"JANZ, Karin",GDR,Women,team competition,W,Bronze
Mexico,1968,Gymnastics,Artistic G.,"NOACK, Marianne",GDR,Women,team competition,W,Bronze
Mexico,1968,Gymnastics,Artistic G.,"SCHMIDT, Magdalena",GDR,Women,team competition,W,Bronze
Mexico,1968,Gymnastics,Artistic G.,"STARKE, Ute",GDR,Women,team competition,W,Bronze
Mexico,1968,Gymnastics,Artistic G.,"ZUCHOLD, Erika",GDR,Women,team competition,W,Bronze
Mexico,1968,Gymnastics,Artistic G.,"BURDA, Lyubov",URS,Women,team competition,W,Gold
Mexico,1968,Gymnastics,Artistic G.,"KARASEVA, Olga",URS,Women,team competition,W,Gold
Mexico,1968,Gymnastics,Artistic G.,"KUCHINSKAYA, Natalya",URS,Women,team competition,W,Gold
Mexico,1968,Gymnastics,Artistic G.,"PETRIK, Larisa",URS,Women,team competition,W,Gold
Mexico,1968,Gymnastics,Artistic G.,"TURISCHEVA, Lyudmila",URS,Women,team competition,W,Gold
Mexico,1968,Gymnastics,Artistic G.,"VORONINA, Zinaida",URS,Women,team competition,W,Gold
Mexico,1968,Gymnastics,Artistic G.,"CASLAVSKA, Vera",TCH,Women,team competition,W,Silver
Mexico,1968,Gymnastics,Artistic G.,"KRAJCIROVA-NEMETHOVA, Mariana",TCH,Women,team competition,W,Silver
Mexico,1968,Gymnastics,Artistic G.,"LISKOVA, Hana",TCH,Women,team competition,W,Silver
Mexico,1968,Gymnastics,Artistic G.,"POSNEROVA-KUBICKOVA, Jana",TCH,Women,team competition,W,Silver
Mexico,1968,Gymnastics,Artistic G.,"RIMNACOVA, Bohmila",TCH,Women,team competition,W,Silver
Mexico,1968,Gymnastics,Artistic G.,"SKLENICKOVA, Miroslava",TCH,Women,team competition,W,Silver
Mexico,1968,Gymnastics,Artistic G.,"VORONINA, Zinaida",URS,Women,uneven bars,W,Bronze
Mexico,1968,Gymnastics,Artistic G.,"CASLAVSKA, Vera",TCH,Women,uneven bars,W,Gold
Mexico,1968,Gymnastics,Artistic G.,"JANZ, Karin",GDR,Women,uneven bars,W,Silver
Mexico,1968,Gymnastics,Artistic G.,"DIOMIDOV, Sergei",URS,Men,vault,M,Bronze
Mexico,1968,Gymnastics,Artistic G.,"VORONIN, Mikhail",URS,Men,vault,M,Gold
Mexico,1968,Gymnastics,Artistic G.,"ENDO, Yukio",JPN,Men,vault,M,Silver
Mexico,1968,Gymnastics,Artistic G.,"VORONINA, Zinaida",URS,Women,vault,W,Bronze
Mexico,1968,Gymnastics,Artistic G.,"CASLAVSKA, Vera",TCH,Women,vault,W,Gold
Mexico,1968,Gymnastics,Artistic G.,"ZUCHOLD, Erika",GDR,Women,vault,W,Silver
Mexico,1968,Hockey,Hockey,"CHRISTY, Rajendra Absolem",IND,Men,hockey,M,Bronze
Mexico,1968,Hockey,Hockey,"PERUMAL, Krishnanurthy",IND,Men,hockey,M,Bronze
Mexico,1968,Hockey,Hockey,"PETER, John Victor",IND,Men,hockey,M,Bronze
Mexico,1968,Hockey,Hockey,"REHAMAN, Inamur",IND,Men,hockey,M,Bronze
Mexico,1968,Hockey,Hockey,"SAIT, Munir",IND,Men,hockey,M,Bronze
Mexico,1968,Hockey,Hockey,"SINGH, Ajitpal",IND,Men,hockey,M,Bronze
Mexico,1968,Hockey,Hockey,"SINGH, Balbir I",IND,Men,hockey,M,Bronze
Mexico,1968,Hockey,Hockey,"SINGH, Balbir II",IND,Men,hockey,M,Bronze
Mexico,1968,Hockey,Hockey,"SINGH, Balbir III",IND,Men,hockey,M,Bronze
Mexico,1968,Hockey,Hockey,"SINGH, Gurbux",IND,Men,hockey,M,Bronze
Mexico,1968,Hockey,Hockey,"SINGH, Harbinder",IND,Men,hockey,M,Bronze
Mexico,1968,Hockey,Hockey,"SINGH, Harmik",IND,Men,hockey,M,Bronze
Mexico,1968,Hockey,Hockey,"SINGH, Inder",IND,Men,hockey,M,Bronze
Mexico,1968,Hockey,Hockey,"SINGH, Prithipal",IND,Men,hockey,M,Bronze
Mexico,1968,Hockey,Hockey,"SINGH, Tarsem",IND,Men,hockey,M,Bronze
Mexico,1968,Hockey,Hockey,"ABDUL, Rashid III",PAK,Men,hockey,M,Gold
Mexico,1968,Hockey,Hockey,"BUTT, Jahangir Ahmad",PAK,Men,hockey,M,Gold
Mexico,1968,Hockey,Hockey,"DAR, Tanwir Ahmed",PAK,Men,hockey,M,Gold
Mexico,1968,Hockey,Hockey,"GULREZ, Akhtar",PAK,Men,hockey,M,Gold
Mexico,1968,Hockey,Hockey,"KHALID, Mahmud Hussain",PAK,Men,hockey,M,Gold
Mexico,1968,Hockey,Hockey,"MALIK, Muhammad Azam",PAK,Men,hockey,M,Gold
Mexico,1968,Hockey,Hockey,"MUHAMMAD, Ashfaq",PAK,Men,hockey,M,Gold
Mexico,1968,Hockey,Hockey,"NIAZI, Tariq",PAK,Men,hockey,M,Gold
Mexico,1968,Hockey,Hockey,"RIAZ, Ahmad",PAK,Men,hockey,M,Gold
Mexico,1968,Hockey,Hockey,"RIAZ, Ud Din",PAK,Men,hockey,M,Gold
Mexico,1968,Hockey,Hockey,"SAEED, Anwar",PAK,Men,hockey,M,Gold
Mexico,1968,Hockey,Hockey,"TARIQ, Aziz",PAK,Men,hockey,M,Gold
Mexico,1968,Hockey,Hockey,"ZAKIR, Hussain",PAK,Men,hockey,M,Gold
Mexico,1968,Hockey,Hockey,"DEARING, Paul",AUS,Men,hockey,M,Silver
Mexico,1968,Hockey,Hockey,"EVANS, Raymond",AUS,Men,hockey,M,Silver
Mexico,1968,Hockey,Hockey,"GLENCROSS, Brian",AUS,Men,hockey,M,Silver
Mexico,1968,Hockey,Hockey,"HAIGH, Robert",AUS,Men,hockey,M,Silver
Mexico,1968,Hockey,Hockey,"MARTIN, Donald",AUS,Men,hockey,M,Silver
Mexico,1968,Hockey,Hockey,"MASON, James",AUS,Men,hockey,M,Silver
Mexico,1968,Hockey,Hockey,"NILAN, Patrick",AUS,Men,hockey,M,Silver
Mexico,1968,Hockey,Hockey,"PEARCE, Eric Robert",AUS,Men,hockey,M,Silver
Mexico,1968,Hockey,Hockey,"PEARCE, Gordon Charles",AUS,Men,hockey,M,Silver
Mexico,1968,Hockey,Hockey,"PEARCE, Julian",AUS,Men,hockey,M,Silver
Mexico,1968,Hockey,Hockey,"PIPER, Desmond",AUS,Men,hockey,M,Silver
Mexico,1968,Hockey,Hockey,"QUINE, Fred",AUS,Men,hockey,M,Silver
Mexico,1968,Hockey,Hockey,"RILEY, Ronald",AUS,Men,hockey,M,Silver
Mexico,1968,Hockey,Hockey,"SMART, Donald",AUS,Men,hockey,M,Silver
Mexico,1968,Modern Pentathlon,Modern Pentath.,"LEDNEV, Pavel",URS,Men,Individual competition,M,Bronze
Mexico,1968,Modern Pentathlon,Modern Pentath.,"FERM, Björn",SWE,Men,Individual competition,M,Gold
Mexico,1968,Modern Pentathlon,Modern Pentath.,"BALCZO, Andras",HUN,Men,Individual competition,M,Silver
Mexico,1968,Modern Pentathlon,Modern Pentath.,"GIUDICELLI, Jean-Pierre",FRA,Men,Team competition,M,Bronze
Mexico,1968,Modern Pentathlon,Modern Pentath.,"GUEGUEN, Raoul",FRA,Men,Team competition,M,Bronze
Mexico,1968,Modern Pentathlon,Modern Pentath.,"GUIGUET, Lucien",FRA,Men,Team competition,M,Bronze
Mexico,1968,Modern Pentathlon,Modern Pentath.,"BALCZO, Andras",HUN,Men,Team competition,M,Gold
Mexico,1968,Modern Pentathlon,Modern Pentath.,"MONA, Istvan",HUN,Men,Team competition,M,Gold
Mexico,1968,Modern Pentathlon,Modern Pentath.,"TÖRÖK, Ferenc",HUN,Men,Team competition,M,Gold
Mexico,1968,Modern Pentathlon,Modern Pentath.,"LEDNEV, Pavel",URS,Men,Team competition,M,Silver
Mexico,1968,Modern Pentathlon,Modern Pentath.,"ONISHENKO, Boris",URS,Men,Team competition,M,Silver
Mexico,1968,Modern Pentathlon,Modern Pentath.,"SHAPARNIS, Stasis",URS,Men,Team competition,M,Silver
Mexico,1968,Rowing,Rowing,"CHRISTIANSEN, Peter Fich",DEN,Men,coxless pair (2-),M,Bronze
Mexico,1968,Rowing,Rowing,"LARSEN, Ib Ivan",DEN,Men,coxless pair (2-),M,Bronze
Mexico,1968,Rowing,Rowing,"BOTHE, Heinz-Jürgen",GDR,Men,coxless pair (2-),M,Gold
Mexico,1968,Rowing,Rowing,"LUCKE, Jörg",GDR,Men,coxless pair (2-),M,Gold
Mexico,1968,Rowing,Rowing,"HOUGH, Lawrence Alan",USA,Men,coxless pair (2-),M,Silver
Mexico,1968,Rowing,Rowing,"JOHNSON, Philip Anthony",USA,Men,coxless pair (2-),M,Silver
Mexico,1968,Rowing,Rowing,"MAHER, William Patrick",USA,Men,double sculls (2x),M,Bronze
Mexico,1968,Rowing,Rowing,"NUNN, John Hamann",USA,Men,double sculls (2x),M,Bronze
Mexico,1968,Rowing,Rowing,"SASS, Anatoli",URS,Men,double sculls (2x),M,Gold
Mexico,1968,Rowing,Rowing,"TIMOSHININ, Aleksandr",URS,Men,double sculls (2x),M,Gold
Mexico,1968,Rowing,Rowing,"DROOG, Henricus Antonius",NED,Men,double sculls (2x),M,Silver
Mexico,1968,Rowing,Rowing,"VAN DIS, Leendert Frans",NED,Men,double sculls (2x),M,Silver
Mexico,1968,Rowing,Rowing,"BOGDANAVICHUS, Antanas",URS,Men,eight with coxswain (8+),M,Bronze
Mexico,1968,Rowing,Rowing,"BRIEDIS, Vitautas Julius",URS,Men,eight with coxswain (8+),M,Bronze
Mexico,1968,Rowing,Rowing,"KRAVCHUK, Valentin",URS,Men,eight with coxswain (8+),M,Bronze
Mexico,1968,Rowing,Rowing,"LORENTSON, Yuri",URS,Men,eight with coxswain (8+),M,Bronze
Mexico,1968,Rowing,Rowing,"MARTISHKIN, Aleksandr",URS,Men,eight with coxswain (8+),M,Bronze
Mexico,1968,Rowing,Rowing,"STERLIK, Vladimir",URS,Men,eight with coxswain (8+),M,Bronze
Mexico,1968,Rowing,Rowing,"SUSLIN, Viktor",URS,Men,eight with coxswain (8+),M,Bronze
Mexico,1968,Rowing,Rowing,"YAGELAVICHUS, Yozanas",URS,Men,eight with coxswain (8+),M,Bronze
Mexico,1968,Rowing,Rowing,"YUKNA, Zigmas",URS,Men,eight with coxswain (8+),M,Bronze
Mexico,1968,Rowing,Rowing,"HENNING, Rüdiger",FRG,Men,eight with coxswain (8+),M,Gold
Mexico,1968,Rowing,Rowing,"HIRSCHFELDER, Egbert",FRG,Men,eight with coxswain (8+),M,Gold
Mexico,1968,Rowing,Rowing,"HOTTENROTT, Wolfgang",FRG,Men,eight with coxswain (8+),M,Gold
Mexico,1968,Rowing,Rowing,"MEYER, Horst",FRG,Men,eight with coxswain (8+),M,Gold
Mexico,1968,Rowing,Rowing,"OTT, Nikolaus",FRG,Men,eight with coxswain (8+),M,Gold
Mexico,1968,Rowing,Rowing,"SCHREYER, Dirk",FRG,Men,eight with coxswain (8+),M,Gold
Mexico,1968,Rowing,Rowing,"SIEBERT, Jörg",FRG,Men,eight with coxswain (8+),M,Gold
Mexico,1968,Rowing,Rowing,"TIERSCH, Günther",FRG,Men,eight with coxswain (8+),M,Gold
Mexico,1968,Rowing,Rowing,"ULBRICHT, Lutz",FRG,Men,eight with coxswain (8+),M,Gold
Mexico,1968,Rowing,Rowing,"DICKSON, Peter",AUS,Men,eight with coxswain (8+),M,Silver
Mexico,1968,Rowing,Rowing,"DOUGLAS, David",AUS,Men,eight with coxswain (8+),M,Silver
Mexico,1968,Rowing,Rowing,"DUVAL, Alfred W.",AUS,Men,eight with coxswain (8+),M,Silver
Mexico,1968,Rowing,Rowing,"FAZIO, Joseph",AUS,Men,eight with coxswain (8+),M,Silver
Mexico,1968,Rowing,Rowing,"GROVER, Alan Geoffrey",AUS,Men,eight with coxswain (8+),M,Silver
Mexico,1968,Rowing,Rowing,"MORGAN, Michael Dennis",AUS,Men,eight with coxswain (8+),M,Silver
Mexico,1968,Rowing,Rowing,"PEARCE, Gary Malcolm",AUS,Men,eight with coxswain (8+),M,Silver
Mexico,1968,Rowing,Rowing,"RANCH, John",AUS,Men,eight with coxswain (8+),M,Silver
Mexico,1968,Rowing,Rowing,"SHIRLAW, Robert Alan",AUS,Men,eight with coxswain (8+),M,Silver
Mexico,1968,Rowing,Rowing,"ALBINI, Abramo",ITA,Men,four without coxswain (4-),M,Bronze
Mexico,1968,Rowing,Rowing,"BARAGLIA, Tullio",ITA,Men,four without coxswain (4-),M,Bronze
Mexico,1968,Rowing,Rowing,"BOSATTA, Renato",ITA,Men,four without coxswain (4-),M,Bronze
Mexico,1968,Rowing,Rowing,"CONTI-MANZINI, Pier Angelo",ITA,Men,four without coxswain (4-),M,Bronze
Mexico,1968,Rowing,Rowing,"FORBERGER, Frank",GDR,Men,four without coxswain (4-),M,Gold
Mexico,1968,Rowing,Rowing,"GRAHN, Dieter",GDR,Men,four without coxswain (4-),M,Gold
Mexico,1968,Rowing,Rowing,"RÜHLE, Frank",GDR,Men,four without coxswain (4-),M,Gold
Mexico,1968,Rowing,Rowing,"SCHUBERT, Dieter",GDR,Men,four without coxswain (4-),M,Gold
Mexico,1968,Rowing,Rowing,"CSERMELY, Jozsef",HUN,Men,four without coxswain (4-),M,Silver
Mexico,1968,Rowing,Rowing,"MELIOS, Zoltan",HUN,Men,four without coxswain (4-),M,Silver
Mexico,1968,Rowing,Rowing,"MELIS, Antal",HUN,Men,four without coxswain (4-),M,Silver
Mexico,1968,Rowing,Rowing,"SARLOS, György",HUN,Men,four without coxswain (4-),M,Silver
Mexico,1968,Rowing,Rowing,"BOLLIGER, Peter",SUI,Men,four-oared shell with coxswain (4-),M,Bronze
Mexico,1968,Rowing,Rowing,"FRÖHLICH, Gottlieb",SUI,Men,four-oared shell with coxswain (4-),M,Bronze
Mexico,1968,Rowing,Rowing,"GROB, Jakob",SUI,Men,four-oared shell with coxswain (4-),M,Bronze
Mexico,1968,Rowing,Rowing,"OSWALD, Denis",SUI,Men,four-oared shell with coxswain (4-),M,Bronze
Mexico,1968,Rowing,Rowing,"WASER, Hugo",SUI,Men,four-oared shell with coxswain (4-),M,Bronze
Mexico,1968,Rowing,Rowing,"COLE, Warren Joseph",NZL,Men,four-oared shell with coxswain (4-),M,Gold
Mexico,1968,Rowing,Rowing,"COLLINGE, Ross Hounsell",NZL,Men,four-oared shell with coxswain (4-),M,Gold
