Antwerp,1920,Shooting,Shooting,"WIDMER, Caspar",SUI,Men,"free rifle, team",M,Bronze
Antwerp,1920,Shooting,Shooting,"FENTON, Dennis",USA,Men,"free rifle, team",M,Gold
Antwerp,1920,Shooting,Shooting,"FISHER, Morris",USA,Men,"free rifle, team",M,Gold
Antwerp,1920,Shooting,Shooting,"LEE, Willis",USA,Men,"free rifle, team",M,Gold
Antwerp,1920,Shooting,Shooting,"OSBURN, Carl Townsend",USA,Men,"free rifle, team",M,Gold
Antwerp,1920,Shooting,Shooting,"SPOONER, Lloyd Spencer",USA,Men,"free rifle, team",M,Gold
Antwerp,1920,Shooting,Shooting,"LARSEN, Ludvig",NOR,Men,"free rifle, team",M,Silver
Antwerp,1920,Shooting,Shooting,"NATVIG, Harald",NOR,Men,"free rifle, team",M,Silver
Antwerp,1920,Shooting,Shooting,"OLSEN, Otto M.",NOR,Men,"free rifle, team",M,Silver
Antwerp,1920,Shooting,Shooting,"ÖSTENSEN, Östen",NOR,Men,"free rifle, team",M,Silver
Antwerp,1920,Shooting,Shooting,"SLETTEN, Olaf",NOR,Men,"free rifle, team",M,Silver
Antwerp,1920,Shooting,Shooting,"WRIGHT, Frank",USA,Men,trap (125 targets),M,Bronze
Antwerp,1920,Shooting,Shooting,"ARIE, Mark",USA,Men,trap (125 targets),M,Gold
Antwerp,1920,Shooting,Shooting,"TROEH, Frank",USA,Men,trap (125 targets),M,Silver
Antwerp,1920,Skating,Figure skating,"STIXRUD, Martin",NOR,Men,individual,M,Bronze
Antwerp,1920,Skating,Figure skating,"GRAFSTRÖM, Gillis",SWE,Men,individual,M,Gold
Antwerp,1920,Skating,Figure skating,"KROGH, Andreas",NOR,Men,individual,M,Silver
Antwerp,1920,Skating,Figure skating,"BLANCHARD, Theresa",USA,Women,individual,W,Bronze
Antwerp,1920,Skating,Figure skating,"JULIN-MAUROY, Magda",SWE,Women,individual,W,Gold
Antwerp,1920,Skating,Figure skating,"NOREN, Svea",SWE,Women,individual,W,Silver
Antwerp,1920,Skating,Figure skating,"WILLIAMS, Basil",GBR,Men,pairs,X,Bronze
Antwerp,1920,Skating,Figure skating,"JAKOBSSON, Walter",FIN,Men,pairs,X,Gold
Antwerp,1920,Skating,Figure skating,"BRYN, Yngvar",NOR,Men,pairs,X,Silver
Antwerp,1920,Skating,Figure skating,"JOHNSON, Phyllis",GBR,Women,pairs,X,Bronze
Antwerp,1920,Skating,Figure skating,"JAKOBSSON, Ludowika",FIN,Women,pairs,X,Gold
Antwerp,1920,Skating,Figure skating,"BRYN, Alexia",NOR,Women,pairs,X,Silver
Antwerp,1920,Tennis,Tennis,"ALBARRAN, Pierre",FRA,Men,doubles,M,Bronze
Antwerp,1920,Tennis,Tennis,"DECUGIS, Max",FRA,Men,doubles,M,Bronze
Antwerp,1920,Tennis,Tennis,"TURNBULL, Oswald Graham Noel",GBR,Men,doubles,M,Gold
Antwerp,1920,Tennis,Tennis,"WOOSNAM, Maxwell",GBR,Men,doubles,M,Gold
Antwerp,1920,Tennis,Tennis,"KASHIO, Seiichiro",JPN,Men,doubles,M,Silver
Antwerp,1920,Tennis,Tennis,"KUMAGAE, Ichiya",JPN,Men,doubles,M,Silver
Antwerp,1920,Tennis,Tennis,"D'AYEN, Elisabeth",FRA,Women,doubles,W,Bronze
Antwerp,1920,Tennis,Tennis,"LENGLEN, Suzanne",FRA,Women,doubles,W,Bronze
Antwerp,1920,Tennis,Tennis,"MCKANE, Kathleen",GBR,Women,doubles,W,Gold
Antwerp,1920,Tennis,Tennis,"MCNAIR, Winifred Margaret",GBR,Women,doubles,W,Gold
Antwerp,1920,Tennis,Tennis,"BEAMISH, Winifred Geraldine",GBR,Women,doubles,W,Silver
Antwerp,1920,Tennis,Tennis,"HOLMAN, Edith Dorothy",GBR,Women,doubles,W,Silver
Antwerp,1920,Tennis,Tennis,"ZEMLA, Ladislav",TCH,Men,mixed doubles,X,Bronze
Antwerp,1920,Tennis,Tennis,"DECUGIS, Max",FRA,Men,mixed doubles,X,Gold
Antwerp,1920,Tennis,Tennis,"WOOSNAM, Maxwell",GBR,Men,mixed doubles,X,Silver
Antwerp,1920,Tennis,Tennis,"SKRBKOVA, Milada",TCH,Women,mixed doubles,X,Bronze
Antwerp,1920,Tennis,Tennis,"LENGLEN, Suzanne",FRA,Women,mixed doubles,X,Gold
Antwerp,1920,Tennis,Tennis,"MCKANE, Kathleen",GBR,Women,mixed doubles,X,Silver
Antwerp,1920,Tennis,Tennis,"WINSLOW, Charles Lyndhurst",RSA,Men,singles,M,Bronze
Antwerp,1920,Tennis,Tennis,"RAYMOND, Louis",RSA,Men,singles,M,Gold
Antwerp,1920,Tennis,Tennis,"KUMAGAE, Ichiya",JPN,Men,singles,M,Silver
Antwerp,1920,Tennis,Tennis,"MCKANE, Kathleen",GBR,Women,singles,W,Bronze
Antwerp,1920,Tennis,Tennis,"LENGLEN, Suzanne",FRA,Women,singles,W,Gold
Antwerp,1920,Tennis,Tennis,"HOLMAN, Edith Dorothy",GBR,Women,singles,W,Silver
Antwerp,1920,Tug of War,Tug of War,"BOURGUIGNON, Georges",BEL,Men,tug of war,M,Bronze
Antwerp,1920,Tug of War,Tug of War,"DUCATILLON, Alphonse",BEL,Men,tug of war,M,Bronze
Antwerp,1920,Tug of War,Tug of War,"MAERTENS, Raymond Rémi",BEL,Men,tug of war,M,Bronze
Antwerp,1920,Tug of War,Tug of War,"PIEK, Christen Albert",BEL,Men,tug of war,M,Bronze
Antwerp,1920,Tug of War,Tug of War,"PINTENS, Henri",BEL,Men,tug of war,M,Bronze
Antwerp,1920,Tug of War,Tug of War,"VAN DEN BROEK, Charles",BEL,Men,tug of war,M,Bronze
Antwerp,1920,Tug of War,Tug of War,"VAN HOORENBEEK, François",BEL,Men,tug of war,M,Bronze
Antwerp,1920,Tug of War,Tug of War,"WUYTS, Gustave Marie",BEL,Men,tug of war,M,Bronze
Antwerp,1920,Tug of War,Tug of War,"CANNING, George",GBR,Men,tug of war,M,Gold
Antwerp,1920,Tug of War,Tug of War,"HOLMES, Frederick William",GBR,Men,tug of war,M,Gold
Antwerp,1920,Tug of War,Tug of War,"HUMPHREYS, Frederick Harkness",GBR,Men,tug of war,M,Gold
Antwerp,1920,Tug of War,Tug of War,"MILLS, Edwin Archer",GBR,Men,tug of war,M,Gold
Antwerp,1920,Tug of War,Tug of War,"SEWELL, John",GBR,Men,tug of war,M,Gold
Antwerp,1920,Tug of War,Tug of War,"SHEPHERD, James",GBR,Men,tug of war,M,Gold
Antwerp,1920,Tug of War,Tug of War,"STIFF, Harry Joseph",GBR,Men,tug of war,M,Gold
Antwerp,1920,Tug of War,Tug of War,"THORNE, Ernest Arthur",GBR,Men,tug of war,M,Gold
Antwerp,1920,Tug of War,Tug of War,"BEKKERS, Wilhelmus Johannes",NED,Men,tug of war,M,Silver
Antwerp,1920,Tug of War,Tug of War,"HENGEVELD, Johannes Hendrikus",NED,Men,tug of war,M,Silver
Antwerp,1920,Tug of War,Tug of War,"JANSMA, Sytse",NED,Men,tug of war,M,Silver
Antwerp,1920,Tug of War,Tug of War,"JANSSEN, Hendrikus Alexzander",NED,Men,tug of war,M,Silver
Antwerp,1920,Tug of War,Tug of War,"VAN LOON, Antonius",NED,Men,tug of war,M,Silver
Antwerp,1920,Tug of War,Tug of War,"VAN LOON, Willem",NED,Men,tug of war,M,Silver
Antwerp,1920,Tug of War,Tug of War,"VAN REKUM, Marinus Cornelis",NED,Men,tug of war,M,Silver
Antwerp,1920,Tug of War,Tug of War,"VAN REKUM, Willem",NED,Men,tug of war,M,Silver
Antwerp,1920,Weightlifting,Weightlifting,"RYTHER, Eugène",SUI,Men,"- 60kg, one-two hand 3 events (featherweight)",M,Bronze
Antwerp,1920,Weightlifting,Weightlifting,"DE HAES, Frans",BEL,Men,"- 60kg, one-two hand 3 events (featherweight)",M,Gold
Antwerp,1920,Weightlifting,Weightlifting,"SCHMIDT, Alfred",EST,Men,"- 60kg, one-two hand 3 events (featherweight)",M,Silver
Antwerp,1920,Weightlifting,Weightlifting,"BERNOT, Louis",FRA,Men,"+ 82.5kg, one-two hand 3 events (heavyweight)",M,Bronze
Antwerp,1920,Weightlifting,Weightlifting,"BOTTINO, Filippo",ITA,Men,"+ 82.5kg, one-two hand 3 events (heavyweight)",M,Gold
Antwerp,1920,Weightlifting,Weightlifting,"ALZIN, Joseph",LUX,Men,"+ 82.5kg, one-two hand 3 events (heavyweight)",M,Silver
Antwerp,1920,Weightlifting,Weightlifting,"ROOMS, Georges Florimond",BEL,Men,"60 - 67.5kg, one-two hand 3 events (lightweight)",M,Bronze
Antwerp,1920,Weightlifting,Weightlifting,"NEULAND, Alfred",EST,Men,"60 - 67.5kg, one-two hand 3 events (lightweight)",M,Gold
Antwerp,1920,Weightlifting,Weightlifting,"WILLIQUET, Louis",BEL,Men,"60 - 67.5kg, one-two hand 3 events (lightweight)",M,Silver
Antwerp,1920,Weightlifting,Weightlifting,"PETTERSSON, Albert",SWE,Men,"67.5 - 75kg, one-two hand 3 events (middleweight)",M,Bronze
Antwerp,1920,Weightlifting,Weightlifting,"GANCE, Henri",FRA,Men,"67.5 - 75kg, one-two hand 3 events (middleweight)",M,Gold
Antwerp,1920,Weightlifting,Weightlifting,"BIANCHI, Pietro Ubaldo",ITA,Men,"67.5 - 75kg, one-two hand 3 events (middleweight)",M,Silver
Antwerp,1920,Weightlifting,Weightlifting,"PETTERSSON, Erik",SWE,Men,"75 - 82.5kg, one-two hand 3 e. (light-heavyweight)",M,Bronze
Antwerp,1920,Weightlifting,Weightlifting,"CADINE, Ernest",FRA,Men,"75 - 82.5kg, one-two hand 3 e. (light-heavyweight)",M,Gold
Antwerp,1920,Weightlifting,Weightlifting,"HÜNENBERGER, Fritz",SUI,Men,"75 - 82.5kg, one-two hand 3 e. (light-heavyweight)",M,Silver
Antwerp,1920,Wrestling,Wrestling Free.,"BERNARD, Philip William Samuel",GBR,Men,- 60kg (featherweight),M,Bronze
Antwerp,1920,Wrestling,Wrestling Free.,"ACKERLY, Charles Edwin",USA,Men,- 60kg (featherweight),M,Gold
Antwerp,1920,Wrestling,Wrestling Free.,"GERSON, Samuel",USA,Men,- 60kg (featherweight),M,Silver
Antwerp,1920,Wrestling,Wrestling Free.,"MEYER, Frederick Julius",USA,Men,+ 80kg (heavyweight),M,Bronze
Antwerp,1920,Wrestling,Wrestling Free.,"NILSSON, Ernst",SWE,Men,+ 80kg (heavyweight),M,Bronze
Antwerp,1920,Wrestling,Wrestling Free.,"ROTH, Robert",SUI,Men,+ 80kg (heavyweight),M,Gold
Antwerp,1920,Wrestling,Wrestling Free.,"PENDLETON, Nathan Green",USA,Men,+ 80kg (heavyweight),M,Silver
Antwerp,1920,Wrestling,Wrestling Free.,"WRIGHT, Peter W.",GBR,Men,60 - 67.5kg (lightweight),M,Bronze
Antwerp,1920,Wrestling,Wrestling Free.,"ANTTILA, Kalle",FIN,Men,60 - 67.5kg (lightweight),M,Gold
Antwerp,1920,Wrestling,Wrestling Free.,"SVENSSON, Gottfrid",SWE,Men,60 - 67.5kg (lightweight),M,Silver
Antwerp,1920,Wrestling,Wrestling Free.,"JOHNSON, Charles F.",USA,Men,67.5 - 75kg (middleweight),M,Bronze
Antwerp,1920,Wrestling,Wrestling Free.,"LEINO, Eino Aukusti",FIN,Men,67.5 - 75kg (middleweight),M,Gold
Antwerp,1920,Wrestling,Wrestling Free.,"PENTTALA, Väinö",FIN,Men,67.5 - 75kg (middleweight),M,Silver
Antwerp,1920,Wrestling,Wrestling Free.,"MAURER, Walter S.",USA,Men,75 - 80kg (light-heavyweight),M,Bronze
Antwerp,1920,Wrestling,Wrestling Free.,"LARSSON, Anders",SWE,Men,75 - 80kg (light-heavyweight),M,Gold
Antwerp,1920,Wrestling,Wrestling Free.,"COURANT, Charles",SUI,Men,75 - 80kg (light-heavyweight),M,Silver
Antwerp,1920,Wrestling,Wrestling Gre-R,"SVENSSON, Frithiof",SWE,Men,- 60kg (featherweight),M,Bronze
Antwerp,1920,Wrestling,Wrestling Gre-R,"FRIMAN, Oskar David",FIN,Men,- 60kg (featherweight),M,Gold
Antwerp,1920,Wrestling,Wrestling Gre-R,"KÄHKÖNEN, Heikki",FIN,Men,- 60kg (featherweight),M,Silver
Antwerp,1920,Wrestling,Wrestling Gre-R,"NIEMINEN, Martti",FIN,Men,+ 82kg (super heavyweight),M,Bronze
Antwerp,1920,Wrestling,Wrestling Gre-R,"LINDFORS, Adolf Valentin",FIN,Men,+ 82kg (super heavyweight),M,Gold
Antwerp,1920,Wrestling,Wrestling Gre-R,"HANSEN, Poul",DEN,Men,+ 82kg (super heavyweight),M,Silver
Antwerp,1920,Wrestling,Wrestling Gre-R,"ANDERSEN, Frithjof",NOR,Men,60 - 67.5kg (lightweight),M,Bronze
Antwerp,1920,Wrestling,Wrestling Gre-R,"VÄRE, Eemil Ernesti",FIN,Men,60 - 67.5kg (lightweight),M,Gold
Antwerp,1920,Wrestling,Wrestling Gre-R,"TAMMINEN, Taavi",FIN,Men,60 - 67.5kg (lightweight),M,Silver
Antwerp,1920,Wrestling,Wrestling Gre-R,"PERTTILÄ, Matti",FIN,Men,67.5 - 75kg (middleweight),M,Bronze
Antwerp,1920,Wrestling,Wrestling Gre-R,"WESTERGREN, Carl",SWE,Men,67.5 - 75kg (middleweight),M,Gold
Antwerp,1920,Wrestling,Wrestling Gre-R,"LINDFORS, Arthur",FIN,Men,67.5 - 75kg (middleweight),M,Silver
Antwerp,1920,Wrestling,Wrestling Gre-R,"ERIKSEN, Johannes Thorvald",DEN,Men,75 - 82kg (light-heavyweight),M,Bronze
Antwerp,1920,Wrestling,Wrestling Gre-R,"JOHANSSON, Claes",SWE,Men,75 - 82kg (light-heavyweight),M,Gold
Antwerp,1920,Wrestling,Wrestling Gre-R,"ROSENQVIST, Edil",FIN,Men,75 - 82kg (light-heavyweight),M,Silver
Paris,1924,Aquatics,Diving,"PINKSTON, Clarence",USA,Men,10m platform,M,Bronze
Paris,1924,Aquatics,Diving,"WHITE, Albert",USA,Men,10m platform,M,Gold
Paris,1924,Aquatics,Diving,"FALL, David",USA,Men,10m platform,M,Silver
Paris,1924,Aquatics,Diving,"TÖPEL, Hjördis",SWE,Women,10m platform,W,Bronze
Paris,1924,Aquatics,Diving,"SMITH, Caroline",USA,Women,10m platform,W,Gold
Paris,1924,Aquatics,Diving,"BECKER-PINKSTON, Elizabeth",USA,Women,10m platform,W,Silver
Paris,1924,Aquatics,Diving,"PINKSTON, Clarence",USA,Men,3m springboard,M,Bronze
Paris,1924,Aquatics,Diving,"WHITE, Albert",USA,Men,3m springboard,M,Gold
Paris,1924,Aquatics,Diving,"DESJARDINS, Ulise Joseph ""Peter""",USA,Men,3m springboard,M,Silver
Paris,1924,Aquatics,Diving,"FLETCHER, Caroline",USA,Women,3m springboard,W,Bronze
Paris,1924,Aquatics,Diving,"BECKER-PINKSTON, Elizabeth",USA,Women,3m springboard,W,Gold
Paris,1924,Aquatics,Diving,"RIGGIN, Aileen",USA,Women,3m springboard,W,Silver
Paris,1924,Aquatics,Diving,"CLARKE, Harold",GBR,Men,plain high diving,M,Bronze
Paris,1924,Aquatics,Diving,"EVE, Richmond",AUS,Men,plain high diving,M,Gold
Paris,1924,Aquatics,Diving,"JANSSON, John",SWE,Men,plain high diving,M,Silver
Paris,1924,Aquatics,Swimming,"BARTHA, István",HUN,Men,100m backstroke,M,Bronze
Paris,1924,Aquatics,Swimming,"KEALOHA, Warren Paoa",USA,Men,100m backstroke,M,Gold
Paris,1924,Aquatics,Swimming,"WYATT, Paul",USA,Men,100m backstroke,M,Silver
Paris,1924,Aquatics,Swimming,"RIGGIN, Aileen",USA,Women,100m backstroke,W,Bronze
Paris,1924,Aquatics,Swimming,"BAUER, Sybil",USA,Women,100m backstroke,W,Gold
Paris,1924,Aquatics,Swimming,"HARDING, Phyllis",GBR,Women,100m backstroke,W,Silver
Paris,1924,Aquatics,Swimming,"KAHANAMOKU, Samuel",USA,Men,100m freestyle,M,Bronze
Paris,1924,Aquatics,Swimming,"WEISSMULLER, Johnny",USA,Men,100m freestyle,M,Gold
Paris,1924,Aquatics,Swimming,"KAHANAMOKU, Duke Paoa",USA,Men,100m freestyle,M,Silver
Paris,1924,Aquatics,Swimming,"EDERLE, Gertrude",USA,Women,100m freestyle,W,Bronze
Paris,1924,Aquatics,Swimming,"LACKIE, Ethel",USA,Women,100m freestyle,W,Gold
Paris,1924,Aquatics,Swimming,"WEHSELAU, Mariechen",USA,Women,100m freestyle,W,Silver
Paris,1924,Aquatics,Swimming,"DE BEAUREPAIRE, Frank",AUS,Men,1500m freestyle,M,Bronze
Paris,1924,Aquatics,Swimming,"CHARLTON, Andrew",AUS,Men,1500m freestyle,M,Gold
Paris,1924,Aquatics,Swimming,"BORG, Arne",SWE,Men,1500m freestyle,M,Silver
Paris,1924,Aquatics,Swimming,"KIRSHBAUM, William",USA,Men,200m breaststroke,M,Bronze
Paris,1924,Aquatics,Swimming,"SKELTON, Robert",USA,Men,200m breaststroke,M,Gold
Paris,1924,Aquatics,Swimming,"DE COMBE, Joseph",BEL,Men,200m breaststroke,M,Silver
Paris,1924,Aquatics,Swimming,"CARSON, Gladys",GBR,Women,200m breaststroke,W,Bronze
Paris,1924,Aquatics,Swimming,"MORTON, Lucille",GBR,Women,200m breaststroke,W,Gold
Paris,1924,Aquatics,Swimming,"GERAGHTY, Agnes",USA,Women,200m breaststroke,W,Silver
Paris,1924,Aquatics,Swimming,"CHARLTON, Andrew",AUS,Men,400m freestyle,M,Bronze
Paris,1924,Aquatics,Swimming,"WEISSMULLER, Johnny",USA,Men,400m freestyle,M,Gold
Paris,1924,Aquatics,Swimming,"BORG, Arne",SWE,Men,400m freestyle,M,Silver
Paris,1924,Aquatics,Swimming,"EDERLE, Gertrude",USA,Women,400m freestyle,W,Bronze
Paris,1924,Aquatics,Swimming,"NORELIUS, Martha",USA,Women,400m freestyle,W,Gold
Paris,1924,Aquatics,Swimming,"WAINWRIGHT, Helen",USA,Women,400m freestyle,W,Silver
Paris,1924,Aquatics,Swimming,"BERG, Aina",SWE,Women,4x100m freestyle relay,W,Bronze
Paris,1924,Aquatics,Swimming,"EWERLUND, Gurli",SWE,Women,4x100m freestyle relay,W,Bronze
Paris,1924,Aquatics,Swimming,"GYLLING, Jane",SWE,Women,4x100m freestyle relay,W,Bronze
Paris,1924,Aquatics,Swimming,"PETTERSSON, Wivan",SWE,Women,4x100m freestyle relay,W,Bronze
Paris,1924,Aquatics,Swimming,"TÖPEL, Hjördis",SWE,Women,4x100m freestyle relay,W,Bronze
Paris,1924,Aquatics,Swimming,"DONNELLY, Euphrasia",USA,Women,4x100m freestyle relay,W,Gold
Paris,1924,Aquatics,Swimming,"EDERLE, Gertrude",USA,Women,4x100m freestyle relay,W,Gold
Paris,1924,Aquatics,Swimming,"LACKIE, Ethel",USA,Women,4x100m freestyle relay,W,Gold
Paris,1924,Aquatics,Swimming,"NORELIUS, Martha",USA,Women,4x100m freestyle relay,W,Gold
Paris,1924,Aquatics,Swimming,"WAINWRIGHT, Helen",USA,Women,4x100m freestyle relay,W,Gold
Paris,1924,Aquatics,Swimming,"WEHSELAU, Mariechen",USA,Women,4x100m freestyle relay,W,Gold
Paris,1924,Aquatics,Swimming,"BARKER, Florence",GBR,Women,4x100m freestyle relay,W,Silver
Paris,1924,Aquatics,Swimming,"GANT, P.",GBR,Women,4x100m freestyle relay,W,Silver
Paris,1924,Aquatics,Swimming,"HATCH, J. E.",GBR,Women,4x100m freestyle relay,W,Silver
Paris,1924,Aquatics,Swimming,"JEANS, Constance Mabel",GBR,Women,4x100m freestyle relay,W,Silver
Paris,1924,Aquatics,Swimming,"MAC KENZIE, Grace",GBR,Women,4x100m freestyle relay,W,Silver
Paris,1924,Aquatics,Swimming,"TANNER, Irene Vera",GBR,Women,4x100m freestyle relay,W,Silver
Paris,1924,Aquatics,Swimming,"BORG, Ake",SWE,Men,4x200m freestyle relay,M,Bronze
Paris,1924,Aquatics,Swimming,"BORG, Arne",SWE,Men,4x200m freestyle relay,M,Bronze
Paris,1924,Aquatics,Swimming,"HENNING, Tor",SWE,Men,4x200m freestyle relay,M,Bronze
Paris,1924,Aquatics,Swimming,"PERSSON, O. Gösta A.",SWE,Men,4x200m freestyle relay,M,Bronze
Paris,1924,Aquatics,Swimming,"TROLLE, Orvar",SWE,Men,4x200m freestyle relay,M,Bronze
Paris,1924,Aquatics,Swimming,"WERNER, Georg",SWE,Men,4x200m freestyle relay,M,Bronze
Paris,1924,Aquatics,Swimming,"BREYER, Ralph",USA,Men,4x200m freestyle relay,M,Gold
Paris,1924,Aquatics,Swimming,"GLANCY, Harrison Smith",USA,Men,4x200m freestyle relay,M,Gold
Paris,1924,Aquatics,Swimming,"HOWELL, Richard",USA,Men,4x200m freestyle relay,M,Gold
Paris,1924,Aquatics,Swimming,"O'CONNOR, James Wallace",USA,Men,4x200m freestyle relay,M,Gold
Paris,1924,Aquatics,Swimming,"SMITH, Lester",USA,Men,4x200m freestyle relay,M,Gold
Paris,1924,Aquatics,Swimming,"WEISSMULLER, Johnny",USA,Men,4x200m freestyle relay,M,Gold
Paris,1924,Aquatics,Swimming,"CHARLTON, Andrew",AUS,Men,4x200m freestyle relay,M,Silver
Paris,1924,Aquatics,Swimming,"CHRISTIE, Maurice F.",AUS,Men,4x200m freestyle relay,M,Silver
Paris,1924,Aquatics,Swimming,"DE BEAUREPAIRE, Frank",AUS,Men,4x200m freestyle relay,M,Silver
Paris,1924,Aquatics,Swimming,"HENRY, Ernest M.",AUS,Men,4x200m freestyle relay,M,Silver
Paris,1924,Aquatics,Swimming,"STEDMAN, Ivan",AUS,Men,4x200m freestyle relay,M,Silver
Paris,1924,Aquatics,Water polo,"AUSTIN, Arthur",USA,Men,water polo,M,Bronze
Paris,1924,Aquatics,Water polo,"COLLETT, E.",USA,Men,water polo,M,Bronze
Paris,1924,Aquatics,Water polo,"HANDY, J.",USA,Men,water polo,M,Bronze
Paris,1924,Aquatics,Water polo,"HORN, Oliver",USA,Men,water polo,M,Bronze
Paris,1924,Aquatics,Water polo,"LAUER, Frederick",USA,Men,water polo,M,Bronze
Paris,1924,Aquatics,Water polo,"MITCHELL, George F.",USA,Men,water polo,M,Bronze
Paris,1924,Aquatics,Water polo,"NORTON, John",USA,Men,water polo,M,Bronze
Paris,1924,Aquatics,Water polo,"O'CONNOR, James Wallace",USA,Men,water polo,M,Bronze
Paris,1924,Aquatics,Water polo,"SCHROTH, George E.",USA,Men,water polo,M,Bronze
Paris,1924,Aquatics,Water polo,"VOLLMER, Herbert Eberhard",USA,Men,water polo,M,Bronze
Paris,1924,Aquatics,Water polo,"WEISSMULLER, Johnny",USA,Men,water polo,M,Bronze
Paris,1924,Aquatics,Water polo,"BERTRAND, R.",FRA,Men,water polo,M,Gold
Paris,1924,Aquatics,Water polo,"DEBORGIES, Albert",FRA,Men,water polo,M,Gold
Paris,1924,Aquatics,Water polo,"DELBERGHE, Noël",FRA,Men,water polo,M,Gold
Paris,1924,Aquatics,Water polo,"DESMETTRE, Robert",FRA,Men,water polo,M,Gold
Paris,1924,Aquatics,Water polo,"DUJARDIN, Paul",FRA,Men,water polo,M,Gold
Paris,1924,Aquatics,Water polo,"FASANI, A.",FRA,Men,water polo,M,Gold
Paris,1924,Aquatics,Water polo,"LASQUIN, Jean",FRA,Men,water polo,M,Gold
Paris,1924,Aquatics,Water polo,"MAYAUD, Albert",FRA,Men,water polo,M,Gold
Paris,1924,Aquatics,Water polo,"PADOU SR., Henri",FRA,Men,water polo,M,Gold
Paris,1924,Aquatics,Water polo,"PEROL, J.",FRA,Men,water polo,M,Gold
Paris,1924,Aquatics,Water polo,"RIGAL, Georges",FRA,Men,water polo,M,Gold
Paris,1924,Aquatics,Water polo,"BLITZ, Gerard",BEL,Men,water polo,M,Silver
Paris,1924,Aquatics,Water polo,"BLITZ, Maurice",BEL,Men,water polo,M,Silver
Paris,1924,Aquatics,Water polo,"CLUDTS, Joseph",BEL,Men,water polo,M,Silver
Paris,1924,Aquatics,Water polo,"DE COMBE, Joseph",BEL,Men,water polo,M,Silver
Paris,1924,Aquatics,Water polo,"DEWIN, Pierre",BEL,Men,water polo,M,Silver
Paris,1924,Aquatics,Water polo,"DURANT, Albert",BEL,Men,water polo,M,Silver
Paris,1924,Aquatics,Water polo,"FLEURIX, Georges",BEL,Men,water polo,M,Silver
Paris,1924,Aquatics,Water polo,"GAILLY, Paul",BEL,Men,water polo,M,Silver
Paris,1924,Aquatics,Water polo,"PLETINCX, Joseph",BEL,Men,water polo,M,Silver
Paris,1924,Aquatics,Water polo,"THIRY, Jules",BEL,Men,water polo,M,Silver
Paris,1924,Aquatics,Water polo,"VERMETTEN, Jean-Pierre",BEL,Men,water polo,M,Silver
Paris,1924,Athletics,Athletics,"BERG, Eero",FIN,Men,10000m,M,Bronze
Paris,1924,Athletics,Athletics,"RITOLA, Ville",FIN,Men,10000m,M,Gold
Paris,1924,Athletics,Athletics,"WIDE, Edvin",SWE,Men,10000m,M,Silver
Paris,1924,Athletics,Athletics,"MACMASTER, Cecil",RSA,Men,10000m walk,M,Bronze
Paris,1924,Athletics,Athletics,"FRIGERIO, Ugo",ITA,Men,10000m walk,M,Gold
Paris,1924,Athletics,Athletics,"GOODWIN, Gordon",GBR,Men,10000m walk,M,Silver
Paris,1924,Athletics,Athletics,"PORRITT, Arthur",NZL,Men,100m,M,Bronze
Paris,1924,Athletics,Athletics,"ABRAHAMS, Harold",GBR,Men,100m,M,Gold
Paris,1924,Athletics,Athletics,"SCHOLZ, Jackson",USA,Men,100m,M,Silver
Paris,1924,Athletics,Athletics,"PETTERSSON, Sten",SWE,Men,110m hurdles,M,Bronze
Paris,1924,Athletics,Athletics,"KINSEY, Daniel",USA,Men,110m hurdles,M,Gold
Paris,1924,Athletics,Athletics,"ATKINSON, Sidney",RSA,Men,110m hurdles,M,Silver
Paris,1924,Athletics,Athletics,"STALLARD, Henry B.",GBR,Men,1500m,M,Bronze
Paris,1924,Athletics,Athletics,"NURMI, Paavo",FIN,Men,1500m,M,Gold
Paris,1924,Athletics,Athletics,"SCHÄRER, Wilhelm",SUI,Men,1500m,M,Silver
Paris,1924,Athletics,Athletics,"LIDDELL, Eric Henry",GBR,Men,200m,M,Bronze
Paris,1924,Athletics,Athletics,"SCHOLZ, Jackson",USA,Men,200m,M,Gold
Paris,1924,Athletics,Athletics,"PADDOCK, Charles",USA,Men,200m,M,Silver
Paris,1924,Athletics,Athletics,"BONTEMPS, Paul",FRA,Men,3000m steeplechase,M,Bronze
Paris,1924,Athletics,Athletics,"RITOLA, Ville",FIN,Men,3000m steeplechase,M,Gold
Paris,1924,Athletics,Athletics,"KATZ, Elias",FIN,Men,3000m steeplechase,M,Silver
Paris,1924,Athletics,Athletics,"CONNOLLY, James",USA,Men,3000m team,M,Bronze
Paris,1924,Athletics,Athletics,"COX, William",USA,Men,3000m team,M,Bronze
Paris,1924,Athletics,Athletics,"KIRBY, Edward",USA,Men,3000m team,M,Bronze
Paris,1924,Athletics,Athletics,"LARRIVEE, Leo",USA,Men,3000m team,M,Bronze
Paris,1924,Athletics,Athletics,"RAY, Joseph",USA,Men,3000m team,M,Bronze
Paris,1924,Athletics,Athletics,"TIBBETTS, Willard",USA,Men,3000m team,M,Bronze
Paris,1924,Athletics,Athletics,"KATZ, Elias",FIN,Men,3000m team,M,Gold
Paris,1924,Athletics,Athletics,"LIEWENDHAL, Frej",FIN,Men,3000m team,M,Gold
Paris,1924,Athletics,Athletics,"NURMI, Paavo",FIN,Men,3000m team,M,Gold
Paris,1924,Athletics,Athletics,"RITOLA, Ville",FIN,Men,3000m team,M,Gold
Paris,1924,Athletics,Athletics,"SEPPÄLÄ, Eino",FIN,Men,3000m team,M,Gold
Paris,1924,Athletics,Athletics,"TALJA, S.",FIN,Men,3000m team,M,Gold
Paris,1924,Athletics,Athletics,"CLARK, Arthur",GBR,Men,3000m team,M,Silver
Paris,1924,Athletics,Athletics,"MACDONALD, Bernard",GBR,Men,3000m team,M,Silver
Paris,1924,Athletics,Athletics,"PORTER, Walter Harold",GBR,Men,3000m team,M,Silver
Paris,1924,Athletics,Athletics,"SEAGROVE, William Raymond",GBR,Men,3000m team,M,Silver
Paris,1924,Athletics,Athletics,"WEBBER, George J.",GBR,Men,3000m team,M,Silver
Paris,1924,Athletics,Athletics,"BUTLER, Guy Montagu",GBR,Men,400m,M,Bronze
Paris,1924,Athletics,Athletics,"LIDDELL, Eric Henry",GBR,Men,400m,M,Gold
Paris,1924,Athletics,Athletics,"FITCH, Horatio",USA,Men,400m,M,Silver
Paris,1924,Athletics,Athletics,"RILEY, Ivan",USA,Men,400m hurdles,M,Bronze
Paris,1924,Athletics,Athletics,"TAYLOR, Frederick Morgan",USA,Men,400m hurdles,M,Gold
Paris,1924,Athletics,Athletics,"VILEN, Erik Vilhelm",FIN,Men,400m hurdles,M,Silver
Paris,1924,Athletics,Athletics,"BOOT, Jacobus",NED,Men,4x100m relay,M,Bronze
Paris,1924,Athletics,Athletics,"BROOS, Henricus Adrianus",NED,Men,4x100m relay,M,Bronze
Paris,1924,Athletics,Athletics,"DE VRIES, Jan Cornelis",NED,Men,4x100m relay,M,Bronze
Paris,1924,Athletics,Athletics,"VAN DEN BERGE, Marinus",NED,Men,4x100m relay,M,Bronze
Paris,1924,Athletics,Athletics,"CLARKE, Louis Alfred",USA,Men,4x100m relay,M,Gold
Paris,1924,Athletics,Athletics,"HUSSEY, Francis",USA,Men,4x100m relay,M,Gold
Paris,1924,Athletics,Athletics,"LECONEY, Jeremiah Alfred",USA,Men,4x100m relay,M,Gold
Paris,1924,Athletics,Athletics,"MURCHISON, Loren",USA,Men,4x100m relay,M,Gold
Paris,1924,Athletics,Athletics,"ABRAHAMS, Harold",GBR,Men,4x100m relay,M,Silver
Paris,1924,Athletics,Athletics,"NICHOL, William Peter",GBR,Men,4x100m relay,M,Silver
Paris,1924,Athletics,Athletics,"RANGELEY, Walter",GBR,Men,4x100m relay,M,Silver
Paris,1924,Athletics,Athletics,"ROYLE, Lancelot Carrington",GBR,Men,4x100m relay,M,Silver
Paris,1924,Athletics,Athletics,"BUTLER, Guy Montagu",GBR,Men,4x400m relay,M,Bronze
Paris,1924,Athletics,Athletics,"RENWICK, George Russell",GBR,Men,4x400m relay,M,Bronze
Paris,1924,Athletics,Athletics,"RIPLEY, Richard N.",GBR,Men,4x400m relay,M,Bronze
Paris,1924,Athletics,Athletics,"TOMS, Edward James",GBR,Men,4x400m relay,M,Bronze
Paris,1924,Athletics,Athletics,"COCHRANE, Commodore",USA,Men,4x400m relay,M,Gold
Paris,1924,Athletics,Athletics,"HELFFRICH, Alan",USA,Men,4x400m relay,M,Gold
Paris,1924,Athletics,Athletics,"MACDONALD, J. Oliver",USA,Men,4x400m relay,M,Gold
Paris,1924,Athletics,Athletics,"STEPHENSON, William",USA,Men,4x400m relay,M,Gold
Paris,1924,Athletics,Athletics,"BYLEHN, Erik",SWE,Men,4x400m relay,M,Silver
Paris,1924,Athletics,Athletics,"ENGDAHL, Nils",SWE,Men,4x400m relay,M,Silver
Paris,1924,Athletics,Athletics,"SVENSSON, Arthur",SWE,Men,4x400m relay,M,Silver
Paris,1924,Athletics,Athletics,"WEIJNARTH, Gustaf",SWE,Men,4x400m relay,M,Silver
Paris,1924,Athletics,Athletics,"WIDE, Edvin",SWE,Men,5000m,M,Bronze
Paris,1924,Athletics,Athletics,"NURMI, Paavo",FIN,Men,5000m,M,Gold
Paris,1924,Athletics,Athletics,"RITOLA, Ville",FIN,Men,5000m,M,Silver
Paris,1924,Athletics,Athletics,"ENCK, Schuyler",USA,Men,800m,M,Bronze
Paris,1924,Athletics,Athletics,"LOWE, Douglas Gordon",GBR,Men,800m,M,Gold
Paris,1924,Athletics,Athletics,"MARTIN, Paul",SUI,Men,800m,M,Silver
Paris,1924,Athletics,Athletics,"JOHNSON, Richard Earl",USA,Men,cross country individual,M,Bronze
Paris,1924,Athletics,Athletics,"NURMI, Paavo",FIN,Men,cross country individual,M,Gold
Paris,1924,Athletics,Athletics,"RITOLA, Ville",FIN,Men,cross country individual,M,Silver
Paris,1924,Athletics,Athletics,"DOLQUES, L. Lucien",FRA,Men,cross country team,M,Bronze
Paris,1924,Athletics,Athletics,"HEUET, Gaston",FRA,Men,cross country team,M,Bronze
Paris,1924,Athletics,Athletics,"LAUSEIG, André",FRA,Men,cross country team,M,Bronze
Paris,1924,Athletics,Athletics,"LAUVAUX, Henri",FRA,Men,cross country team,M,Bronze
Paris,1924,Athletics,Athletics,"MARCHAL, Robert",FRA,Men,cross country team,M,Bronze
Paris,1924,Athletics,Athletics,"NORLAND, Maurice",FRA,Men,cross country team,M,Bronze
Paris,1924,Athletics,Athletics,"BERG, Eero",FIN,Men,cross country team,M,Gold
Paris,1924,Athletics,Athletics,"LIIMATAINEN, Heikki",FIN,Men,cross country team,M,Gold
Paris,1924,Athletics,Athletics,"NURMI, Paavo",FIN,Men,cross country team,M,Gold
Paris,1924,Athletics,Athletics,"RASTAS, Eino",FIN,Men,cross country team,M,Gold
Paris,1924,Athletics,Athletics,"RITOLA, Ville",FIN,Men,cross country team,M,Gold
Paris,1924,Athletics,Athletics,"SIPILÄ, Väinö Jeremias",FIN,Men,cross country team,M,Gold
Paris,1924,Athletics,Athletics,"BOOTH, Verne Hobson",USA,Men,cross country team,M,Silver
Paris,1924,Athletics,Athletics,"FAGER, August",USA,Men,cross country team,M,Silver
Paris,1924,Athletics,Athletics,"GRAY, John",USA,Men,cross country team,M,Silver
Paris,1924,Athletics,Athletics,"HENIGAN, James",USA,Men,cross country team,M,Silver
Paris,1924,Athletics,Athletics,"JOHNSON, Richard Earl",USA,Men,cross country team,M,Silver
Paris,1924,Athletics,Athletics,"STUDENROTH, Arthur",USA,Men,cross country team,M,Silver
Paris,1924,Athletics,Athletics,"KLUMBERG-KOLMPERE, Alexander",EST,Men,decathlon,M,Bronze
Paris,1924,Athletics,Athletics,"OSBORN, Harold Marion",USA,Men,decathlon,M,Gold
Paris,1924,Athletics,Athletics,"NORTON, Emerson",USA,Men,decathlon,M,Silver
Paris,1924,Athletics,Athletics,"LIEB, Thomas John",USA,Men,discus throw,M,Bronze
Paris,1924,Athletics,Athletics,"HOUSER, Lemuel Clarence",USA,Men,discus throw,M,Gold
Paris,1924,Athletics,Athletics,"NIITTYMAA, Vilho Aleksander",FIN,Men,discus throw,M,Silver
Paris,1924,Athletics,Athletics,"NOKES, Malcolm Cuthbert",GBR,Men,hammer throw,M,Bronze
Paris,1924,Athletics,Athletics,"TOOTELL, Frederick Delmont",USA,Men,hammer throw,M,Gold
Paris,1924,Athletics,Athletics,"MCGRATH, Matthew J.",USA,Men,hammer throw,M,Silver
Paris,1924,Athletics,Athletics,"LEWDEN, Pierre",FRA,Men,high jump,M,Bronze
Paris,1924,Athletics,Athletics,"OSBORN, Harold Marion",USA,Men,high jump,M,Gold
Paris,1924,Athletics,Athletics,"BROWN, Leroy Taylor",USA,Men,high jump,M,Silver
Paris,1924,Athletics,Athletics,"OBERST, Eugene",USA,Men,javelin throw,M,Bronze
Paris,1924,Athletics,Athletics,"MYYRÄ, Jonni",FIN,Men,javelin throw,M,Gold
Paris,1924,Athletics,Athletics,"LINDSTRÖM, Gunnar",SWE,Men,javelin throw,M,Silver
Paris,1924,Athletics,Athletics,"HANSEN, Sverre",NOR,Men,long jump,M,Bronze
Paris,1924,Athletics,Athletics,"HUBBARD, William De Hart",USA,Men,long jump,M,Gold
Paris,1924,Athletics,Athletics,"GOURDIN, Edward Orval",USA,Men,long jump,M,Silver
Paris,1924,Athletics,Athletics,"DE MAR, Clarence Harrison",USA,Men,marathon,M,Bronze
Paris,1924,Athletics,Athletics,"STENROOS, Albin Oskar",FIN,Men,marathon,M,Gold
Paris,1924,Athletics,Athletics,"BERTINI, Romeo",ITA,Men,marathon,M,Silver
Paris,1924,Athletics,Athletics,"LE GENDRE, Robert Lucien",USA,Men,pentathlon,M,Bronze
Paris,1924,Athletics,Athletics,"LEHTONEN, Eero Reino",FIN,Men,pentathlon,M,Gold
Paris,1924,Athletics,Athletics,"SOMFAY, Elemer",HUN,Men,pentathlon,M,Silver
Paris,1924,Athletics,Athletics,"BROOKER, James K.",USA,Men,pole vault,M,Bronze
Paris,1924,Athletics,Athletics,"BARNES, Lee",USA,Men,pole vault,M,Gold
Paris,1924,Athletics,Athletics,"GRAHAM, Glenn",USA,Men,pole vault,M,Silver
Paris,1924,Athletics,Athletics,"HILLS, Ralph Gorman",USA,Men,shot put,M,Bronze
Paris,1924,Athletics,Athletics,"HOUSER, Lemuel Clarence",USA,Men,shot put,M,Gold
Paris,1924,Athletics,Athletics,"HARTRANFT, Glenn",USA,Men,shot put,M,Silver
Paris,1924,Athletics,Athletics,"TUULOS, Vilho Immanuel",FIN,Men,triple jump,M,Bronze
Paris,1924,Athletics,Athletics,"WINTER, Anthony William",AUS,Men,triple jump,M,Gold
Paris,1924,Athletics,Athletics,"BRUNETO, Luis",ARG,Men,triple jump,M,Silver
Paris,1924,Boxing,Boxing,"FEE, Raymond",USA,Men,- 50.8kg (flyweight),M,Bronze
Paris,1924,Boxing,Boxing,"LA BARBA, Fidel",USA,Men,- 50.8kg (flyweight),M,Gold
Paris,1924,Boxing,Boxing,"MAC KENZIE, James",GBR,Men,- 50.8kg (flyweight),M,Silver
Paris,1924,Boxing,Boxing,"PORZIO, Alfredo",ARG,Men,+ 79.38kg (heavyweight),M,Bronze
Paris,1924,Boxing,Boxing,"VON PORAT, Otto",NOR,Men,+ 79.38kg (heavyweight),M,Gold
Paris,1924,Boxing,Boxing,"PETERSEN, Sören",DEN,Men,+ 79.38kg (heavyweight),M,Silver
Paris,1924,Boxing,Boxing,"CES, Jean",FRA,Men,50.8 - 53.52kg (bantamweight),M,Bronze
Paris,1924,Boxing,Boxing,"SMITH, William H.",RSA,Men,50.8 - 53.52kg (bantamweight),M,Gold
Paris,1924,Boxing,Boxing,"TRIPOLI, Salvatore",USA,Men,50.8 - 53.52kg (bantamweight),M,Silver
Paris,1924,Boxing,Boxing,"QUARTUCCI, Pedro",ARG,Men,53.52 - 57.15kg (featherweight),M,Bronze
Paris,1924,Boxing,Boxing,"FIELDS, John",USA,Men,53.52 - 57.15kg (featherweight),M,Gold
Paris,1924,Boxing,Boxing,"SALAS, Joseph",USA,Men,53.52 - 57.15kg (featherweight),M,Silver
Paris,1924,Boxing,Boxing,"BOYLSTEIN, Frederick",USA,Men,57.15 - 61.24kg (lightweight),M,Bronze
Paris,1924,Boxing,Boxing,"NIELSEN, Hans Jacob",DEN,Men,57.15 - 61.24kg (lightweight),M,Gold
Paris,1924,Boxing,Boxing,"COPELLO, Alfredo",ARG,Men,57.15 - 61.24kg (lightweight),M,Silver
Paris,1924,Boxing,Boxing,"LEWIS, Douglas",CAN,Men,61.24 - 66.68kg (welterweight),M,Bronze
Paris,1924,Boxing,Boxing,"DELARGE, Jean",BEL,Men,61.24 - 66.68kg (welterweight),M,Gold
Paris,1924,Boxing,Boxing,"MENDEZ, Hector",ARG,Men,61.24 - 66.68kg (welterweight),M,Silver
Paris,1924,Boxing,Boxing,"BEECKEN, Joseph Jules",BEL,Men,66.68 - 72.57kg (middleweight),M,Bronze
Paris,1924,Boxing,Boxing,"MALLIN, Harry William",GBR,Men,66.68 - 72.57kg (middleweight),M,Gold
Paris,1924,Boxing,Boxing,"ELLIOTT, John",GBR,Men,66.68 - 72.57kg (middleweight),M,Silver
Paris,1924,Boxing,Boxing,"SÖRSDAL, Sverre",NOR,Men,72.57 - 79.38kg (light-heavyweight),M,Bronze
Paris,1924,Boxing,Boxing,"MITCHELL, Harry",GBR,Men,72.57 - 79.38kg (light-heavyweight),M,Gold
Paris,1924,Boxing,Boxing,"PETERSEN, Thyge",DEN,Men,72.57 - 79.38kg (light-heavyweight),M,Silver
Paris,1924,Cycling,Cycling Road,"HAMEL, René",FRA,Men,individual road race,M,Bronze
Paris,1924,Cycling,Cycling Road,"BLANCHONNET, Armand",FRA,Men,individual road race,M,Gold
Paris,1924,Cycling,Cycling Road,"HOEVENAERS, Henri",BEL,Men,individual road race,M,Silver
Paris,1924,Cycling,Cycling Road,"BOHLIN, Eric",SWE,Men,team time trial,M,Bronze
Paris,1924,Cycling,Cycling Road,"MALM, Ragnar",SWE,Men,team time trial,M,Bronze
Paris,1924,Cycling,Cycling Road,"SKÖLD, Gunnar",SWE,Men,team time trial,M,Bronze
Paris,1924,Cycling,Cycling Road,"BLANCHONNET, Armand",FRA,Men,team time trial,M,Gold
Paris,1924,Cycling,Cycling Road,"HAMEL, René",FRA,Men,team time trial,M,Gold
Paris,1924,Cycling,Cycling Road,"WAMBST, Georges",FRA,Men,team time trial,M,Gold
Paris,1924,Cycling,Cycling Road,"HOEVENAERS, Henri",BEL,Men,team time trial,M,Silver
Paris,1924,Cycling,Cycling Road,"PARFONDRY, Alphonse",BEL,Men,team time trial,M,Silver
Paris,1924,Cycling,Cycling Road,"VAN DEN BOSCH, Jean",BEL,Men,team time trial,M,Silver
Paris,1924,Cycling,Cycling Track,"BOSCH VAN DRAKESTEIN, Gerald Henri",NED,Men,2000m tandem,M,Bronze
Paris,1924,Cycling,Cycling Track,"PEETERS, Mauritius",NED,Men,2000m tandem,M,Bronze
Paris,1924,Cycling,Cycling Track,"CHOURY, Lucien",FRA,Men,2000m tandem,M,Gold
Paris,1924,Cycling,Cycling Track,"CUGNOT, Jean",FRA,Men,2000m tandem,M,Gold
Paris,1924,Cycling,Cycling Track,"FALCK HANSEN, Willy",DEN,Men,2000m tandem,M,Silver
Paris,1924,Cycling,Cycling Track,"HANSEN, Edmund",DEN,Men,2000m tandem,M,Silver
Paris,1924,Cycling,Cycling Track,"WYLD, Frederick Henry",GBR,Men,50km,M,Bronze
Paris,1924,Cycling,Cycling Track,"WILLEMS, Jacobus",NED,Men,50km,M,Gold
Paris,1924,Cycling,Cycling Track,"ALDEN, Cyril Albert",GBR,Men,50km,M,Silver
Paris,1924,Cycling,Cycling Track,"CUGNOT, Jean",FRA,Men,Sprint indivual,M,Bronze
Paris,1924,Cycling,Cycling Track,"MICHARD, Lucien",FRA,Men,Sprint indivual,M,Gold
Paris,1924,Cycling,Cycling Track,"MEIJER, Jacob",NED,Men,Sprint indivual,M,Silver
Paris,1924,Cycling,Cycling Track,"DAGHELINCKX, Gustave Léonard",BEL,Men,Team Pursuit (4000m),M,Bronze
Paris,1924,Cycling,Cycling Track,"HOEVENAERS, Henri",BEL,Men,Team Pursuit (4000m),M,Bronze
Paris,1924,Cycling,Cycling Track,"SAIVE, Ferdinand",BEL,Men,Team Pursuit (4000m),M,Bronze
Paris,1924,Cycling,Cycling Track,"VAN DEN BOSCH, Jean",BEL,Men,Team Pursuit (4000m),M,Bronze
Paris,1924,Cycling,Cycling Track,"DE MARTINO, Angelo",ITA,Men,Team Pursuit (4000m),M,Gold
Paris,1924,Cycling,Cycling Track,"DINALE, Alfredo",ITA,Men,Team Pursuit (4000m),M,Gold
Paris,1924,Cycling,Cycling Track,"MENEGAZZI, Aurelio",ITA,Men,Team Pursuit (4000m),M,Gold
Paris,1924,Cycling,Cycling Track,"ZUCCHETTI, Francesco",ITA,Men,Team Pursuit (4000m),M,Gold
Paris,1924,Cycling,Cycling Track,"LANGE, Jozef",POL,Men,Team Pursuit (4000m),M,Silver
Paris,1924,Cycling,Cycling Track,"LAZARSKI, Jan",POL,Men,Team Pursuit (4000m),M,Silver
Paris,1924,Cycling,Cycling Track,"STANKIEWICZ, Tomasz",POL,Men,Team Pursuit (4000m),M,Silver
Paris,1924,Cycling,Cycling Track,"SZYMCZYK, Franciszek",POL,Men,Team Pursuit (4000m),M,Silver
Paris,1924,Equestrian,Dressage,"LESAGE, Xavier François",FRA,Men,individual,X,Bronze
Paris,1924,Equestrian,Dressage,"DE LINDER, Ernst",SWE,Men,individual,X,Gold
Paris,1924,Equestrian,Dressage,"SANDSTRÖM, Bertil",SWE,Men,individual,X,Silver
Paris,1924,Equestrian,Eventing,"DOAK, Sloan",USA,Men,individual,X,Bronze
Paris,1924,Equestrian,Eventing,"VAN DER VOORT VAN ZIJP, Adolf Dirk C.",NED,Men,individual,X,Gold
Paris,1924,Equestrian,Eventing,"KIRKEBJERG, Frode Rasmussen",DEN,Men,individual,X,Silver
Paris,1924,Equestrian,Eventing,"ALVISI, Alessandro",ITA,Men,team,X,Bronze
Paris,1924,Equestrian,Eventing,"DI PRALORMO, Emanuele",ITA,Men,team,X,Bronze
Paris,1924,Equestrian,Eventing,"LEQUIO DI ASSABA, Tommaso",ITA,Men,team,X,Bronze
Paris,1924,Equestrian,Eventing,"LOMBARDI, Alberto",ITA,Men,team,X,Bronze
Paris,1924,Equestrian,Eventing,"COLENBRANDER, Antonius Theodorus",NED,Men,team,X,Gold
Paris,1924,Equestrian,Eventing,"DE KRUIJFF, Gerard Pieter",NED,Men,team,X,Gold
Paris,1924,Equestrian,Eventing,"PAHUD DE MORTANGES, Charles Ferdinand",NED,Men,team,X,Gold
Paris,1924,Equestrian,Eventing,"VAN DER VOORT VAN ZIJP, Adolf Dirk C.",NED,Men,team,X,Gold
Paris,1924,Equestrian,Eventing,"DE KÖNIG, Claës",SWE,Men,team,X,Silver
Paris,1924,Equestrian,Eventing,"HAGELIN, Gustaf W.",SWE,Men,team,X,Silver
Paris,1924,Equestrian,Eventing,"LEWENHAUPT, G. W.",SWE,Men,team,X,Silver
Paris,1924,Equestrian,Eventing,"SYLVAN, C. Torsten L.",SWE,Men,team,X,Silver
Paris,1924,Equestrian,Eventing,ANITA,SWE,Women,team,X,Silver
Paris,1924,Equestrian,Jumping,"KROLIKIEWICZ, Adam",POL,Men,individual,X,Bronze
Paris,1924,Equestrian,Jumping,"GEMUSEUS, Alphonse",SUI,Men,individual,X,Gold
Paris,1924,Equestrian,Jumping,"LEQUIO DI ASSABA, Tommaso",ITA,Men,individual,X,Silver
Paris,1924,Equestrian,Jumping,"BORGES D'ALMEIDA, Antonio",POR,Men,team,X,Bronze
Paris,1924,Equestrian,Jumping,"DE SOUZA MARTINS, Helder",POR,Men,team,X,Bronze
Paris,1924,Equestrian,Jumping,"MOUZINHO D'ALBUQUERQUE, José",POR,Men,team,X,Bronze
Paris,1924,Equestrian,Jumping,"LUNDSTRÖM, Age",SWE,Men,team,X,Gold
Paris,1924,Equestrian,Jumping,"STAHLE, Axel",SWE,Men,team,X,Gold
Paris,1924,Equestrian,Jumping,"THELNING, Ake",SWE,Men,team,X,Gold
Paris,1924,Equestrian,Jumping,"BÜHLER, Hans E.",SUI,Men,team,X,Silver
Paris,1924,Equestrian,Jumping,"GEMUSEUS, Alphonse",SUI,Men,team,X,Silver
Paris,1924,Equestrian,Jumping,"STUBER, Werner",SUI,Men,team,X,Silver
Paris,1924,Fencing,Fencing,"HELLSTEN, Nils Erik",SWE,Men,épée individual,M,Bronze
Paris,1924,Fencing,Fencing,"DELPORTE, Charles",BEL,Men,épée individual,M,Gold
Paris,1924,Fencing,Fencing,"DUCRET, Roger François",FRA,Men,épée individual,M,Silver
Paris,1924,Fencing,Fencing,"BASLETTA, Giulio",ITA,Men,épée team,M,Bronze
Paris,1924,Fencing,Fencing,"BERTINETTI, Marcello",ITA,Men,épée team,M,Bronze
Paris,1924,Fencing,Fencing,"CANOVA, Giovanni",ITA,Men,épée team,M,Bronze
Paris,1924,Fencing,Fencing,"CUCCIA, Vincenzo",ITA,Men,épée team,M,Bronze
Paris,1924,Fencing,Fencing,"MONTEGAZZA, V.",ITA,Men,épée team,M,Bronze
Paris,1924,Fencing,Fencing,"MORICCA, Oreste",ITA,Men,épée team,M,Bronze
Paris,1924,Fencing,Fencing,"BUCHARD, Georges",FRA,Men,épée team,M,Gold
Paris,1924,Fencing,Fencing,"DUCRET, Roger François",FRA,Men,épée team,M,Gold
Paris,1924,Fencing,Fencing,"GAUDIN, Lucien",FRA,Men,épée team,M,Gold
Paris,1924,Fencing,Fencing,"LABATTUT, André",FRA,Men,épée team,M,Gold
Paris,1924,Fencing,Fencing,"LIOTTEL, Lionel",FRA,Men,épée team,M,Gold
Paris,1924,Fencing,Fencing,"LIPPMANN, Alexandre",FRA,Men,épée team,M,Gold
Paris,1924,Fencing,Fencing,"TAINTURIER, Georges",FRA,Men,épée team,M,Gold
Paris,1924,Fencing,Fencing,"ANSPACH, Paul",BEL,Men,épée team,M,Silver
Paris,1924,Fencing,Fencing,"DE CRAECKER, Joseph",BEL,Men,épée team,M,Silver
Paris,1924,Fencing,Fencing,"DE MONTIGNY, Fernand",BEL,Men,épée team,M,Silver
Paris,1924,Fencing,Fencing,"DELPORTE, Charles",BEL,Men,épée team,M,Silver
Paris,1924,Fencing,Fencing,"GEVERS, Ernest",BEL,Men,épée team,M,Silver
Paris,1924,Fencing,Fencing,"TOM, Léon",BEL,Men,épée team,M,Silver
Paris,1924,Fencing,Fencing,"VAN DAMME, Maurice E.",BEL,Men,foil individual,M,Bronze
Paris,1924,Fencing,Fencing,"DUCRET, Roger François",FRA,Men,foil individual,M,Gold
Paris,1924,Fencing,Fencing,"CATTIAU, Philippe",FRA,Men,foil individual,M,Silver
Paris,1924,Fencing,Fencing,"HECKSCHER, Grete",DEN,Women,foil individual,W,Bronze
Paris,1924,Fencing,Fencing,"OSIIER, Ellen Ottilia",DEN,Women,foil individual,W,Gold
Paris,1924,Fencing,Fencing,"DAVIS, Gladis Muriel",GBR,Women,foil individual,W,Silver
Paris,1924,Fencing,Fencing,"BERTI, Laszlo",HUN,Men,foil team,M,Bronze
Paris,1924,Fencing,Fencing,"LICHTENECKERT, Istvan",HUN,Men,foil team,M,Bronze
Paris,1924,Fencing,Fencing,"POSTA, Sandor",HUN,Men,foil team,M,Bronze
Paris,1924,Fencing,Fencing,"SCHENKER, Zoltan",HUN,Men,foil team,M,Bronze
Paris,1924,Fencing,Fencing,"TERSZTYANSZKY, Ödön",HUN,Men,foil team,M,Bronze
Paris,1924,Fencing,Fencing,"CATTIAU, Philippe",FRA,Men,foil team,M,Gold
Paris,1924,Fencing,Fencing,"COUTROT, Jacques",FRA,Men,foil team,M,Gold
Paris,1924,Fencing,Fencing,"DE LUGET, Guy",FRA,Men,foil team,M,Gold
Paris,1924,Fencing,Fencing,"DUCRET, Roger François",FRA,Men,foil team,M,Gold
Paris,1924,Fencing,Fencing,"GAUDIN, Lucien",FRA,Men,foil team,M,Gold
Paris,1924,Fencing,Fencing,"JOBIER, Henri",FRA,Men,foil team,M,Gold
Paris,1924,Fencing,Fencing,"LABATTUT, André",FRA,Men,foil team,M,Gold
Paris,1924,Fencing,Fencing,"PEROTEAUX, Josef",FRA,Men,foil team,M,Gold
Paris,1924,Fencing,Fencing,"BERRE, Marcel L.",BEL,Men,foil team,M,Silver
Paris,1924,Fencing,Fencing,"BEURAIN, Désiré",BEL,Men,foil team,M,Silver
Paris,1924,Fencing,Fencing,"CRAHAY, Charles",BEL,Men,foil team,M,Silver
Paris,1924,Fencing,Fencing,"DE MONTIGNY, Fernand",BEL,Men,foil team,M,Silver
Paris,1924,Fencing,Fencing,"DE ROOCKER, Albert",BEL,Men,foil team,M,Silver
Paris,1924,Fencing,Fencing,"VAN DAMME, Maurice E.",BEL,Men,foil team,M,Silver
Paris,1924,Fencing,Fencing,"GARAY, Janos",HUN,Men,sabre individual,M,Bronze
Paris,1924,Fencing,Fencing,"POSTA, Sandor",HUN,Men,sabre individual,M,Gold
Paris,1924,Fencing,Fencing,"DUCRET, Roger François",FRA,Men,sabre individual,M,Silver
Paris,1924,Fencing,Fencing,"DE JONG, Adrianus Egbertus Willem",NED,Men,sabre team,M,Bronze
Paris,1924,Fencing,Fencing,"DOORMAN, Jetze",NED,Men,sabre team,M,Bronze
