Tokyo,1964,Sailing,Sailing,"THÖRN, Lars",SWE,Men,5.5m,X,Silver
Tokyo,1964,Sailing,Sailing,"DEAVER, Richard Burke",USA,Men,dragon,X,Bronze
Tokyo,1964,Sailing,Sailing,"NORTH, Lowell Orton",USA,Men,dragon,X,Bronze
Tokyo,1964,Sailing,Sailing,"ROGERS, Charles Sinclair",USA,Men,dragon,X,Bronze
Tokyo,1964,Sailing,Sailing,"BERNTSEN, Ole Valdemar Henrik",DEN,Men,dragon,X,Gold
Tokyo,1964,Sailing,Sailing,"POULSEN, Ole",DEN,Men,dragon,X,Gold
Tokyo,1964,Sailing,Sailing,"VON BÜLOW, Christian Robert",DEN,Men,dragon,X,Gold
Tokyo,1964,Sailing,Sailing,"AHRENDT, Peter",EUA,Men,dragon,X,Silver
Tokyo,1964,Sailing,Sailing,"LORENZ, Wilfred",EUA,Men,dragon,X,Silver
Tokyo,1964,Sailing,Sailing,"MENSE, Ulrich",EUA,Men,dragon,X,Silver
Tokyo,1964,Sailing,Sailing,"BENTSEN, William Bruce",USA,Men,flying dutchman,X,Bronze
Tokyo,1964,Sailing,Sailing,"MELGES, Harry Clemens",USA,Men,flying dutchman,X,Bronze
Tokyo,1964,Sailing,Sailing,"PEDERSEN, Helmer Orlaf L.",NZL,Men,flying dutchman,X,Gold
Tokyo,1964,Sailing,Sailing,"WELLS, Earle Leonard",NZL,Men,flying dutchman,X,Gold
Tokyo,1964,Sailing,Sailing,"MORGAN, Anthony William Crawfort",GBR,Men,flying dutchman,X,Silver
Tokyo,1964,Sailing,Sailing,"MUSTO, Franklyn Keith",GBR,Men,flying dutchman,X,Silver
Tokyo,1964,Sailing,Sailing,"WIND, Henning Norgaard",DEN,Men,single-handed dinghy (Finn),M,Bronze
Tokyo,1964,Sailing,Sailing,"KUHWEIDE, Wilhelm",EUA,Men,single-handed dinghy (Finn),M,Gold
Tokyo,1964,Sailing,Sailing,"BARRETT, Peter Jones",USA,Men,single-handed dinghy (Finn),M,Silver
Tokyo,1964,Sailing,Sailing,"PETTERSSON, Pelle Helmer",SWE,Men,two-person keelboat open (Star),X,Bronze
Tokyo,1964,Sailing,Sailing,"SUNDSTRÖM, Holger",SWE,Men,two-person keelboat open (Star),X,Bronze
Tokyo,1964,Sailing,Sailing,"COOKE, Cecil George",BAH,Men,two-person keelboat open (Star),X,Gold
Tokyo,1964,Sailing,Sailing,"KNOWLES, Durward Randolph",BAH,Men,two-person keelboat open (Star),X,Gold
Tokyo,1964,Sailing,Sailing,"STEARNS, Richard Irving",USA,Men,two-person keelboat open (Star),X,Silver
Tokyo,1964,Sailing,Sailing,"WILLIAMS, Lynn Alfred III",USA,Men,two-person keelboat open (Star),X,Silver
Tokyo,1964,Shooting,Shooting,"NACOVSKY, Lubomir",TCH,Men,25m rapid fire pistol (60 shots),M,Bronze
Tokyo,1964,Shooting,Shooting,"LINNOSVUO, Pentti Tapio Akseli",FIN,Men,25m rapid fire pistol (60 shots),M,Gold
Tokyo,1964,Shooting,Shooting,"TRIPSA, Ion",ROU,Men,25m rapid fire pistol (60 shots),M,Silver
Tokyo,1964,Shooting,Shooting,"GUNNARSSON, Martine Ingemar",USA,Men,300m free rifle 3 positions (3x40 shots),M,Bronze
Tokyo,1964,Shooting,Shooting,"ANDERSON, Gary Lee",USA,Men,300m free rifle 3 positions (3x40 shots),M,Gold
Tokyo,1964,Shooting,Shooting,"KVELIASHVILI, Shota",URS,Men,300m free rifle 3 positions (3x40 shots),M,Silver
Tokyo,1964,Shooting,Shooting,"YOSHIKAWA, Yoshihisa",JPN,Men,50m pistol (60 shots),M,Bronze
Tokyo,1964,Shooting,Shooting,"MARKKANEN, Väinö Johannes",FIN,Men,50m pistol (60 shots),M,Gold
Tokyo,1964,Shooting,Shooting,"GREEN, Franklin Crawford",USA,Men,50m pistol (60 shots),M,Silver
Tokyo,1964,Shooting,Shooting,"HAMMERL, Laszlo",HUN,Men,50m rifle 3 positions (3x40 shots),M,Bronze
Tokyo,1964,Shooting,Shooting,"WIGGER, Lones Wesley Jr.",USA,Men,50m rifle 3 positions (3x40 shots),M,Gold
Tokyo,1964,Shooting,Shooting,"CHRISTOV, Velitchko",BUL,Men,50m rifle 3 positions (3x40 shots),M,Silver
Tokyo,1964,Shooting,Shooting,"POOL, Thomas Gayle",USA,Men,50m rifle prone (60 shots),M,Bronze
Tokyo,1964,Shooting,Shooting,"HAMMERL, Laszlo",HUN,Men,50m rifle prone (60 shots),M,Gold
Tokyo,1964,Shooting,Shooting,"WIGGER, Lones Wesley Jr.",USA,Men,50m rifle prone (60 shots),M,Silver
Tokyo,1964,Shooting,Shooting,"MORRIS, William Clifton",USA,Men,trap (125 targets),M,Bronze
Tokyo,1964,Shooting,Shooting,"MATTARELLI, Ennio",ITA,Men,trap (125 targets),M,Gold
Tokyo,1964,Shooting,Shooting,"SENICHEV, Pavel",URS,Men,trap (125 targets),M,Silver
Tokyo,1964,Volleyball,Volleyball,"DEMACHI, Yutaka",JPN,Men,volleyball,M,Bronze
Tokyo,1964,Volleyball,Volleyball,"HIGUCHI, Tokihiko",JPN,Men,volleyball,M,Bronze
Tokyo,1964,Volleyball,Volleyball,"IKEDA, Nachiro",JPN,Men,volleyball,M,Bronze
Tokyo,1964,Volleyball,Volleyball,"KOSEDO, Toshiaki",JPN,Men,volleyball,M,Bronze
Tokyo,1964,Volleyball,Volleyball,"KOYAMA, Tsutomu",JPN,Men,volleyball,M,Bronze
Tokyo,1964,Volleyball,Volleyball,"MINAMI, Masayuki",JPN,Men,volleyball,M,Bronze
Tokyo,1964,Volleyball,Volleyball,"MORIYAMA, Teruhisa",JPN,Men,volleyball,M,Bronze
Tokyo,1964,Volleyball,Volleyball,"NAKAMURA, Yuzo",JPN,Men,volleyball,M,Bronze
Tokyo,1964,Volleyball,Volleyball,"NEKODA, Katsutoshi",JPN,Men,volleyball,M,Bronze
Tokyo,1964,Volleyball,Volleyball,"SATO, Yasutaka",JPN,Men,volleyball,M,Bronze
Tokyo,1964,Volleyball,Volleyball,"SUGAHARA, Sadatoshi",JPN,Men,volleyball,M,Bronze
Tokyo,1964,Volleyball,Volleyball,"TOKUTOMI, Takeshi",JPN,Men,volleyball,M,Bronze
Tokyo,1964,Volleyball,Volleyball,"BUGAENKOV, Ivan",URS,Men,volleyball,M,Gold
Tokyo,1964,Volleyball,Volleyball,"BUROBIN, Nikolai",URS,Men,volleyball,M,Gold
Tokyo,1964,Volleyball,Volleyball,"CHESNOKOV, Yuri",URS,Men,volleyball,M,Gold
Tokyo,1964,Volleyball,Volleyball,"KALACHIKHIN, Valeri",URS,Men,volleyball,M,Gold
Tokyo,1964,Volleyball,Volleyball,"KATCHARAVA, Vazha",URS,Men,volleyball,M,Gold
Tokyo,1964,Volleyball,Volleyball,"KOVALENKO, Vitali",URS,Men,volleyball,M,Gold
Tokyo,1964,Volleyball,Volleyball,"LYUGAILO, Stanislav",URS,Men,volleyball,M,Gold
Tokyo,1964,Volleyball,Volleyball,"MONDZOLEVSKY, Georgi",URS,Men,volleyball,M,Gold
Tokyo,1964,Volleyball,Volleyball,"POYARKOV, Yuri",URS,Men,volleyball,M,Gold
Tokyo,1964,Volleyball,Volleyball,"SIBIRYAKOV, Eduard",URS,Men,volleyball,M,Gold
Tokyo,1964,Volleyball,Volleyball,"VENGEROVSKY, Yuri",URS,Men,volleyball,M,Gold
Tokyo,1964,Volleyball,Volleyball,"VOSKOBOINIKOV, Dmitri",URS,Men,volleyball,M,Gold
Tokyo,1964,Volleyball,Volleyball,"CUDA, Milan",TCH,Men,volleyball,M,Silver
Tokyo,1964,Volleyball,Volleyball,"GOLIAN, Bohumil",TCH,Men,volleyball,M,Silver
Tokyo,1964,Volleyball,Volleyball,"HUMHAL, Zdenek",TCH,Men,volleyball,M,Silver
Tokyo,1964,Volleyball,Volleyball,"KOP, Petr",TCH,Men,volleyball,M,Silver
Tokyo,1964,Volleyball,Volleyball,"LABUDA, Josef",TCH,Men,volleyball,M,Silver
Tokyo,1964,Volleyball,Volleyball,"MUSIL, Josef",TCH,Men,volleyball,M,Silver
Tokyo,1964,Volleyball,Volleyball,"PAULUS, Karel",TCH,Men,volleyball,M,Silver
Tokyo,1964,Volleyball,Volleyball,"PERUSIC, Boris",TCH,Men,volleyball,M,Silver
Tokyo,1964,Volleyball,Volleyball,"SCHENK, Pavel",TCH,Men,volleyball,M,Silver
Tokyo,1964,Volleyball,Volleyball,"SMIDL, Vaclav",TCH,Men,volleyball,M,Silver
Tokyo,1964,Volleyball,Volleyball,"SORM, Josef",TCH,Men,volleyball,M,Silver
Tokyo,1964,Volleyball,Volleyball,"TOMAN, Ladislav",TCH,Men,volleyball,M,Silver
Tokyo,1964,Volleyball,Volleyball,"BUSZ, Hanna Krystyna",POL,Women,volleyball,W,Bronze
Tokyo,1964,Volleyball,Volleyball,"CZAJKOWSKA, Krystyna",POL,Women,volleyball,W,Bronze
Tokyo,1964,Volleyball,Volleyball,"GOLIMOWSKA, Marja",POL,Women,volleyball,W,Bronze
Tokyo,1964,Volleyball,Volleyball,"HERMELA-NIEMCZYK, Barbara Wieslawa",POL,Women,volleyball,W,Bronze
Tokyo,1964,Volleyball,Volleyball,"JAKUBOWSKA, Krystyna",POL,Women,volleyball,W,Bronze
Tokyo,1964,Volleyball,Volleyball,"KORDACZUK, Danuta",POL,Women,volleyball,W,Bronze
Tokyo,1964,Volleyball,Volleyball,"KRUP, Krystyna",POL,Women,volleyball,W,Bronze
Tokyo,1964,Volleyball,Volleyball,"LEDWIG, Jozefa",POL,Women,volleyball,W,Bronze
Tokyo,1964,Volleyball,Volleyball,"MARKO-KSIAZEK, Jadwiga",POL,Women,volleyball,W,Bronze
Tokyo,1964,Volleyball,Volleyball,"RUTKOWSKA, Jadwiga",POL,Women,volleyball,W,Bronze
Tokyo,1964,Volleyball,Volleyball,"SLIWKA, Marja",POL,Women,volleyball,W,Bronze
Tokyo,1964,Volleyball,Volleyball,"SZCZESNIEWSKA, Zofia",POL,Women,volleyball,W,Bronze
Tokyo,1964,Volleyball,Volleyball,"FUJIMOTO, Yuko",JPN,Women,volleyball,W,Gold
Tokyo,1964,Volleyball,Volleyball,"HANDA, Yuriko",JPN,Women,volleyball,W,Gold
Tokyo,1964,Volleyball,Volleyball,"ISOBE, Sata",JPN,Women,volleyball,W,Gold
Tokyo,1964,Volleyball,Volleyball,"KASAI, Masae",JPN,Women,volleyball,W,Gold
Tokyo,1964,Volleyball,Volleyball,"KONDO, Maseko",JPN,Women,volleyball,W,Gold
Tokyo,1964,Volleyball,Volleyball,"MATSUMURA, Katsumi",JPN,Women,volleyball,W,Gold
Tokyo,1964,Volleyball,Volleyball,"MATSUMURA, Yoshiko",JPN,Women,volleyball,W,Gold
Tokyo,1964,Volleyball,Volleyball,"MIYAMOTO, Emiko",JPN,Women,volleyball,W,Gold
Tokyo,1964,Volleyball,Volleyball,"SASAKI, Setsuko",JPN,Women,volleyball,W,Gold
Tokyo,1964,Volleyball,Volleyball,"SHIBUKI, Ayano",JPN,Women,volleyball,W,Gold
Tokyo,1964,Volleyball,Volleyball,"SHINOZAKI, Yoko",JPN,Women,volleyball,W,Gold
Tokyo,1964,Volleyball,Volleyball,"TANIDA, Kinuko",JPN,Women,volleyball,W,Gold
Tokyo,1964,Volleyball,Volleyball,"ABRAMOVA, Nelli",URS,Women,volleyball,W,Silver
Tokyo,1964,Volleyball,Volleyball,"BILTAUER, Astra",URS,Women,volleyball,W,Silver
Tokyo,1964,Volleyball,Volleyball,"BULDAKOVA, Lyudmila",URS,Women,volleyball,W,Silver
Tokyo,1964,Volleyball,Volleyball,"GUREEVA, Lyudmila",URS,Women,volleyball,W,Silver
Tokyo,1964,Volleyball,Volleyball,"KAMENEK-VINOGRADOVA, Valentina",URS,Women,volleyball,W,Silver
Tokyo,1964,Volleyball,Volleyball,"KATUSHEVA, Marita",URS,Women,volleyball,W,Silver
Tokyo,1964,Volleyball,Volleyball,"LUKANINA, Ninel",URS,Women,volleyball,W,Silver
Tokyo,1964,Volleyball,Volleyball,"MISHAK, Valentina",URS,Women,volleyball,W,Silver
Tokyo,1964,Volleyball,Volleyball,"ROSHCHINA, Tatyana",URS,Women,volleyball,W,Silver
Tokyo,1964,Volleyball,Volleyball,"RYSKAL, Inna",URS,Women,volleyball,W,Silver
Tokyo,1964,Volleyball,Volleyball,"RYZHOVA, Antonina",URS,Women,volleyball,W,Silver
Tokyo,1964,Volleyball,Volleyball,"TIKHONINA, Tamara",URS,Women,volleyball,W,Silver
Tokyo,1964,Weightlifting,Weightlifting,"ISHINOSEKI, Shiro",JPN,Men,"- 56kg, total (bantamweight)",M,Bronze
Tokyo,1964,Weightlifting,Weightlifting,"VAKHONIN, Aleksei",URS,Men,"- 56kg, total (bantamweight)",M,Gold
Tokyo,1964,Weightlifting,Weightlifting,"FÖLDI, Imre",HUN,Men,"- 56kg, total (bantamweight)",M,Silver
Tokyo,1964,Weightlifting,Weightlifting,"SCHEMANSKY, Norbert",USA,Men,"+ 90kg, total (heavyweight)",M,Bronze
Tokyo,1964,Weightlifting,Weightlifting,"ZHABOTINSKY, Leonid",URS,Men,"+ 90kg, total (heavyweight)",M,Gold
Tokyo,1964,Weightlifting,Weightlifting,"VLASOV, Yuri",URS,Men,"+ 90kg, total (heavyweight)",M,Silver
Tokyo,1964,Weightlifting,Weightlifting,"NOWAK, Mieczyslaw",POL,Men,"56 - 60kg, total (featherweight)",M,Bronze
Tokyo,1964,Weightlifting,Weightlifting,"MIYAKE, Yoshinobu",JPN,Men,"56 - 60kg, total (featherweight)",M,Gold
Tokyo,1964,Weightlifting,Weightlifting,"BERGER, Isaac",USA,Men,"56 - 60kg, total (featherweight)",M,Silver
Tokyo,1964,Weightlifting,Weightlifting,"ZIELINSKI, Marian",POL,Men,"60 - 67.5kg, total (lightweight)",M,Bronze
Tokyo,1964,Weightlifting,Weightlifting,"BASZANOWSKI, Waldemar",POL,Men,"60 - 67.5kg, total (lightweight)",M,Gold
Tokyo,1964,Weightlifting,Weightlifting,"KAPLUNOV, Vladimir",URS,Men,"60 - 67.5kg, total (lightweight)",M,Silver
Tokyo,1964,Weightlifting,Weightlifting,"OHUCHI, Masashi",JPN,Men,"67.5 - 75kg, total (middleweight)",M,Bronze
Tokyo,1964,Weightlifting,Weightlifting,"ZDRAZILA, Hans",TCH,Men,"67.5 - 75kg, total (middleweight)",M,Gold
Tokyo,1964,Weightlifting,Weightlifting,"KURENTSOV, Viktor",URS,Men,"67.5 - 75kg, total (middleweight)",M,Silver
Tokyo,1964,Weightlifting,Weightlifting,"VERES, Gyözö",HUN,Men,"75 - 82.5kg, total (light-heavyweight)",M,Bronze
Tokyo,1964,Weightlifting,Weightlifting,"PLYUKFELDER, Rudolf",URS,Men,"75 - 82.5kg, total (light-heavyweight)",M,Gold
Tokyo,1964,Weightlifting,Weightlifting,"TOTH, Geza",HUN,Men,"75 - 82.5kg, total (light-heavyweight)",M,Silver
Tokyo,1964,Weightlifting,Weightlifting,"PALINSKI, Ireneusz",POL,Men,"82.5 - 90kg, total (middle-heavyweight)",M,Bronze
Tokyo,1964,Weightlifting,Weightlifting,"GOLOVANOV, Vladimir",URS,Men,"82.5 - 90kg, total (middle-heavyweight)",M,Gold
Tokyo,1964,Weightlifting,Weightlifting,"MARTIN, Louis George",GBR,Men,"82.5 - 90kg, total (middle-heavyweight)",M,Silver
Tokyo,1964,Wrestling,Wrestling Free.,"HAYDARI, Said Ali Akbar",IRI,Men,- 52kg (flyweight),M,Bronze
Tokyo,1964,Wrestling,Wrestling Free.,"YOSHIDA, Yoshikatsu",JPN,Men,- 52kg (flyweight),M,Gold
Tokyo,1964,Wrestling,Wrestling Free.,"CHANG, Chang-Sun",KOR,Men,- 52kg (flyweight),M,Silver
Tokyo,1964,Wrestling,Wrestling Free.,"KAPLAN, Hamit",TUR,Men,+ 97kg (heavyweight),M,Bronze
Tokyo,1964,Wrestling,Wrestling Free.,"IVANITSKY, Aleksandr",URS,Men,+ 97kg (heavyweight),M,Gold
Tokyo,1964,Wrestling,Wrestling Free.,"DJIBER, Liutvi Akhmedov",BUL,Men,+ 97kg (heavyweight),M,Silver
Tokyo,1964,Wrestling,Wrestling Free.,"IBRAGIMOV, Aidyn Ali Ogly",URS,Men,52 - 57kg (bantamweight),M,Bronze
Tokyo,1964,Wrestling,Wrestling Free.,"UETAKE, Yojiro",JPN,Men,52 - 57kg (bantamweight),M,Gold
Tokyo,1964,Wrestling,Wrestling Free.,"AKBAS, Hüseyin",TUR,Men,52 - 57kg (bantamweight),M,Silver
Tokyo,1964,Wrestling,Wrestling Free.,"KHOKHASHVILI, Nodar",URS,Men,57 - 63kg (featherweight),M,Bronze
Tokyo,1964,Wrestling,Wrestling Free.,"WATANABE, Osamu",JPN,Men,57 - 63kg (featherweight),M,Gold
Tokyo,1964,Wrestling,Wrestling Free.,"KOLEV, Stancho Ivanov",BUL,Men,57 - 63kg (featherweight),M,Silver
Tokyo,1964,Wrestling,Wrestling Free.,"HORIUCHI, Iwao",JPN,Men,63 - 70kg (lightweight),M,Bronze
Tokyo,1964,Wrestling,Wrestling Free.,"VALTCHEV, Enyu Dimov",BUL,Men,63 - 70kg (lightweight),M,Gold
Tokyo,1964,Wrestling,Wrestling Free.,"ROST, Klaus-Jürgen",EUA,Men,63 - 70kg (lightweight),M,Silver
Tokyo,1964,Wrestling,Wrestling Free.,"SANATKARAN, Mohammad Ali",IRI,Men,70 - 78kg (welterweight),M,Bronze
Tokyo,1964,Wrestling,Wrestling Free.,"OGAN, Ismail",TUR,Men,70 - 78kg (welterweight),M,Gold
Tokyo,1964,Wrestling,Wrestling Free.,"SAGARADZE, Guliko",URS,Men,70 - 78kg (welterweight),M,Silver
Tokyo,1964,Wrestling,Wrestling Free.,"BRAND, Daniel Oliver",USA,Men,78 - 87kg (middleweight),M,Bronze
Tokyo,1964,Wrestling,Wrestling Free.,"GARDJEV, Prodan Stoyanov",BUL,Men,78 - 87kg (middleweight),M,Gold
Tokyo,1964,Wrestling,Wrestling Free.,"GÜNGÖR, Hasan",TUR,Men,78 - 87kg (middleweight),M,Silver
Tokyo,1964,Wrestling,Wrestling Free.,"CHERIFOV, Said Mustafov",BUL,Men,87 - 97kg (light-heavyweight),M,Bronze
Tokyo,1964,Wrestling,Wrestling Free.,"MEDVED, Aleksandr",URS,Men,87 - 97kg (light-heavyweight),M,Gold
Tokyo,1964,Wrestling,Wrestling Free.,"AYIK, Ahmet",TUR,Men,87 - 97kg (light-heavyweight),M,Silver
Tokyo,1964,Wrestling,Wrestling Gre-R,"PIRVULESCU, Dumitru",ROU,Men,- 52kg (flyweight),M,Bronze
Tokyo,1964,Wrestling,Wrestling Gre-R,"HANAHARA, Tsutomu",JPN,Men,- 52kg (flyweight),M,Gold
Tokyo,1964,Wrestling,Wrestling Gre-R,"KERESOV, Angel Stoyanov",BUL,Men,- 52kg (flyweight),M,Silver
Tokyo,1964,Wrestling,Wrestling Gre-R,"DIETRICH, Wilfried",EUA,Men,+ 97kg (super heavyweight),M,Bronze
Tokyo,1964,Wrestling,Wrestling Gre-R,"KOZMA, Istvan",HUN,Men,+ 97kg (super heavyweight),M,Gold
Tokyo,1964,Wrestling,Wrestling Gre-R,"ROSHCHIN, Anatoli",URS,Men,+ 97kg (super heavyweight),M,Silver
Tokyo,1964,Wrestling,Wrestling Gre-R,"CERNEA, Ion",ROU,Men,52 - 57kg (bantamweight),M,Bronze
Tokyo,1964,Wrestling,Wrestling Gre-R,"ICHIGUCHI, Masamitsu",JPN,Men,52 - 57kg (bantamweight),M,Gold
Tokyo,1964,Wrestling,Wrestling Gre-R,"TROSTYANSKY, Vladlen",URS,Men,52 - 57kg (bantamweight),M,Silver
Tokyo,1964,Wrestling,Wrestling Gre-R,"MARTINOVIC, Branko",YUG,Men,57 - 63kg (featherweight),M,Bronze
Tokyo,1964,Wrestling,Wrestling Gre-R,"POLYAK, Imre",HUN,Men,57 - 63kg (featherweight),M,Gold
Tokyo,1964,Wrestling,Wrestling Gre-R,"RURUA, Roman",URS,Men,57 - 63kg (featherweight),M,Silver
Tokyo,1964,Wrestling,Wrestling Gre-R,"GVANTELADZE, David",URS,Men,63 - 70kg (lightweight),M,Bronze
Tokyo,1964,Wrestling,Wrestling Gre-R,"AYVAZ, Kazim",TUR,Men,63 - 70kg (lightweight),M,Gold
Tokyo,1964,Wrestling,Wrestling Gre-R,"BULARCA, Valeriu",ROU,Men,63 - 70kg (lightweight),M,Silver
Tokyo,1964,Wrestling,Wrestling Gre-R,"NYSTRÖM, Bertil",SWE,Men,70 - 78kg (welterweight),M,Bronze
Tokyo,1964,Wrestling,Wrestling Gre-R,"KOLESOV, Anatoli",URS,Men,70 - 78kg (welterweight),M,Gold
Tokyo,1964,Wrestling,Wrestling Gre-R,"TODOROV, Kiril Petkov",BUL,Men,70 - 78kg (welterweight),M,Silver
Tokyo,1964,Wrestling,Wrestling Gre-R,"METZ, Lothar",EUA,Men,78 - 87kg (middleweight),M,Bronze
Tokyo,1964,Wrestling,Wrestling Gre-R,"SIMIC, Branislav",YUG,Men,78 - 87kg (middleweight),M,Gold
Tokyo,1964,Wrestling,Wrestling Gre-R,"KORMANIK, Jiri",TCH,Men,78 - 87kg (middleweight),M,Silver
Tokyo,1964,Wrestling,Wrestling Gre-R,"KIEHL, Heinz",EUA,Men,87 - 97kg (light-heavyweight),M,Bronze
Tokyo,1964,Wrestling,Wrestling Gre-R,"RADEV, Boyan Aleksandrov",BUL,Men,87 - 97kg (light-heavyweight),M,Gold
Tokyo,1964,Wrestling,Wrestling Gre-R,"SVENSSON, Per Oscar",SWE,Men,87 - 97kg (light-heavyweight),M,Silver
Mexico,1968,Aquatics,Diving,"YOUNG, Edwin Frank",USA,Men,10m platform,M,Bronze
Mexico,1968,Aquatics,Diving,"DIBIASI, Klaus",ITA,Men,10m platform,M,Gold
Mexico,1968,Aquatics,Diving,"GAXIOLA ROBLES, Alvaro",MEX,Men,10m platform,M,Silver
Mexico,1968,Aquatics,Diving,"PETERSON, Ann Stewart",USA,Women,10m platform,W,Bronze
Mexico,1968,Aquatics,Diving,"DUCHKOVA, Milena",TCH,Women,10m platform,W,Gold
Mexico,1968,Aquatics,Diving,"KUZNETSOVA-LOBANOVA, Natalya",URS,Women,10m platform,W,Silver
Mexico,1968,Aquatics,Diving,"HENRY, James Edward",USA,Men,3m springboard,M,Bronze
Mexico,1968,Aquatics,Diving,"WRIGHTSON, Bernard Charles",USA,Men,3m springboard,M,Gold
Mexico,1968,Aquatics,Diving,"DIBIASI, Klaus",ITA,Men,3m springboard,M,Silver
Mexico,1968,Aquatics,Diving,"O'SULLIVAN, Keala",USA,Women,3m springboard,W,Bronze
Mexico,1968,Aquatics,Diving,"GOSSICK, Susanne",USA,Women,3m springboard,W,Gold
Mexico,1968,Aquatics,Diving,"FEDOSOVA-POGOZHEVA, Tamara",URS,Women,3m springboard,W,Silver
Mexico,1968,Aquatics,Swimming,"MILLS, Ronald P.",USA,Men,100m backstroke,M,Bronze
Mexico,1968,Aquatics,Swimming,"MATTHES, Roland",GDR,Men,100m backstroke,M,Gold
Mexico,1968,Aquatics,Swimming,"HICKCOX, Charles Buchanan",USA,Men,100m backstroke,M,Silver
Mexico,1968,Aquatics,Swimming,"SWAGERTY, Jane Ellen",USA,Women,100m backstroke,W,Bronze
Mexico,1968,Aquatics,Swimming,"HALL, Kaye Marie",USA,Women,100m backstroke,W,Gold
Mexico,1968,Aquatics,Swimming,"TANNER, Elaine",CAN,Women,100m backstroke,W,Silver
Mexico,1968,Aquatics,Swimming,"PANKIN, Nikolai",URS,Men,100m breaststroke,M,Bronze
Mexico,1968,Aquatics,Swimming,"MCKENZIE, Donald Ward Jr.",USA,Men,100m breaststroke,M,Gold
Mexico,1968,Aquatics,Swimming,"KOSINSKY, Vladimir",URS,Men,100m breaststroke,M,Silver
Mexico,1968,Aquatics,Swimming,"WICHMAN, Sharon Lynn",USA,Women,100m breaststroke,W,Bronze
Mexico,1968,Aquatics,Swimming,"BJEDOV, Djurdjica",YUG,Women,100m breaststroke,W,Gold
Mexico,1968,Aquatics,Swimming,"PROZUMENSCHIKOVA-STEPANOVA, Galina",URS,Women,100m breaststroke,W,Silver
Mexico,1968,Aquatics,Swimming,"WALES, Ross Elliott",USA,Men,100m butterfly,M,Bronze
Mexico,1968,Aquatics,Swimming,"RUSSELL, Douglas Albert",USA,Men,100m butterfly,M,Gold
Mexico,1968,Aquatics,Swimming,"SPITZ, Mark",USA,Men,100m butterfly,M,Silver
Mexico,1968,Aquatics,Swimming,"SHIELDS, Susanne Marie",USA,Women,100m butterfly,W,Bronze
Mexico,1968,Aquatics,Swimming,"MCCLEMENTS, Lynette",AUS,Women,100m butterfly,W,Gold
Mexico,1968,Aquatics,Swimming,"DANIEL, Eleanor Suzanne",USA,Women,100m butterfly,W,Silver
Mexico,1968,Aquatics,Swimming,"SPITZ, Mark",USA,Men,100m freestyle,M,Bronze
Mexico,1968,Aquatics,Swimming,"WENDEN, Michael Vincent",AUS,Men,100m freestyle,M,Gold
Mexico,1968,Aquatics,Swimming,"WALSH, Kenneth Marshall",USA,Men,100m freestyle,M,Silver
Mexico,1968,Aquatics,Swimming,"GUSTAVSON, Linda Lee",USA,Women,100m freestyle,W,Bronze
Mexico,1968,Aquatics,Swimming,"HENNE, Jane Margo",USA,Women,100m freestyle,W,Gold
Mexico,1968,Aquatics,Swimming,"PEDERSEN, Susan Jane",USA,Women,100m freestyle,W,Silver
Mexico,1968,Aquatics,Swimming,"BROUGH, Gregory",AUS,Men,1500m freestyle,M,Bronze
Mexico,1968,Aquatics,Swimming,"BURTON, Michael Jay",USA,Men,1500m freestyle,M,Gold
Mexico,1968,Aquatics,Swimming,"KINSELLA, John Pitann",USA,Men,1500m freestyle,M,Silver
Mexico,1968,Aquatics,Swimming,"HORSLEY, Jack S.",USA,Men,200m backstroke,M,Bronze
Mexico,1968,Aquatics,Swimming,"MATTHES, Roland",GDR,Men,200m backstroke,M,Gold
Mexico,1968,Aquatics,Swimming,"IVEY, Mitchell",USA,Men,200m backstroke,M,Silver
Mexico,1968,Aquatics,Swimming,"HALL, Kaye Marie",USA,Women,200m backstroke,W,Bronze
Mexico,1968,Aquatics,Swimming,"WATSON, Lillian Debra",USA,Women,200m backstroke,W,Gold
Mexico,1968,Aquatics,Swimming,"TANNER, Elaine",CAN,Women,200m backstroke,W,Silver
Mexico,1968,Aquatics,Swimming,"JOB, Brian Gregory",USA,Men,200m breaststroke,M,Bronze
Mexico,1968,Aquatics,Swimming,"MUNOZ, Felipe",MEX,Men,200m breaststroke,M,Gold
Mexico,1968,Aquatics,Swimming,"KOSINSKY, Vladimir",URS,Men,200m breaststroke,M,Silver
Mexico,1968,Aquatics,Swimming,"PROZUMENSCHIKOVA-STEPANOVA, Galina",URS,Women,200m breaststroke,W,Bronze
Mexico,1968,Aquatics,Swimming,"WICHMAN, Sharon Lynn",USA,Women,200m breaststroke,W,Gold
Mexico,1968,Aquatics,Swimming,"BJEDOV, Djurdjica",YUG,Women,200m breaststroke,W,Silver
Mexico,1968,Aquatics,Swimming,"FERRIS, John Edward",USA,Men,200m butterfly,M,Bronze
Mexico,1968,Aquatics,Swimming,"ROBIE, Carl Joseph III",USA,Men,200m butterfly,M,Gold
Mexico,1968,Aquatics,Swimming,"WOODROFFE, Martyn John",GBR,Men,200m butterfly,M,Silver
Mexico,1968,Aquatics,Swimming,"DANIEL, Eleanor Suzanne",USA,Women,200m butterfly,W,Bronze
Mexico,1968,Aquatics,Swimming,"KOK, Aagje Ada",NED,Women,200m butterfly,W,Gold
Mexico,1968,Aquatics,Swimming,"LINDNER, Helga",GDR,Women,200m butterfly,W,Silver
Mexico,1968,Aquatics,Swimming,"NELSON, John Mauer",USA,Men,200m freestyle,M,Bronze
Mexico,1968,Aquatics,Swimming,"WENDEN, Michael Vincent",AUS,Men,200m freestyle,M,Gold
Mexico,1968,Aquatics,Swimming,"SCHOLLANDER, Donald Arthur",USA,Men,200m freestyle,M,Silver
Mexico,1968,Aquatics,Swimming,"BARKMAN, Jane Louise",USA,Women,200m freestyle,W,Bronze
Mexico,1968,Aquatics,Swimming,"MEYER, Deborah",USA,Women,200m freestyle,W,Gold
Mexico,1968,Aquatics,Swimming,"HENNE, Jane Margo",USA,Women,200m freestyle,W,Silver
Mexico,1968,Aquatics,Swimming,"FERRIS, John Edward",USA,Men,200m individual medley,M,Bronze
Mexico,1968,Aquatics,Swimming,"HICKCOX, Charles Buchanan",USA,Men,200m individual medley,M,Gold
Mexico,1968,Aquatics,Swimming,"BUCKINGHAM, Gregory F.",USA,Men,200m individual medley,M,Silver
Mexico,1968,Aquatics,Swimming,"HENNE, Jane Margo",USA,Women,200m individual medley,W,Bronze
Mexico,1968,Aquatics,Swimming,"KOLB, Claudia Anne",USA,Women,200m individual medley,W,Gold
Mexico,1968,Aquatics,Swimming,"PEDERSEN, Susan Jane",USA,Women,200m individual medley,W,Silver
Mexico,1968,Aquatics,Swimming,"MOSCONI, Alain",FRA,Men,400m freestyle,M,Bronze
Mexico,1968,Aquatics,Swimming,"BURTON, Michael Jay",USA,Men,400m freestyle,M,Gold
Mexico,1968,Aquatics,Swimming,"HUTTON, Ralph",CAN,Men,400m freestyle,M,Silver
Mexico,1968,Aquatics,Swimming,"MORAS, Karen Lynne",AUS,Women,400m freestyle,W,Bronze
Mexico,1968,Aquatics,Swimming,"MEYER, Deborah",USA,Women,400m freestyle,W,Gold
Mexico,1968,Aquatics,Swimming,"GUSTAVSON, Linda Lee",USA,Women,400m freestyle,W,Silver
Mexico,1968,Aquatics,Swimming,"HOLTHAUS, Michael",FRG,Men,400m individual medley,M,Bronze
Mexico,1968,Aquatics,Swimming,"HICKCOX, Charles Buchanan",USA,Men,400m individual medley,M,Gold
Mexico,1968,Aquatics,Swimming,"HALL, Gary Wayne",USA,Men,400m individual medley,M,Silver
Mexico,1968,Aquatics,Swimming,"STEINBACH, Sabine",GDR,Women,400m individual medley,W,Bronze
Mexico,1968,Aquatics,Swimming,"KOLB, Claudia Anne",USA,Women,400m individual medley,W,Gold
Mexico,1968,Aquatics,Swimming,"VIDALI, Lynn Marie",USA,Women,400m individual medley,W,Silver
Mexico,1968,Aquatics,Swimming,"CUSACK, Robert",AUS,Men,4x100m freestyle relay,M,Bronze
Mexico,1968,Aquatics,Swimming,"ROGERS, Gregory",AUS,Men,4x100m freestyle relay,M,Bronze
Mexico,1968,Aquatics,Swimming,"WENDEN, Michael Vincent",AUS,Men,4x100m freestyle relay,M,Bronze
Mexico,1968,Aquatics,Swimming,"WINDLE, Robert George",AUS,Men,4x100m freestyle relay,M,Bronze
Mexico,1968,Aquatics,Swimming,"RERYCH, Stephen Karl",USA,Men,4x100m freestyle relay,M,Gold
Mexico,1968,Aquatics,Swimming,"SPITZ, Mark",USA,Men,4x100m freestyle relay,M,Gold
Mexico,1968,Aquatics,Swimming,"WALSH, Kenneth Marshall",USA,Men,4x100m freestyle relay,M,Gold
Mexico,1968,Aquatics,Swimming,"ZORN, Zachary",USA,Men,4x100m freestyle relay,M,Gold
Mexico,1968,Aquatics,Swimming,"BELITS-GEIMAN, Semyon",URS,Men,4x100m freestyle relay,M,Silver
Mexico,1968,Aquatics,Swimming,"ILYICHEV, Leonid",URS,Men,4x100m freestyle relay,M,Silver
Mexico,1968,Aquatics,Swimming,"KULIKOV, Georgi",URS,Men,4x100m freestyle relay,M,Silver
Mexico,1968,Aquatics,Swimming,"MAZANOV, Viktor",URS,Men,4x100m freestyle relay,M,Silver
Mexico,1968,Aquatics,Swimming,"CORSON-WHITNEY, Marilyn",CAN,Women,4x100m freestyle relay,W,Bronze
Mexico,1968,Aquatics,Swimming,"COUGHLAN, Angela",CAN,Women,4x100m freestyle relay,W,Bronze
Mexico,1968,Aquatics,Swimming,"LAY, Marion Beverly",CAN,Women,4x100m freestyle relay,W,Bronze
Mexico,1968,Aquatics,Swimming,"TANNER, Elaine",CAN,Women,4x100m freestyle relay,W,Bronze
Mexico,1968,Aquatics,Swimming,"BARKMAN, Jane Louise",USA,Women,4x100m freestyle relay,W,Gold
Mexico,1968,Aquatics,Swimming,"GUSTAVSON, Linda Lee",USA,Women,4x100m freestyle relay,W,Gold
Mexico,1968,Aquatics,Swimming,"HENNE, Jane Margo",USA,Women,4x100m freestyle relay,W,Gold
Mexico,1968,Aquatics,Swimming,"PEDERSEN, Susan Jane",USA,Women,4x100m freestyle relay,W,Gold
Mexico,1968,Aquatics,Swimming,"KRAUSE, Roswitha",GDR,Women,4x100m freestyle relay,W,Silver
Mexico,1968,Aquatics,Swimming,"PERTHES, Gabriele",GDR,Women,4x100m freestyle relay,W,Silver
Mexico,1968,Aquatics,Swimming,"SCHMUCK, Uta",GDR,Women,4x100m freestyle relay,W,Silver
Mexico,1968,Aquatics,Swimming,"WETZKO, Gabriele",GDR,Women,4x100m freestyle relay,W,Silver
Mexico,1968,Aquatics,Swimming,"GROMAK, Yuri",URS,Men,4x100m medley relay,M,Bronze
Mexico,1968,Aquatics,Swimming,"ILYICHEV, Leonid",URS,Men,4x100m medley relay,M,Bronze
Mexico,1968,Aquatics,Swimming,"KOSINSKY, Vladimir",URS,Men,4x100m medley relay,M,Bronze
Mexico,1968,Aquatics,Swimming,"NEMSHILOV, Vladimir",URS,Men,4x100m medley relay,M,Bronze
Mexico,1968,Aquatics,Swimming,"HICKCOX, Charles Buchanan",USA,Men,4x100m medley relay,M,Gold
Mexico,1968,Aquatics,Swimming,"MCKENZIE, Donald Ward Jr.",USA,Men,4x100m medley relay,M,Gold
Mexico,1968,Aquatics,Swimming,"RUSSELL, Douglas Albert",USA,Men,4x100m medley relay,M,Gold
Mexico,1968,Aquatics,Swimming,"WALSH, Kenneth Marshall",USA,Men,4x100m medley relay,M,Gold
Mexico,1968,Aquatics,Swimming,"GREGOR, Horst-Günther",GDR,Men,4x100m medley relay,M,Silver
Mexico,1968,Aquatics,Swimming,"HENNINGER, Egon",GDR,Men,4x100m medley relay,M,Silver
Mexico,1968,Aquatics,Swimming,"MATTHES, Roland",GDR,Men,4x100m medley relay,M,Silver
Mexico,1968,Aquatics,Swimming,"WIEGAND, Frank",GDR,Men,4x100m medley relay,M,Silver
Mexico,1968,Aquatics,Swimming,"FROMMATER, Uta",FRG,Women,4x100m medley relay,W,Bronze
Mexico,1968,Aquatics,Swimming,"HUSTEDE-NAGEL, Heike",FRG,Women,4x100m medley relay,W,Bronze
Mexico,1968,Aquatics,Swimming,"KRAUS, Angelika",FRG,Women,4x100m medley relay,W,Bronze
Mexico,1968,Aquatics,Swimming,"REINECK, Heidemarie",FRG,Women,4x100m medley relay,W,Bronze
Mexico,1968,Aquatics,Swimming,"BALL, Catherine",USA,Women,4x100m medley relay,W,Gold
Mexico,1968,Aquatics,Swimming,"DANIEL, Eleanor Suzanne",USA,Women,4x100m medley relay,W,Gold
Mexico,1968,Aquatics,Swimming,"HALL, Kaye Marie",USA,Women,4x100m medley relay,W,Gold
Mexico,1968,Aquatics,Swimming,"PEDERSEN, Susan Jane",USA,Women,4x100m medley relay,W,Gold
Mexico,1968,Aquatics,Swimming,"MCCLEMENTS, Lynette",AUS,Women,4x100m medley relay,W,Silver
Mexico,1968,Aquatics,Swimming,"PLAYFAIR, Judith",AUS,Women,4x100m medley relay,W,Silver
Mexico,1968,Aquatics,Swimming,"STEINBECK, Janet",AUS,Women,4x100m medley relay,W,Silver
Mexico,1968,Aquatics,Swimming,"WATSON, Lynette",AUS,Women,4x100m medley relay,W,Silver
Mexico,1968,Aquatics,Swimming,"BELITS-GEIMAN, Semyon",URS,Men,4x200m freestyle relay,M,Bronze
Mexico,1968,Aquatics,Swimming,"BURE, Vladimir",URS,Men,4x200m freestyle relay,M,Bronze
Mexico,1968,Aquatics,Swimming,"ILYICHEV, Leonid",URS,Men,4x200m freestyle relay,M,Bronze
Mexico,1968,Aquatics,Swimming,"KULIKOV, Georgi",URS,Men,4x200m freestyle relay,M,Bronze
Mexico,1968,Aquatics,Swimming,"NELSON, John Mauer",USA,Men,4x200m freestyle relay,M,Gold
Mexico,1968,Aquatics,Swimming,"RERYCH, Stephen Karl",USA,Men,4x200m freestyle relay,M,Gold
Mexico,1968,Aquatics,Swimming,"SCHOLLANDER, Donald Arthur",USA,Men,4x200m freestyle relay,M,Gold
Mexico,1968,Aquatics,Swimming,"SPITZ, Mark",USA,Men,4x200m freestyle relay,M,Gold
Mexico,1968,Aquatics,Swimming,"ROGERS, Gregory",AUS,Men,4x200m freestyle relay,M,Silver
Mexico,1968,Aquatics,Swimming,"WENDEN, Michael Vincent",AUS,Men,4x200m freestyle relay,M,Silver
Mexico,1968,Aquatics,Swimming,"WHITE, Graham Rose",AUS,Men,4x200m freestyle relay,M,Silver
Mexico,1968,Aquatics,Swimming,"WINDLE, Robert George",AUS,Men,4x200m freestyle relay,M,Silver
Mexico,1968,Aquatics,Swimming,"RAMIREZ, Maria Teresa",MEX,Women,800m freestyle,W,Bronze
Mexico,1968,Aquatics,Swimming,"MEYER, Deborah",USA,Women,800m freestyle,W,Gold
Mexico,1968,Aquatics,Swimming,"KRUSE, Pamela Jean",USA,Women,800m freestyle,W,Silver
Mexico,1968,Aquatics,Water polo,"BODNAR, Andras",HUN,Men,water polo,M,Bronze
Mexico,1968,Aquatics,Water polo,"DÖMÖTÖR, Zoltan",HUN,Men,water polo,M,Bronze
Mexico,1968,Aquatics,Water polo,"FELKAI, Laszlo",HUN,Men,water polo,M,Bronze
Mexico,1968,Aquatics,Water polo,"KONRAD, Ferenc",HUN,Men,water polo,M,Bronze
Mexico,1968,Aquatics,Water polo,"KONRAD, Janos",HUN,Men,water polo,M,Bronze
Mexico,1968,Aquatics,Water polo,"MAYER, Mihaly",HUN,Men,water polo,M,Bronze
Mexico,1968,Aquatics,Water polo,"MOLNAR, Endre",HUN,Men,water polo,M,Bronze
Mexico,1968,Aquatics,Water polo,"POCSIK, Denes",HUN,Men,water polo,M,Bronze
Mexico,1968,Aquatics,Water polo,"SAROSI, Laszlo",HUN,Men,water polo,M,Bronze
Mexico,1968,Aquatics,Water polo,"STEINMETZ, Janos",HUN,Men,water polo,M,Bronze
Mexico,1968,Aquatics,Water polo,"SZIVOS, Istvan",HUN,Men,water polo,M,Bronze
Mexico,1968,Aquatics,Water polo,"BONACIC, Ozren",YUG,Men,water polo,M,Gold
Mexico,1968,Aquatics,Water polo,"DABOVIC, Dejan",YUG,Men,water polo,M,Gold
Mexico,1968,Aquatics,Water polo,"HEBEL, Zdravko",YUG,Men,water polo,M,Gold
Mexico,1968,Aquatics,Water polo,"JANKOVIC, Zoran",YUG,Men,water polo,M,Gold
Mexico,1968,Aquatics,Water polo,"LOPATINI, Ronald",YUG,Men,water polo,M,Gold
Mexico,1968,Aquatics,Water polo,"MAROVIC, Uros",YUG,Men,water polo,M,Gold
Mexico,1968,Aquatics,Water polo,"PERISIC, Djordje",YUG,Men,water polo,M,Gold
Mexico,1968,Aquatics,Water polo,"POLJAK, Miroslav",YUG,Men,water polo,M,Gold
Mexico,1968,Aquatics,Water polo,"SANDIC, Mirko",YUG,Men,water polo,M,Gold
Mexico,1968,Aquatics,Water polo,"STIPANIC, Karlo",YUG,Men,water polo,M,Gold
Mexico,1968,Aquatics,Water polo,"TRUMBIC, Ivo",YUG,Men,water polo,M,Gold
Mexico,1968,Aquatics,Water polo,"BARKALOV, Aleksei",URS,Men,water polo,M,Silver
Mexico,1968,Aquatics,Water polo,"BOVIN, Oleg",URS,Men,water polo,M,Silver
Mexico,1968,Aquatics,Water polo,"CHIKVANAYA, Givi",URS,Men,water polo,M,Silver
Mexico,1968,Aquatics,Water polo,"DOLGUSHIN, Aleksandr",URS,Men,water polo,M,Silver
Mexico,1968,Aquatics,Water polo,"GRIGOROVSKY, Yuri",URS,Men,water polo,M,Silver
Mexico,1968,Aquatics,Water polo,"GRISHIN, Boris",URS,Men,water polo,M,Silver
Mexico,1968,Aquatics,Water polo,"GULYAEV, Vadim",URS,Men,water polo,M,Silver
Mexico,1968,Aquatics,Water polo,"OSIPOV, Leonid",URS,Men,water polo,M,Silver
Mexico,1968,Aquatics,Water polo,"SEMENOV, Vladimir",URS,Men,water polo,M,Silver
Mexico,1968,Aquatics,Water polo,"SHIDLOVSKY, Aleksandr",URS,Men,water polo,M,Silver
Mexico,1968,Aquatics,Water polo,"SKOK, Vyacheslav",URS,Men,water polo,M,Silver
Mexico,1968,Athletics,Athletics,"GAMMOUDI, Mohamed",TUN,Men,10000m,M,Bronze
Mexico,1968,Athletics,Athletics,"TEMU, Nabiba Naftali",KEN,Men,10000m,M,Gold
Mexico,1968,Athletics,Athletics,"WOLDE, Mamo",ETH,Men,10000m,M,Silver
Mexico,1968,Athletics,Athletics,"GREENE, Charles Edward",USA,Men,100m,M,Bronze
Mexico,1968,Athletics,Athletics,"HINES, James Ray",USA,Men,100m,M,Gold
Mexico,1968,Athletics,Athletics,"MILLER, Lennox",JAM,Men,100m,M,Silver
Mexico,1968,Athletics,Athletics,"SZEWINSKA, Irena",POL,Women,100m,W,Bronze
Mexico,1968,Athletics,Athletics,"TYUS, Wyomia",USA,Women,100m,W,Gold
Mexico,1968,Athletics,Athletics,"FERRELL, Barbara Ann",USA,Women,100m,W,Silver
Mexico,1968,Athletics,Athletics,"OTTOZ, Eddy",ITA,Men,110m hurdles,M,Bronze
Mexico,1968,Athletics,Athletics,"DAVENPORT, Willie",USA,Men,110m hurdles,M,Gold
Mexico,1968,Athletics,Athletics,"HALL, Ervin",USA,Men,110m hurdles,M,Silver
Mexico,1968,Athletics,Athletics,"TÜMMLER, Bodo",FRG,Men,1500m,M,Bronze
Mexico,1968,Athletics,Athletics,"KEINO, Kipchoge",KEN,Men,1500m,M,Gold
Mexico,1968,Athletics,Athletics,"RYUN, James Ronald",USA,Men,1500m,M,Silver
Mexico,1968,Athletics,Athletics,"CARLOS, John Wesley",USA,Men,200m,M,Bronze
Mexico,1968,Athletics,Athletics,"SMITH, Thomas C.",USA,Men,200m,M,Gold
Mexico,1968,Athletics,Athletics,"NORMAN, Peter George",AUS,Men,200m,M,Silver
Mexico,1968,Athletics,Athletics,"LAMY-FRANK, Jennifer",AUS,Women,200m,W,Bronze
Mexico,1968,Athletics,Athletics,"SZEWINSKA, Irena",POL,Women,200m,W,Gold
Mexico,1968,Athletics,Athletics,"BOYLE, Raelene Ann",AUS,Women,200m,W,Silver
Mexico,1968,Athletics,Athletics,"SMAGA, Nikolai",URS,Men,20km walk,M,Bronze
Mexico,1968,Athletics,Athletics,"GOLUBNICHY, Vladimir",URS,Men,20km walk,M,Gold
Mexico,1968,Athletics,Athletics,"PEDRAZA ZUNIGA, Jose",MEX,Men,20km walk,M,Silver
Mexico,1968,Athletics,Athletics,"YOUNG, George L.",USA,Men,3000m steeplechase,M,Bronze
Mexico,1968,Athletics,Athletics,"BIWOTT, Amos Kipwabok",KEN,Men,3000m steeplechase,M,Gold
Mexico,1968,Athletics,Athletics,"KOGO, Benjamin",KEN,Men,3000m steeplechase,M,Silver
Mexico,1968,Athletics,Athletics,"FREEMAN, Ronald John III",USA,Men,400m,M,Bronze
Mexico,1968,Athletics,Athletics,"EVANS, Lee Edward",USA,Men,400m,M,Gold
Mexico,1968,Athletics,Athletics,"JAMES, George Lawrence",USA,Men,400m,M,Silver
Mexico,1968,Athletics,Athletics,"PECHENKINA, Natalya",URS,Women,400m,W,Bronze
Mexico,1968,Athletics,Athletics,"BESSON, Colette",FRA,Women,400m,W,Gold
Mexico,1968,Athletics,Athletics,"BOARD, Lillian Barbara",GBR,Women,400m,W,Silver
Mexico,1968,Athletics,Athletics,"SHERWOOD, John",GBR,Men,400m hurdles,M,Bronze
Mexico,1968,Athletics,Athletics,"HEMERY, David Peter",GBR,Men,400m hurdles,M,Gold
Mexico,1968,Athletics,Athletics,"HENNIGE, Gerhard",FRG,Men,400m hurdles,M,Silver
Mexico,1968,Athletics,Athletics,"BAMBUCK, Roger",FRA,Men,4x100m relay,M,Bronze
Mexico,1968,Athletics,Athletics,"DELECOUR, Jocelyn",FRA,Men,4x100m relay,M,Bronze
Mexico,1968,Athletics,Athletics,"FENOUIL, Gerard",FRA,Men,4x100m relay,M,Bronze
Mexico,1968,Athletics,Athletics,"PIQUEMAL, Claude",FRA,Men,4x100m relay,M,Bronze
Mexico,1968,Athletics,Athletics,"GREENE, Charles Edward",USA,Men,4x100m relay,M,Gold
Mexico,1968,Athletics,Athletics,"HINES, James Ray",USA,Men,4x100m relay,M,Gold
Mexico,1968,Athletics,Athletics,"PENDER, Melvin Jr.",USA,Men,4x100m relay,M,Gold
Mexico,1968,Athletics,Athletics,"SMITH, Ronald Ray",USA,Men,4x100m relay,M,Gold
Mexico,1968,Athletics,Athletics,"FIGUEROLA CAMUE, Enrique",CUB,Men,4x100m relay,M,Silver
Mexico,1968,Athletics,Athletics,"MONTES CASANOVA, Pablo",CUB,Men,4x100m relay,M,Silver
Mexico,1968,Athletics,Athletics,"MORALES HACHAVARRIA, Juan",CUB,Men,4x100m relay,M,Silver
Mexico,1968,Athletics,Athletics,"RAMIREZ LIMONTA, Hermes Julian",CUB,Men,4x100m relay,M,Silver
Mexico,1968,Athletics,Athletics,"BUKHARINA, Galina",URS,Women,4x100m relay,W,Bronze
Mexico,1968,Athletics,Athletics,"IGNATYEVA-SAMOTESOVA, Lyudmila",URS,Women,4x100m relay,W,Bronze
Mexico,1968,Athletics,Athletics,"POPKOVA, Vera",URS,Women,4x100m relay,W,Bronze
Mexico,1968,Athletics,Athletics,"ZHARKOVA-MASLAKOVA, Liudmila",URS,Women,4x100m relay,W,Bronze
Mexico,1968,Athletics,Athletics,"BAILES, Margaret Johnson",USA,Women,4x100m relay,W,Gold
Mexico,1968,Athletics,Athletics,"FERRELL, Barbara Ann",USA,Women,4x100m relay,W,Gold
Mexico,1968,Athletics,Athletics,"NETTER, Mildrette",USA,Women,4x100m relay,W,Gold
Mexico,1968,Athletics,Athletics,"TYUS, Wyomia",USA,Women,4x100m relay,W,Gold
Mexico,1968,Athletics,Athletics,"COBIAN HECHEVARRIA, Miguelina",CUB,Women,4x100m relay,W,Silver
Mexico,1968,Athletics,Athletics,"ELEJALDE DIAZ, Marlene",CUB,Women,4x100m relay,W,Silver
Mexico,1968,Athletics,Athletics,"QUESADA DIAZ, Violetta",CUB,Women,4x100m relay,W,Silver
Mexico,1968,Athletics,Athletics,"ROMAY MARTINEZ, Fulgencia",CUB,Women,4x100m relay,W,Silver
Mexico,1968,Athletics,Athletics,"HENNIGE, Gerhard",FRG,Men,4x400m relay,M,Bronze
Mexico,1968,Athletics,Athletics,"JELLINGHAUS, Martin",FRG,Men,4x400m relay,M,Bronze
Mexico,1968,Athletics,Athletics,"KINDER, Manfred",FRG,Men,4x400m relay,M,Bronze
Mexico,1968,Athletics,Athletics,"MULLER, Helmar",FRG,Men,4x400m relay,M,Bronze
Mexico,1968,Athletics,Athletics,"EVANS, Lee Edward",USA,Men,4x400m relay,M,Gold
Mexico,1968,Athletics,Athletics,"FREEMAN, Ronald John III",USA,Men,4x400m relay,M,Gold
Mexico,1968,Athletics,Athletics,"JAMES, George Lawrence",USA,Men,4x400m relay,M,Gold
Mexico,1968,Athletics,Athletics,"MATTHEWS, Vincent Edward",USA,Men,4x400m relay,M,Gold
Mexico,1968,Athletics,Athletics,"ASATI, Charles",KEN,Men,4x400m relay,M,Silver
Mexico,1968,Athletics,Athletics,"BON, Naftali",KEN,Men,4x400m relay,M,Silver
Mexico,1968,Athletics,Athletics,"NYAMAU, Hezekiah Munyoro",KEN,Men,4x400m relay,M,Silver
Mexico,1968,Athletics,Athletics,"RUDISHA, Daniel Matasi",KEN,Men,4x400m relay,M,Silver
Mexico,1968,Athletics,Athletics,"TEMU, Nabiba Naftali",KEN,Men,5000m,M,Bronze
Mexico,1968,Athletics,Athletics,"GAMMOUDI, Mohamed",TUN,Men,5000m,M,Gold
Mexico,1968,Athletics,Athletics,"KEINO, Kipchoge",KEN,Men,5000m,M,Silver
Mexico,1968,Athletics,Athletics,"YOUNG, Lawrence Dean",USA,Men,50km walk,M,Bronze
Mexico,1968,Athletics,Athletics,"HÖHNE, Christoph",GDR,Men,50km walk,M,Gold
Mexico,1968,Athletics,Athletics,"KISS, Antal",HUN,Men,50km walk,M,Silver
Mexico,1968,Athletics,Athletics,"FARRELL, Thomas Francis",USA,Men,800m,M,Bronze
Mexico,1968,Athletics,Athletics,"DOUBELL, Ralph",AUS,Men,800m,M,Gold
Mexico,1968,Athletics,Athletics,"KIPRUGUT, Wilson Chuma",KEN,Men,800m,M,Silver
Mexico,1968,Athletics,Athletics,"GOMMERS, Maria Francisca P.",NED,Women,800m,W,Bronze
Mexico,1968,Athletics,Athletics,"MANNING-JACKSON, Madeline",USA,Women,800m,W,Gold
Mexico,1968,Athletics,Athletics,"SILAI, Ileana",ROU,Women,800m,W,Silver
Mexico,1968,Athletics,Athletics,"CHI, Cheng",TPE,Women,80m hurdles,W,Bronze
Mexico,1968,Athletics,Athletics,"CAIRD, Maureen",AUS,Women,80m hurdles,W,Gold
Mexico,1968,Athletics,Athletics,"KILBORN-RYAN-NELSON, Pamela",AUS,Women,80m hurdles,W,Silver
Mexico,1968,Athletics,Athletics,"BENDLIN, Kurt",FRG,Men,decathlon,M,Bronze
Mexico,1968,Athletics,Athletics,"TOOMEY, William Anthony",USA,Men,decathlon,M,Gold
Mexico,1968,Athletics,Athletics,"WALDE, Hans Joachim",FRG,Men,decathlon,M,Silver
Mexico,1968,Athletics,Athletics,"DANEK, Ludvik",TCH,Men,discus throw,M,Bronze
Mexico,1968,Athletics,Athletics,"OERTER, Alfred",USA,Men,discus throw,M,Gold
Mexico,1968,Athletics,Athletics,"MILDE, Lothar",GDR,Men,discus throw,M,Silver
Mexico,1968,Athletics,Athletics,"KLEIBER-KONTSEK, Jolan",HUN,Women,discus throw,W,Bronze
Mexico,1968,Athletics,Athletics,"MANOLIU, Lia",ROU,Women,discus throw,W,Gold
Mexico,1968,Athletics,Athletics,"WESTERMANN, Liselotte (Liesel)",FRG,Women,discus throw,W,Silver
Mexico,1968,Athletics,Athletics,"LOVASZ, Lazar",HUN,Men,hammer throw,M,Bronze
Mexico,1968,Athletics,Athletics,"ZSIVOTZKY, Gyula",HUN,Men,hammer throw,M,Gold
Mexico,1968,Athletics,Athletics,"KLIM, Romuald",URS,Men,hammer throw,M,Silver
Mexico,1968,Athletics,Athletics,"GAVRILOV, Valentin",URS,Men,high jump,M,Bronze
Mexico,1968,Athletics,Athletics,"FOSBURY, Richard Douglas",USA,Men,high jump,M,Gold
Mexico,1968,Athletics,Athletics,"CARUTHERS, Edward J. Jr.",USA,Men,high jump,M,Silver
Mexico,1968,Athletics,Athletics,"KOZYR, Valentina",URS,Women,high jump,W,Bronze
Mexico,1968,Athletics,Athletics,"REZKOVA-HUBNER, Miloslava",TCH,Women,high jump,W,Gold
Mexico,1968,Athletics,Athletics,"OKOROKOVA-LAZAREVA, Antonina",URS,Women,high jump,W,Silver
Mexico,1968,Athletics,Athletics,"KULCSAR, Gergely",HUN,Men,javelin throw,M,Bronze
Mexico,1968,Athletics,Athletics,"LUSIS, Yanis",URS,Men,javelin throw,M,Gold
Mexico,1968,Athletics,Athletics,"KINNUNEN, Jorma Viljo Palaavi",FIN,Men,javelin throw,M,Silver
Mexico,1968,Athletics,Athletics,"JANKO-EGGER, Eva",AUT,Women,javelin throw,W,Bronze
Mexico,1968,Athletics,Athletics,"NEMETH-RANKY, Angela",HUN,Women,javelin throw,W,Gold
Mexico,1968,Athletics,Athletics,"PENES, Mihaela",ROU,Women,javelin throw,W,Silver
Mexico,1968,Athletics,Athletics,"BOSTON, Ralph Harold",USA,Men,long jump,M,Bronze
Mexico,1968,Athletics,Athletics,"BEAMON, Bob",USA,Men,long jump,M,Gold
Mexico,1968,Athletics,Athletics,"BEER, Klaus",GDR,Men,long jump,M,Silver
Mexico,1968,Athletics,Athletics,"TALYSHEVA, Tatyana",URS,Women,long jump,W,Bronze
Mexico,1968,Athletics,Athletics,"VISCOPOLEANU, Viorica",ROU,Women,long jump,W,Gold
Mexico,1968,Athletics,Athletics,"PARKIN-SHERWOOD, Sheila Hilary",GBR,Women,long jump,W,Silver
Mexico,1968,Athletics,Athletics,"RYAN, Michael Robert",NZL,Men,marathon,M,Bronze
Mexico,1968,Athletics,Athletics,"WOLDE, Mamo",ETH,Men,marathon,M,Gold
Mexico,1968,Athletics,Athletics,"KIMIHARA, Kenji",JPN,Men,marathon,M,Silver
Mexico,1968,Athletics,Athletics,"TOTH, Annamaria",HUN,Women,pentathlon,W,Bronze
Mexico,1968,Athletics,Athletics,"BECKER-MICKLER, Ingrid",FRG,Women,pentathlon,W,Gold
Mexico,1968,Athletics,Athletics,"PROKOP-SYKORA, Liese",AUT,Women,pentathlon,W,Silver
Mexico,1968,Athletics,Athletics,"NORDWIG, Wolfgang",GDR,Men,pole vault,M,Bronze
Mexico,1968,Athletics,Athletics,"SEAGREN, Robert Lloyd",USA,Men,pole vault,M,Gold
Mexico,1968,Athletics,Athletics,"SCHIPROWSKI, Claus",FRG,Men,pole vault,M,Silver
Mexico,1968,Athletics,Athletics,"GUSHCHIN, Eduard",URS,Men,shot put,M,Bronze
Mexico,1968,Athletics,Athletics,"MATSON, James Randel",USA,Men,shot put,M,Gold
Mexico,1968,Athletics,Athletics,"WOODS, George Roger",USA,Men,shot put,M,Silver
Mexico,1968,Athletics,Athletics,"CHIZHOVA, Nadezhda",URS,Women,shot put,W,Bronze
Mexico,1968,Athletics,Athletics,"HELMBOLD-GUMMEL, Margitta",GDR,Women,shot put,W,Gold
Mexico,1968,Athletics,Athletics,"LANGE, Marita",GDR,Women,shot put,W,Silver
Mexico,1968,Athletics,Athletics,"GENTILE, Giuseppe",ITA,Men,triple jump,M,Bronze
Mexico,1968,Athletics,Athletics,"SANEEV, Viktor",URS,Men,triple jump,M,Gold
Mexico,1968,Athletics,Athletics,"PRUDENCIO, Nelson",BRA,Men,triple jump,M,Silver
Mexico,1968,Basketball,Basketball,"ANDREEV, Vladimir",URS,Men,basketball,M,Bronze
Mexico,1968,Basketball,Basketball,"BELOV, Sergei",URS,Men,basketball,M,Bronze
Mexico,1968,Basketball,Basketball,"KAPRANOV, Vadim",URS,Men,basketball,M,Bronze
Mexico,1968,Basketball,Basketball,"KOVALENKO, Sergei",URS,Men,basketball,M,Bronze
