Munich,1972,Athletics,Athletics,"KATUS, Ryszard",POL,Men,decathlon,M,Bronze
Munich,1972,Athletics,Athletics,"AVILOV, Nikolai",URS,Men,decathlon,M,Gold
Munich,1972,Athletics,Athletics,"LITVINENKO, Leonid",URS,Men,decathlon,M,Silver
Munich,1972,Athletics,Athletics,"BRUCH, Rickard",SWE,Men,discus throw,M,Bronze
Munich,1972,Athletics,Athletics,"DANEK, Ludvik",TCH,Men,discus throw,M,Gold
Munich,1972,Athletics,Athletics,"SILVESTER, L.Jay",USA,Men,discus throw,M,Silver
Munich,1972,Athletics,Athletics,"STOEVA, Vassilka",BUL,Women,discus throw,W,Bronze
Munich,1972,Athletics,Athletics,"MELNIK, Faina",URS,Women,discus throw,W,Gold
Munich,1972,Athletics,Athletics,"MENIS, Argentina",ROU,Women,discus throw,W,Silver
Munich,1972,Athletics,Athletics,"KHMELEVSKY, Vasili",URS,Men,hammer throw,M,Bronze
Munich,1972,Athletics,Athletics,"BONDARCHUK, Anatoli",URS,Men,hammer throw,M,Gold
Munich,1972,Athletics,Athletics,"SACHSE, Jochen",GDR,Men,hammer throw,M,Silver
Munich,1972,Athletics,Athletics,"STONES, Dwight Edwin",USA,Men,high jump,M,Bronze
Munich,1972,Athletics,Athletics,"TARMAK, Yuri",URS,Men,high jump,M,Gold
Munich,1972,Athletics,Athletics,"JUNGE, Stefan",GDR,Men,high jump,M,Silver
Munich,1972,Athletics,Athletics,"GUSENBAUER-MAJDAN, Ilona",AUT,Women,high jump,W,Bronze
Munich,1972,Athletics,Athletics,"MEYFARTH, Ulrike",FRG,Women,high jump,W,Gold
Munich,1972,Athletics,Athletics,"BLAGOEVA-DIMITROVA, Yordanka",BUL,Women,high jump,W,Silver
Munich,1972,Athletics,Athletics,"SCHMIDT, William David",USA,Men,javelin throw,M,Bronze
Munich,1972,Athletics,Athletics,"WOLFERMANN, Klaus",FRG,Men,javelin throw,M,Gold
Munich,1972,Athletics,Athletics,"LUSIS, Yanis",URS,Men,javelin throw,M,Silver
Munich,1972,Athletics,Athletics,"SCHMIDT, Kathryn Joan",USA,Women,javelin throw,W,Bronze
Munich,1972,Athletics,Athletics,"FUCHS, Ruth",GDR,Women,javelin throw,W,Gold
Munich,1972,Athletics,Athletics,"TODTEN-HEIN, Jaqueline",GDR,Women,javelin throw,W,Silver
Munich,1972,Athletics,Athletics,"ROBINSON, Arnie",USA,Men,long jump,M,Bronze
Munich,1972,Athletics,Athletics,"WILLIAMS, Randel Luvelle",USA,Men,long jump,M,Gold
Munich,1972,Athletics,Athletics,"BAUMGARTNER, Hans",FRG,Men,long jump,M,Silver
Munich,1972,Athletics,Athletics,"SURANOVA, Eva",TCH,Women,long jump,W,Bronze
Munich,1972,Athletics,Athletics,"ROSENDAHL, Heidemarie",FRG,Women,long jump,W,Gold
Munich,1972,Athletics,Athletics,"CHRISTOVA-YORGOVA, Diana",BUL,Women,long jump,W,Silver
Munich,1972,Athletics,Athletics,"WOLDE, Mamo",ETH,Men,marathon,M,Bronze
Munich,1972,Athletics,Athletics,"SHORTER, Frank Charles",USA,Men,marathon,M,Gold
Munich,1972,Athletics,Athletics,"LISMONT, Karel",BEL,Men,marathon,M,Silver
Munich,1972,Athletics,Athletics,"POLLAK, Burglinde",GDR,Women,pentathlon,W,Bronze
Munich,1972,Athletics,Athletics,"PETERS, Mary",GBR,Women,pentathlon,W,Gold
Munich,1972,Athletics,Athletics,"ROSENDAHL, Heidemarie",FRG,Women,pentathlon,W,Silver
Munich,1972,Athletics,Athletics,"JOHNSON, Jan Eric",USA,Men,pole vault,M,Bronze
Munich,1972,Athletics,Athletics,"NORDWIG, Wolfgang",GDR,Men,pole vault,M,Gold
Munich,1972,Athletics,Athletics,"SEAGREN, Robert Lloyd",USA,Men,pole vault,M,Silver
Munich,1972,Athletics,Athletics,"BRIESENICK, Hartmut",GDR,Men,shot put,M,Bronze
Munich,1972,Athletics,Athletics,"KOMAR, Wladyslaw",POL,Men,shot put,M,Gold
Munich,1972,Athletics,Athletics,"WOODS, George Roger",USA,Men,shot put,M,Silver
Munich,1972,Athletics,Athletics,"CHRISTOVA-TODOROVA, Ivanka Mikailova",BUL,Women,shot put,W,Bronze
Munich,1972,Athletics,Athletics,"CHIZHOVA, Nadezhda",URS,Women,shot put,W,Gold
Munich,1972,Athletics,Athletics,"HELMBOLD-GUMMEL, Margitta",GDR,Women,shot put,W,Silver
Munich,1972,Athletics,Athletics,"PRUDENCIO, Nelson",BRA,Men,triple jump,M,Bronze
Munich,1972,Athletics,Athletics,"SANEEV, Viktor",URS,Men,triple jump,M,Gold
Munich,1972,Athletics,Athletics,"DREHMEL, Jörg",GDR,Men,triple jump,M,Silver
Munich,1972,Basketball,Basketball,"ALVAREZ POZO, Miguel",CUB,Men,basketball,M,Bronze
Munich,1972,Basketball,Basketball,"CALDERON GOMEZ, Miguel",CUB,Men,basketball,M,Bronze
Munich,1972,Basketball,Basketball,"CANIZARES POEY, Rafael",CUB,Men,basketball,M,Bronze
Munich,1972,Basketball,Basketball,"CHAPPE GARCIA, Pedro",CUB,Men,basketball,M,Bronze
Munich,1972,Basketball,Basketball,"DOMECQ FORTUONDO, Juan Carlos",CUB,Men,basketball,M,Bronze
Munich,1972,Basketball,Basketball,"HERRERA MARTINEZ, Tomas",CUB,Men,basketball,M,Bronze
Munich,1972,Basketball,Basketball,"HERRERA TABIO, Ruperto",CUB,Men,basketball,M,Bronze
Munich,1972,Basketball,Basketball,"PEREZ ARMENTEROS, Conrado",CUB,Men,basketball,M,Bronze
Munich,1972,Basketball,Basketball,"ROCA BRUNET, Juan",CUB,Men,basketball,M,Bronze
Munich,1972,Basketball,Basketball,"STANDARD JOHNSON, Franklin",CUB,Men,basketball,M,Bronze
Munich,1972,Basketball,Basketball,"URGELLES GUIBOT, Alejandro",CUB,Men,basketball,M,Bronze
Munich,1972,Basketball,Basketball,"VARONA VARONA, Oscar",CUB,Men,basketball,M,Bronze
Munich,1972,Basketball,Basketball,"BELOV, Aleksandr",URS,Men,basketball,M,Gold
Munich,1972,Basketball,Basketball,"BELOV, Sergei",URS,Men,basketball,M,Gold
Munich,1972,Basketball,Basketball,"BOLOSHEV, Aleksandr",URS,Men,basketball,M,Gold
Munich,1972,Basketball,Basketball,"DVORNY, Ivan",URS,Men,basketball,M,Gold
Munich,1972,Basketball,Basketball,"EDESHKO, Ivan",URS,Men,basketball,M,Gold
Munich,1972,Basketball,Basketball,"KORKIYA, Mikhail",URS,Men,basketball,M,Gold
Munich,1972,Basketball,Basketball,"KOVALENKO, Sergei",URS,Men,basketball,M,Gold
Munich,1972,Basketball,Basketball,"PAULAUSKAS, Modestas",URS,Men,basketball,M,Gold
Munich,1972,Basketball,Basketball,"POLIVODA, Anatoli",URS,Men,basketball,M,Gold
Munich,1972,Basketball,Basketball,"SAKANDELIDZE, Zurab",URS,Men,basketball,M,Gold
Munich,1972,Basketball,Basketball,"VOLNOV, Gennadi",URS,Men,basketball,M,Gold
Munich,1972,Basketball,Basketball,"ZHARMUKHAMEDOV, Alzhan",URS,Men,basketball,M,Gold
Munich,1972,Basketball,Basketball,"BANTOM, Michael Allen",USA,Men,basketball,M,Silver
Munich,1972,Basketball,Basketball,"BREWER, James Turner",USA,Men,basketball,M,Silver
Munich,1972,Basketball,Basketball,"BURLESON, Thomas Loren",USA,Men,basketball,M,Silver
Munich,1972,Basketball,Basketball,"COLLINS, Paul Douglas",USA,Men,basketball,M,Silver
Munich,1972,Basketball,Basketball,"DAVIS, Kenneth Bryan",USA,Men,basketball,M,Silver
Munich,1972,Basketball,Basketball,"FORBES, James Ricardo",USA,Men,basketball,M,Silver
Munich,1972,Basketball,Basketball,"HENDERSON, Thomas Edward",USA,Men,basketball,M,Silver
Munich,1972,Basketball,Basketball,"JONES, Dwight Elmo",USA,Men,basketball,M,Silver
Munich,1972,Basketball,Basketball,"JONES, Robert Clyde",USA,Men,basketball,M,Silver
Munich,1972,Basketball,Basketball,"JOYCE, Kevin Francis",USA,Men,basketball,M,Silver
Munich,1972,Basketball,Basketball,"MCMILLEN, Charles Thomas",USA,Men,basketball,M,Silver
Munich,1972,Basketball,Basketball,"RATLEFF, William Edward",USA,Men,basketball,M,Silver
Munich,1972,Boxing,Boxing,"EVANS, Ralph",GBR,Men,- 48kg (light-flyweight),M,Bronze
Munich,1972,Boxing,Boxing,"RODRIGUEZ CAL, Enrique",ESP,Men,- 48kg (light-flyweight),M,Bronze
Munich,1972,Boxing,Boxing,"GEDO, György",HUN,Men,- 48kg (light-flyweight),M,Gold
Munich,1972,Boxing,Boxing,"KIM, U Gil",PRK,Men,- 48kg (light-flyweight),M,Silver
Munich,1972,Boxing,Boxing,"HUSSING, Peter",FRG,Men,+ 81kg (heavyweight),M,Bronze
Munich,1972,Boxing,Boxing,"THOMSEN, Hasse",SWE,Men,+ 81kg (heavyweight),M,Bronze
Munich,1972,Boxing,Boxing,"STEVENSON, Teofilo",CUB,Men,+ 81kg (heavyweight),M,Gold
Munich,1972,Boxing,Boxing,"ALEXE, Ion",ROU,Men,+ 81kg (heavyweight),M,Silver
Munich,1972,Boxing,Boxing,"BLAZYNSKI, Leszek",POL,Men,48 - 51kg (flyweight),M,Bronze
Munich,1972,Boxing,Boxing,"RODRIGUEZ GUARDIOLA, Douglas",CUB,Men,48 - 51kg (flyweight),M,Bronze
Munich,1972,Boxing,Boxing,"KOSTADINOV, Georghi",BUL,Men,48 - 51kg (flyweight),M,Gold
Munich,1972,Boxing,Boxing,"RWABDOGO, Leo",UGA,Men,48 - 51kg (flyweight),M,Silver
Munich,1972,Boxing,Boxing,"CARRERAS, Ricardo Luis",USA,Men,51 - 54kg (bantamweight),M,Bronze
Munich,1972,Boxing,Boxing,"TURPIN, George",GBR,Men,51 - 54kg (bantamweight),M,Bronze
Munich,1972,Boxing,Boxing,"MARTINEZ ROMERO, Orlando",CUB,Men,51 - 54kg (bantamweight),M,Gold
Munich,1972,Boxing,Boxing,"ZAMORA, Alfonso",MEX,Men,51 - 54kg (bantamweight),M,Silver
Munich,1972,Boxing,Boxing,"BOTOS, Andras",HUN,Men,54 - 57kg (featherweight),M,Bronze
Munich,1972,Boxing,Boxing,"ROJAS, Clemente",COL,Men,54 - 57kg (featherweight),M,Bronze
Munich,1972,Boxing,Boxing,"KUZNETSOV, Boris",URS,Men,54 - 57kg (featherweight),M,Gold
Munich,1972,Boxing,Boxing,"WARUINGE, Philip",KEN,Men,54 - 57kg (featherweight),M,Silver
Munich,1972,Boxing,Boxing,"MBUGUA, Samuel",KEN,Men,57 - 60kg (lightweight),M,Bronze
Munich,1972,Boxing,Boxing,"PEREZ, Alfonso",COL,Men,57 - 60kg (lightweight),M,Bronze
Munich,1972,Boxing,Boxing,"SZCZEPANSKI, Jan",POL,Men,57 - 60kg (lightweight),M,Gold
Munich,1972,Boxing,Boxing,"ORBAN, Laszlo",HUN,Men,57 - 60kg (lightweight),M,Silver
Munich,1972,Boxing,Boxing,"DABORG, Issaka",NIG,Men,60 - 63.5kg (light-welterweight),M,Bronze
Munich,1972,Boxing,Boxing,"VUJIN, Zvonimir",YUG,Men,60 - 63.5kg (light-welterweight),M,Bronze
Munich,1972,Boxing,Boxing,"SEALES, Ray P.",USA,Men,60 - 63.5kg (light-welterweight),M,Gold
Munich,1972,Boxing,Boxing,"ANGELOV, Angel",BUL,Men,60 - 63.5kg (light-welterweight),M,Silver
Munich,1972,Boxing,Boxing,"MURUNGA, Richard (Tiger)",KEN,Men,63.5 - 67kg (welterweight),M,Bronze
Munich,1972,Boxing,Boxing,"VALDEZ, John (Jesse)",USA,Men,63.5 - 67kg (welterweight),M,Bronze
Munich,1972,Boxing,Boxing,"CORREA VAILLANT, Emilio",CUB,Men,63.5 - 67kg (welterweight),M,Gold
Munich,1972,Boxing,Boxing,"KAJDI, Janos",HUN,Men,63.5 - 67kg (welterweight),M,Silver
Munich,1972,Boxing,Boxing,"MINTER, Alan",GBR,Men,67 - 71kg (light-middleweight),M,Bronze
Munich,1972,Boxing,Boxing,"TIEPOLD, Peter",GDR,Men,67 - 71kg (light-middleweight),M,Bronze
Munich,1972,Boxing,Boxing,"KOTTYSCH, Dieter",FRG,Men,67 - 71kg (light-middleweight),M,Gold
Munich,1972,Boxing,Boxing,"RUDKOWSKI, Wieslaw",POL,Men,67 - 71kg (light-middleweight),M,Silver
Munich,1972,Boxing,Boxing,"AMARTEY, Prince",GHA,Men,71-75kg,M,Bronze
Munich,1972,Boxing,Boxing,"JOHNSON, Marvin L.",USA,Men,71-75kg,M,Bronze
Munich,1972,Boxing,Boxing,"LEMECHEW, Viacheslav",URS,Men,71-75kg,M,Gold
Munich,1972,Boxing,Boxing,"VIRTANEN, Reima Valdemar",FIN,Men,71-75kg,M,Silver
Munich,1972,Boxing,Boxing,"GORTAT, Janusz",POL,Men,75 - 81kg (light-heavyweight),M,Bronze
Munich,1972,Boxing,Boxing,"IKHOURIA, Isaac",NGR,Men,75 - 81kg (light-heavyweight),M,Bronze
Munich,1972,Boxing,Boxing,"PARLOV, Mate",YUG,Men,75 - 81kg (light-heavyweight),M,Gold
Munich,1972,Boxing,Boxing,"CARRILLO QUESADA, Gilberto",CUB,Men,75 - 81kg (light-heavyweight),M,Silver
Munich,1972,Canoe / Kayak,Canoe / Kayak F,"LEWE, Detlef",FRG,Men,C-1 1000m (canoe single),M,Bronze
Munich,1972,Canoe / Kayak,Canoe / Kayak F,"PATZAICHIN, Ivan",ROU,Men,C-1 1000m (canoe single),M,Gold
Munich,1972,Canoe / Kayak,Canoe / Kayak F,"WICHMANN, Tamas",HUN,Men,C-1 1000m (canoe single),M,Silver
Munich,1972,Canoe / Kayak,Canoe / Kayak F,"BURTCHIN, Ivan",BUL,Men,C-2 1000m (canoe double),M,Bronze
Munich,1972,Canoe / Kayak,Canoe / Kayak F,"DAMIANOV, Fedia",BUL,Men,C-2 1000m (canoe double),M,Bronze
Munich,1972,Canoe / Kayak,Canoe / Kayak F,"CHESSYUNAS, Vladislavas",URS,Men,C-2 1000m (canoe double),M,Gold
Munich,1972,Canoe / Kayak,Canoe / Kayak F,"LOBANOV, Yuri",URS,Men,C-2 1000m (canoe double),M,Gold
Munich,1972,Canoe / Kayak,Canoe / Kayak F,"COVALIOV, Serghei",ROU,Men,C-2 1000m (canoe double),M,Silver
Munich,1972,Canoe / Kayak,Canoe / Kayak F,"PATZAICHIN, Ivan",ROU,Men,C-2 1000m (canoe double),M,Silver
Munich,1972,Canoe / Kayak,Canoe / Kayak F,"CSAPO, Geza",HUN,Men,K-1 1000m (kayak single),M,Bronze
Munich,1972,Canoe / Kayak,Canoe / Kayak F,"SHAPARENKO, Aleksandr",URS,Men,K-1 1000m (kayak single),M,Gold
Munich,1972,Canoe / Kayak,Canoe / Kayak F,"PETERSON, Rolf",SWE,Men,K-1 1000m (kayak single),M,Silver
Munich,1972,Canoe / Kayak,Canoe / Kayak F,"PFEFFER, Anna",HUN,Women,K-1 500m (kayak single),W,Bronze
Munich,1972,Canoe / Kayak,Canoe / Kayak F,"RYABCHINSKAYA, Yulia",URS,Women,K-1 500m (kayak single),W,Gold
Munich,1972,Canoe / Kayak,Canoe / Kayak F,"JAAPIES, Marie (Mieke)",NED,Women,K-1 500m (kayak single),W,Silver
Munich,1972,Canoe / Kayak,Canoe / Kayak F,"PISZCZ, Rafal Maciej",POL,Men,K-2 1000m (kayak double),M,Bronze
Munich,1972,Canoe / Kayak,Canoe / Kayak F,"SZUSZKIEWICZ, Wladyslaw",POL,Men,K-2 1000m (kayak double),M,Bronze
Munich,1972,Canoe / Kayak,Canoe / Kayak F,"GORBACHEV, Nikolai",URS,Men,K-2 1000m (kayak double),M,Gold
Munich,1972,Canoe / Kayak,Canoe / Kayak F,"KRATASYUK, Viktor",URS,Men,K-2 1000m (kayak double),M,Gold
Munich,1972,Canoe / Kayak,Canoe / Kayak F,"DEME, Jozsef",HUN,Men,K-2 1000m (kayak double),M,Silver
Munich,1972,Canoe / Kayak,Canoe / Kayak F,"RATKAI, Janos",HUN,Men,K-2 1000m (kayak double),M,Silver
Munich,1972,Canoe / Kayak,Canoe / Kayak F,"DUMITRU, Viorica",ROU,Women,K-2 500m (kayak double),W,Bronze
Munich,1972,Canoe / Kayak,Canoe / Kayak F,"NICHIFOROV-MIHOREANU, Maria",ROU,Women,K-2 500m (kayak double),W,Bronze
Munich,1972,Canoe / Kayak,Canoe / Kayak F,"KHVEDOSYUK-PINAEVA, Lyudmila",URS,Women,K-2 500m (kayak double),W,Gold
Munich,1972,Canoe / Kayak,Canoe / Kayak F,"KURYSHKO, Ekaterina",URS,Women,K-2 500m (kayak double),W,Gold
Munich,1972,Canoe / Kayak,Canoe / Kayak F,"GRABOWSKY, Petra",GDR,Women,K-2 500m (kayak double),W,Silver
Munich,1972,Canoe / Kayak,Canoe / Kayak F,"KASCHUBE, Ilse",GDR,Women,K-2 500m (kayak double),W,Silver
Munich,1972,Canoe / Kayak,Canoe / Kayak F,"AMUNDSEN, Steinar",NOR,Men,K-4 1000m (kayak four),M,Bronze
Munich,1972,Canoe / Kayak,Canoe / Kayak F,"BERGER, Tore",NOR,Men,K-4 1000m (kayak four),M,Bronze
Munich,1972,Canoe / Kayak,Canoe / Kayak F,"JOHANSEN, Jan",NOR,Men,K-4 1000m (kayak four),M,Bronze
Munich,1972,Canoe / Kayak,Canoe / Kayak F,"SÖBY, Egil Wike",NOR,Men,K-4 1000m (kayak four),M,Bronze
Munich,1972,Canoe / Kayak,Canoe / Kayak F,"DIDENKO, Valeri",URS,Men,K-4 1000m (kayak four),M,Gold
Munich,1972,Canoe / Kayak,Canoe / Kayak F,"FILATOV, Yuri",URS,Men,K-4 1000m (kayak four),M,Gold
Munich,1972,Canoe / Kayak,Canoe / Kayak F,"MOROZOV, Vladimir",URS,Men,K-4 1000m (kayak four),M,Gold
Munich,1972,Canoe / Kayak,Canoe / Kayak F,"STETSENKO, Yuri",URS,Men,K-4 1000m (kayak four),M,Gold
Munich,1972,Canoe / Kayak,Canoe / Kayak F,"SCIOTNIC, Atanase",ROU,Men,K-4 1000m (kayak four),M,Silver
Munich,1972,Canoe / Kayak,Canoe / Kayak F,"VARTOLOMEU, Roman",ROU,Men,K-4 1000m (kayak four),M,Silver
Munich,1972,Canoe / Kayak,Canoe / Kayak F,"VERNESCU, Aurel",ROU,Men,K-4 1000m (kayak four),M,Silver
Munich,1972,Canoe / Kayak,Canoe / Kayak F,"ZAFIU, Mihai",ROU,Men,K-4 1000m (kayak four),M,Silver
Munich,1972,Canoe / Kayak,Canoe / Kayak S,"MCEWAN, James Patrick",USA,Men,C-1 (canoe single),M,Bronze
Munich,1972,Canoe / Kayak,Canoe / Kayak S,"EIBEN, Reinhard",GDR,Men,C-1 (canoe single),M,Gold
Munich,1972,Canoe / Kayak,Canoe / Kayak S,"KAUDER, Reinhold",FRG,Men,C-1 (canoe single),M,Silver
Munich,1972,Canoe / Kayak,Canoe / Kayak S,"OLRY, Jean-Claude",FRA,Men,C-2 (canoe double),M,Bronze
Munich,1972,Canoe / Kayak,Canoe / Kayak S,"OLRY, Jean-Louis",FRA,Men,C-2 (canoe double),M,Bronze
Munich,1972,Canoe / Kayak,Canoe / Kayak S,"AMEND, Rolf-Dieter",GDR,Men,C-2 (canoe double),M,Gold
Munich,1972,Canoe / Kayak,Canoe / Kayak S,"HOFMANN, Walter",GDR,Men,C-2 (canoe double),M,Gold
Munich,1972,Canoe / Kayak,Canoe / Kayak S,"BAUES, Wilhelm Bernd",FRG,Men,C-2 (canoe double),M,Silver
Munich,1972,Canoe / Kayak,Canoe / Kayak S,"SCHUMACHER, Hans-Otto",FRG,Men,C-2 (canoe double),M,Silver
Munich,1972,Canoe / Kayak,Canoe / Kayak S,"GIMPEL, Harald",GDR,Men,K-1 (kayak single),M,Bronze
Munich,1972,Canoe / Kayak,Canoe / Kayak S,"HORN, Siegbert",GDR,Men,K-1 (kayak single),M,Gold
Munich,1972,Canoe / Kayak,Canoe / Kayak S,"SATTLER, Norbert",AUT,Men,K-1 (kayak single),M,Silver
Munich,1972,Canoe / Kayak,Canoe / Kayak S,"WUNDERLICH, Magdalena",FRG,Women,K-1 (kayak single),W,Bronze
Munich,1972,Canoe / Kayak,Canoe / Kayak S,"BAHMANN, Angelika",GDR,Women,K-1 (kayak single),W,Gold
Munich,1972,Canoe / Kayak,Canoe / Kayak S,"GROTHAUS, Gisela",FRG,Women,K-1 (kayak single),W,Silver
Munich,1972,Cycling,Cycling Road,"KUIPER, Hennie",NED,Men,individual road race,M,Gold
Munich,1972,Cycling,Cycling Road,"SEFTON, Clyde",AUS,Men,individual road race,M,Silver
Munich,1972,Cycling,Cycling Road,"KOMNATOV, Gennadi",URS,Men,team time trial,M,Gold
Munich,1972,Cycling,Cycling Road,"LIKHACHEV, Valery",URS,Men,team time trial,M,Gold
Munich,1972,Cycling,Cycling Road,"SHUKHOV, Boris",URS,Men,team time trial,M,Gold
Munich,1972,Cycling,Cycling Road,"YARDY, Valery",URS,Men,team time trial,M,Gold
Munich,1972,Cycling,Cycling Road,"BARCIK, Edward",POL,Men,team time trial,M,Silver
Munich,1972,Cycling,Cycling Road,"LIS, Lucjan",POL,Men,team time trial,M,Silver
Munich,1972,Cycling,Cycling Road,"SZOZDA, Stanislaw",POL,Men,team time trial,M,Silver
Munich,1972,Cycling,Cycling Road,"SZURKOWSKI, Ryszard",POL,Men,team time trial,M,Silver
Munich,1972,Cycling,Cycling Track,"SCHÜTZE, Jürgen",GDR,Men,1km time trial,M,Bronze
Munich,1972,Cycling,Cycling Track,"FREDBORG, Niels Christian",DEN,Men,1km time trial,M,Gold
Munich,1972,Cycling,Cycling Track,"CLARK, Daniel",AUS,Men,1km time trial,M,Silver
Munich,1972,Cycling,Cycling Track,"BEK, Andrzej",POL,Men,2000m tandem,M,Bronze
Munich,1972,Cycling,Cycling Track,"KOCOT, Benedykt",POL,Men,2000m tandem,M,Bronze
Munich,1972,Cycling,Cycling Track,"SEMENETS, Vladimir",URS,Men,2000m tandem,M,Gold
Munich,1972,Cycling,Cycling Track,"TSELOVALNIKOV, Igor",URS,Men,2000m tandem,M,Gold
Munich,1972,Cycling,Cycling Track,"GESCHKE, Hans-Jürgen",GDR,Men,2000m tandem,M,Silver
Munich,1972,Cycling,Cycling Track,"OTTO, Werner",GDR,Men,2000m tandem,M,Silver
Munich,1972,Cycling,Cycling Track,"LUTZ, Hans",FRG,Men,Individual Pursuit,M,Bronze
Munich,1972,Cycling,Cycling Track,"KNUDSEN, Knut",NOR,Men,Individual Pursuit,M,Gold
Munich,1972,Cycling,Cycling Track,"KURMANN, Xaver",SUI,Men,Individual Pursuit,M,Silver
Munich,1972,Cycling,Cycling Track,"PKHAKADZE, Omar",URS,Men,Sprint indivual,M,Bronze
Munich,1972,Cycling,Cycling Track,"MORELON, Daniel",FRA,Men,Sprint indivual,M,Gold
Munich,1972,Cycling,Cycling Track,"NICHOLSON, John Michael",AUS,Men,Sprint indivual,M,Silver
Munich,1972,Cycling,Cycling Track,"BENNETT, Michael John",GBR,Men,Team Pursuit (4000m),M,Bronze
Munich,1972,Cycling,Cycling Track,"HALLAM, Ian",GBR,Men,Team Pursuit (4000m),M,Bronze
Munich,1972,Cycling,Cycling Track,"KEEBLE, Ronald James",GBR,Men,Team Pursuit (4000m),M,Bronze
Munich,1972,Cycling,Cycling Track,"MOORE, William",GBR,Men,Team Pursuit (4000m),M,Bronze
Munich,1972,Cycling,Cycling Track,"COLOMBO, Jürgen",FRG,Men,Team Pursuit (4000m),M,Gold
Munich,1972,Cycling,Cycling Track,"HARITZ, Günter",FRG,Men,Team Pursuit (4000m),M,Gold
Munich,1972,Cycling,Cycling Track,"HEMPEL, Udo",FRG,Men,Team Pursuit (4000m),M,Gold
Munich,1972,Cycling,Cycling Track,"SCHUHMACHER, Günther",FRG,Men,Team Pursuit (4000m),M,Gold
Munich,1972,Cycling,Cycling Track,"HUSCHKE, Thomas",GDR,Men,Team Pursuit (4000m),M,Silver
Munich,1972,Cycling,Cycling Track,"RICHTER, Heinz",GDR,Men,Team Pursuit (4000m),M,Silver
Munich,1972,Cycling,Cycling Track,"RICHTER, Herbert",GDR,Men,Team Pursuit (4000m),M,Silver
Munich,1972,Cycling,Cycling Track,"UNTERWALDER, Uwe",GDR,Men,Team Pursuit (4000m),M,Silver
Munich,1972,Equestrian,Dressage,"NECKERMANN, Josef",FRG,Men,individual,X,Bronze
Munich,1972,Equestrian,Dressage,"LINSENHOFF, Liselott",FRG,Women,individual,X,Gold
Munich,1972,Equestrian,Dressage,"PETUSHKOVA, Elena",URS,Women,individual,X,Silver
Munich,1972,Equestrian,Dressage,"KALITA, Ivan",URS,Men,team,X,Gold
Munich,1972,Equestrian,Dressage,"KIZIMOV, Ivan",URS,Men,team,X,Gold
Munich,1972,Equestrian,Dressage,"NECKERMANN, Josef",FRG,Men,team,X,Silver
Munich,1972,Equestrian,Dressage,"HAKANSSON, Ulla",SWE,Women,team,X,Bronze
Munich,1972,Equestrian,Dressage,"SWAAB, Ninna",SWE,Women,team,X,Bronze
Munich,1972,Equestrian,Dressage,"VON ROSEN, Maud",SWE,Women,team,X,Bronze
Munich,1972,Equestrian,Dressage,"PETUSHKOVA, Elena",URS,Women,team,X,Gold
Munich,1972,Equestrian,Dressage,"LINSENHOFF, Liselott",FRG,Women,team,X,Silver
Munich,1972,Equestrian,Dressage,"SCHLÜTER-SCHMIDT, Karin",FRG,Women,team,X,Silver
Munich,1972,Equestrian,Eventing,"JÖNSSON, Jan",SWE,Men,individual,X,Bronze
Munich,1972,Equestrian,Eventing,"MEADE, Richard John Hanray",GBR,Men,individual,X,Gold
Munich,1972,Equestrian,Eventing,"ARGENTON, Alessandro",ITA,Men,individual,X,Silver
Munich,1972,Equestrian,Eventing,"GOESSING, Ludwig (Lutz)",FRG,Men,team,X,Bronze
Munich,1972,Equestrian,Eventing,"KARSTEN, Horst",FRG,Men,team,X,Bronze
Munich,1972,Equestrian,Eventing,"KLUGMANN, Harry",FRG,Men,team,X,Bronze
Munich,1972,Equestrian,Eventing,"SCHULTZ, Karl",FRG,Men,team,X,Bronze
Munich,1972,Equestrian,Eventing,"MEADE, Richard John Hanray",GBR,Men,team,X,Gold
Munich,1972,Equestrian,Eventing,"PHILLIPS, Mark Anthony Peter",GBR,Men,team,X,Gold
Munich,1972,Equestrian,Eventing,"DAVIDSON, Bruce Oram",USA,Men,team,X,Silver
Munich,1972,Equestrian,Eventing,"FREEMAN, Kevin John",USA,Men,team,X,Silver
Munich,1972,Equestrian,Eventing,"PLUMB, John Michael",USA,Men,team,X,Silver
Munich,1972,Equestrian,Eventing,"WOFFORD, James Cunningham",USA,Men,team,X,Silver
Munich,1972,Equestrian,Eventing,"GORDON-WATSON, Mary Diana",GBR,Women,team,X,Gold
Munich,1972,Equestrian,Eventing,"PARKER, Bridget",GBR,Women,team,X,Gold
Munich,1972,Equestrian,Jumping,"SHAPIRO, Neal",USA,Men,individual,X,Bronze
Munich,1972,Equestrian,Jumping,"MANCINELLI, Graziano",ITA,Men,individual,X,Gold
Munich,1972,Equestrian,Jumping,"MOORE, Ann Elizabeth",GBR,Women,individual,X,Silver
Munich,1972,Equestrian,Jumping,"D'INZEO, Piero",ITA,Men,team,X,Bronze
Munich,1972,Equestrian,Jumping,"D'INZEO, Raimondo",ITA,Men,team,X,Bronze
Munich,1972,Equestrian,Jumping,"MANCINELLI, Graziano",ITA,Men,team,X,Bronze
Munich,1972,Equestrian,Jumping,"ORLANDI, Vittorio",ITA,Men,team,X,Bronze
Munich,1972,Equestrian,Jumping,"LIGGES, Fritz",FRG,Men,team,X,Gold
Munich,1972,Equestrian,Jumping,"STEENKEN, Hartwig",FRG,Men,team,X,Gold
Munich,1972,Equestrian,Jumping,"WILTFANG, Gerhard (Gerd)",FRG,Men,team,X,Gold
Munich,1972,Equestrian,Jumping,"WINKLER, Hans Günter",FRG,Men,team,X,Gold
Munich,1972,Equestrian,Jumping,"CHAPOT, Frank Davis",USA,Men,team,X,Silver
Munich,1972,Equestrian,Jumping,"SHAPIRO, Neal",USA,Men,team,X,Silver
Munich,1972,Equestrian,Jumping,"STEINKRAUS, William Clark",USA,Men,team,X,Silver
Munich,1972,Equestrian,Jumping,"KUSNER, Kathryn Hallowell",USA,Women,team,X,Silver
Munich,1972,Fencing,Fencing,"KULCSAR, Gyözö",HUN,Men,épée individual,M,Bronze
Munich,1972,Fencing,Fencing,"FENYVESI, Csaba",HUN,Men,épée individual,M,Gold
Munich,1972,Fencing,Fencing,"LADEGAILLERIE, Jacques",FRA,Men,épée individual,M,Silver
Munich,1972,Fencing,Fencing,"KRISS, Grigori",URS,Men,épée team,M,Bronze
Munich,1972,Fencing,Fencing,"MODZALEVSKY, Viktor",URS,Men,épée team,M,Bronze
Munich,1972,Fencing,Fencing,"PARAMONOV, Sergei",URS,Men,épée team,M,Bronze
Munich,1972,Fencing,Fencing,"VALETOV, Igor",URS,Men,épée team,M,Bronze
Munich,1972,Fencing,Fencing,"ZAZHITSKY, Georgi",URS,Men,épée team,M,Bronze
Munich,1972,Fencing,Fencing,"ERDÖS, Sandor",HUN,Men,épée team,M,Gold
Munich,1972,Fencing,Fencing,"FENYVESI, Csaba",HUN,Men,épée team,M,Gold
Munich,1972,Fencing,Fencing,"KULCSAR, Gyözö",HUN,Men,épée team,M,Gold
Munich,1972,Fencing,Fencing,"OSZTRICS, Istvan",HUN,Men,épée team,M,Gold
Munich,1972,Fencing,Fencing,"SCHMITT, Pal",HUN,Men,épée team,M,Gold
Munich,1972,Fencing,Fencing,"EVEQUOZ, Guy",SUI,Men,épée team,M,Silver
Munich,1972,Fencing,Fencing,"GIGER, Daniel",SUI,Men,épée team,M,Silver
Munich,1972,Fencing,Fencing,"KAUTER, Christian",SUI,Men,épée team,M,Silver
Munich,1972,Fencing,Fencing,"LÖTSCHER, Peter",SUI,Men,épée team,M,Silver
Munich,1972,Fencing,Fencing,"SUCHANECKI, Francois",SUI,Men,épée team,M,Silver
Munich,1972,Fencing,Fencing,"NOËL, Christian",FRA,Men,foil individual,M,Bronze
Munich,1972,Fencing,Fencing,"WOYDA, Witold",POL,Men,foil individual,M,Gold
Munich,1972,Fencing,Fencing,"KAMUTI, Jenö",HUN,Men,foil individual,M,Silver
Munich,1972,Fencing,Fencing,"GOROKHOVA, Galina",URS,Women,foil individual,W,Bronze
Munich,1972,Fencing,Fencing,"RAGNO-LONZI, Antonella",ITA,Women,foil individual,W,Gold
Munich,1972,Fencing,Fencing,"BOBIS-FERKASINSZKY, Ildiko",HUN,Women,foil individual,W,Silver
Munich,1972,Fencing,Fencing,"BEROLATTI, Gilles",FRA,Men,foil team,M,Bronze
Munich,1972,Fencing,Fencing,"MAGNAN, Jean-Claude",FRA,Men,foil team,M,Bronze
Munich,1972,Fencing,Fencing,"NOËL, Christian",FRA,Men,foil team,M,Bronze
Munich,1972,Fencing,Fencing,"REVENU, Daniel",FRA,Men,foil team,M,Bronze
Munich,1972,Fencing,Fencing,"TALVARD, Bernard",FRA,Men,foil team,M,Bronze
Munich,1972,Fencing,Fencing,"DABROWSKI, Marek",POL,Men,foil team,M,Gold
Munich,1972,Fencing,Fencing,"GODEL, Arkadiusz",POL,Men,foil team,M,Gold
Munich,1972,Fencing,Fencing,"KACZMAREK, Jerzy",POL,Men,foil team,M,Gold
Munich,1972,Fencing,Fencing,"KOZIEJOWSKI, Lech",POL,Men,foil team,M,Gold
Munich,1972,Fencing,Fencing,"WOYDA, Witold",POL,Men,foil team,M,Gold
Munich,1972,Fencing,Fencing,"DENISOV, Vladimir",URS,Men,foil team,M,Silver
Munich,1972,Fencing,Fencing,"KOTETSEV, Anatoli",URS,Men,foil team,M,Silver
Munich,1972,Fencing,Fencing,"PUTYATIN, Viktor",URS,Men,foil team,M,Silver
Munich,1972,Fencing,Fencing,"ROMANOV, Leonid",URS,Men,foil team,M,Silver
Munich,1972,Fencing,Fencing,"STANKOVICH, Vasili",URS,Men,foil team,M,Silver
Munich,1972,Fencing,Fencing,"DERSIDAN-ENE-PASCU, Ana",ROU,Women,foil team,W,Bronze
Munich,1972,Fencing,Fencing,"GYULAI-DRIMBA-JENEI, Ileana",ROU,Women,foil team,W,Bronze
Munich,1972,Fencing,Fencing,"IENCIC-STAHL, Ecaterina Clara",ROU,Women,foil team,W,Bronze
Munich,1972,Fencing,Fencing,"ORBAN-SZABO, Olga",ROU,Women,foil team,W,Bronze
Munich,1972,Fencing,Fencing,"CHIRKOVA, Svetlana",URS,Women,foil team,W,Gold
Munich,1972,Fencing,Fencing,"GOROKHOVA, Galina",URS,Women,foil team,W,Gold
Munich,1972,Fencing,Fencing,"NOVIKOVA-BELOVA, Elena",URS,Women,foil team,W,Gold
Munich,1972,Fencing,Fencing,"PETRENKO-SAMUSENKO, Tatyana",URS,Women,foil team,W,Gold
Munich,1972,Fencing,Fencing,"ZABELINA, Aleksandra",URS,Women,foil team,W,Gold
Munich,1972,Fencing,Fencing,"BOBIS-FERKASINSZKY, Ildiko",HUN,Women,foil team,W,Silver
Munich,1972,Fencing,Fencing,"GULACSI-SZOLNOKI, Maria",HUN,Women,foil team,W,Silver
Munich,1972,Fencing,Fencing,"MATUSCAK-RONAY, Ildiko",HUN,Women,foil team,W,Silver
Munich,1972,Fencing,Fencing,"REJTO-UJLAKI, Ildiko",HUN,Women,foil team,W,Silver
Munich,1972,Fencing,Fencing,"SCHWARCZENBERGER, Ildiko",HUN,Women,foil team,W,Silver
Munich,1972,Fencing,Fencing,"NAZLYMOV, Vladimir",URS,Men,sabre individual,M,Bronze
Munich,1972,Fencing,Fencing,"SIDYAK, Viktor",URS,Men,sabre individual,M,Gold
Munich,1972,Fencing,Fencing,"MAROTH, Peter",HUN,Men,sabre individual,M,Silver
Munich,1972,Fencing,Fencing,"BAKONYI, Peter",HUN,Men,sabre team,M,Bronze
Munich,1972,Fencing,Fencing,"GEREVICH, Pal",HUN,Men,sabre team,M,Bronze
Munich,1972,Fencing,Fencing,"KOVACS, Tamas",HUN,Men,sabre team,M,Bronze
Munich,1972,Fencing,Fencing,"MAROTH, Peter",HUN,Men,sabre team,M,Bronze
Munich,1972,Fencing,Fencing,"PEZSA, Tibor",HUN,Men,sabre team,M,Bronze
Munich,1972,Fencing,Fencing,"MAFFEI, Michele",ITA,Men,sabre team,M,Gold
Munich,1972,Fencing,Fencing,"MONTANO, Mario Aldo",ITA,Men,sabre team,M,Gold
Munich,1972,Fencing,Fencing,"MONTANO, Mario Tullio",ITA,Men,sabre team,M,Gold
Munich,1972,Fencing,Fencing,"RIGOLI, Rolando",ITA,Men,sabre team,M,Gold
Munich,1972,Fencing,Fencing,"SALVADORI, Cesare",ITA,Men,sabre team,M,Gold
Munich,1972,Fencing,Fencing,"BASHENOV, Viktor",URS,Men,sabre team,M,Silver
Munich,1972,Fencing,Fencing,"NAZLYMOV, Vladimir",URS,Men,sabre team,M,Silver
Munich,1972,Fencing,Fencing,"RAKITA, Mark",URS,Men,sabre team,M,Silver
Munich,1972,Fencing,Fencing,"SIDYAK, Viktor",URS,Men,sabre team,M,Silver
Munich,1972,Fencing,Fencing,"VINOKUROV, Eduard",URS,Men,sabre team,M,Silver
Munich,1972,Football,Football,"ANDRIASYAN, Arkadi",URS,Men,football,M,Bronze
Munich,1972,Football,Football,"BLOKHIN, Oleg",URS,Men,football,M,Bronze
Munich,1972,Football,Football,"BRANSCH, Bernd",GDR,Men,football,M,Bronze
Munich,1972,Football,Football,"CROY, Jürgen",GDR,Men,football,M,Bronze
Munich,1972,Football,Football,"DUCKE, Peter",GDR,Men,football,M,Bronze
Munich,1972,Football,Football,"DZODZUASHVILI, Revaz",URS,Men,football,M,Bronze
Munich,1972,Football,Football,"ELISEEV, Yuri",URS,Men,football,M,Bronze
Munich,1972,Football,Football,"EVRYUZHIKHIN, Gennadi",URS,Men,football,M,Bronze
Munich,1972,Football,Football,"GANZERA, Frank",GDR,Men,football,M,Bronze
Munich,1972,Football,Football,"HÄFNER, Reinhard",GDR,Men,football,M,Bronze
Munich,1972,Football,Football,"IRMSCHER, Harald",GDR,Men,football,M,Bronze
Munich,1972,Football,Football,"ISTOMIN, Yuri",URS,Men,football,M,Bronze
Munich,1972,Football,Football,"KAPLICHNY, Vladimir",URS,Men,football,M,Bronze
Munich,1972,Football,Football,"KHURCILAVA, Murtaz",URS,Men,football,M,Bronze
Munich,1972,Football,Football,"KOLOTOV, Viktor",URS,Men,football,M,Bronze
Munich,1972,Football,Football,"KREISCHE, Hans-Jürgen",GDR,Men,football,M,Bronze
Munich,1972,Football,Football,"KUKSOV, Anatoli",URS,Men,football,M,Bronze
Munich,1972,Football,Football,"KURBJUWEIT, Lothar",GDR,Men,football,M,Bronze
Munich,1972,Football,Football,"LOVCHEV, Yevgeni",URS,Men,football,M,Bronze
Munich,1972,Football,Football,"OLSHANSKY, Sergei",URS,Men,football,M,Bronze
Munich,1972,Football,Football,"ONISHCHENKO, Vladimir",URS,Men,football,M,Bronze
Munich,1972,Football,Football,"PILGUI, Vladimir",URS,Men,football,M,Bronze
Munich,1972,Football,Football,"POMMERENKE, Jürgen",GDR,Men,football,M,Bronze
Munich,1972,Football,Football,"RUDAKOV, Yevgeni",URS,Men,football,M,Bronze
Munich,1972,Football,Football,"SABO, Iosef",URS,Men,football,M,Bronze
Munich,1972,Football,Football,"SCHULENBERG, Ralf",GDR,Men,football,M,Bronze
Munich,1972,Football,Football,"SEGUIN, Wolfgang",GDR,Men,football,M,Bronze
Munich,1972,Football,Football,"SEMENOV, Vyacheslav",URS,Men,football,M,Bronze
Munich,1972,Football,Football,"SPARWASSER, Jürgen",GDR,Men,football,M,Bronze
Munich,1972,Football,Football,"STREICH, Joachim",GDR,Men,football,M,Bronze
Munich,1972,Football,Football,"VOGEL, Eberhard",GDR,Men,football,M,Bronze
Munich,1972,Football,Football,"WATZLICH, Siegmar",GDR,Men,football,M,Bronze
Munich,1972,Football,Football,"WEISE, Konrad",GDR,Men,football,M,Bronze
Munich,1972,Football,Football,"YAKUBIK, Andrei",URS,Men,football,M,Bronze
Munich,1972,Football,Football,"ZANAZANYAN, Oganes",URS,Men,football,M,Bronze
Munich,1972,Football,Football,"ZAPF, Manfred",GDR,Men,football,M,Bronze
Munich,1972,Football,Football,"ANCZOK, Zygmunt",POL,Men,football,M,Gold
Munich,1972,Football,Football,"CMIKIEWICZ, Leslaw",POL,Men,football,M,Gold
Munich,1972,Football,Football,"DEYNA, Kazimierz",POL,Men,football,M,Gold
Munich,1972,Football,Football,"GADOCHA, Robert",POL,Men,football,M,Gold
Munich,1972,Football,Football,"GORGON, Jerzy",POL,Men,football,M,Gold
Munich,1972,Football,Football,"GUT, Zbigniew",POL,Men,football,M,Gold
Munich,1972,Football,Football,"KMIECIK, Kazimierz",POL,Men,football,M,Gold
Munich,1972,Football,Football,"KOSTKA, Hubert",POL,Men,football,M,Gold
Munich,1972,Football,Football,"KRASKA, Jerzy",POL,Men,football,M,Gold
Munich,1972,Football,Football,"LATO, Grzegorz",POL,Men,football,M,Gold
Munich,1972,Football,Football,"LUBANSKI, Wlodzimierz",POL,Men,football,M,Gold
Munich,1972,Football,Football,"MARX, Joachim",POL,Men,football,M,Gold
Munich,1972,Football,Football,"MASZCZYK, Zygmunt",POL,Men,football,M,Gold
Munich,1972,Football,Football,"OSTAFINSKI, Marjan",POL,Men,football,M,Gold
Munich,1972,Football,Football,"SZOLTYSIK, Zygfryd",POL,Men,football,M,Gold
Munich,1972,Football,Football,"SZYMANOWSKI, Antoni",POL,Men,football,M,Gold
Munich,1972,Football,Football,"SZYMCZAK, Ryszard",POL,Men,football,M,Gold
Munich,1972,Football,Football,"BALINT, Laszlo",HUN,Men,football,M,Silver
Munich,1972,Football,Football,"BRANIKOVICS, Laszlo",HUN,Men,football,M,Silver
Munich,1972,Football,Football,"DUNAI, Antal",HUN,Men,football,M,Silver
Munich,1972,Football,Football,"DUNAI, Ede",HUN,Men,football,M,Silver
Munich,1972,Football,Football,"GECZI, Istvan",HUN,Men,football,M,Silver
Munich,1972,Football,Football,"JUHASZ, Peter",HUN,Men,football,M,Silver
Munich,1972,Football,Football,"KOCSIS, Lajos",HUN,Men,football,M,Silver
Munich,1972,Football,Football,"KOVACS, Jozsef",HUN,Men,football,M,Silver
Munich,1972,Football,Football,"KOZMA, Mihaly",HUN,Men,football,M,Silver
Munich,1972,Football,Football,"KU, Lajos",HUN,Men,football,M,Silver
Munich,1972,Football,Football,"PANCSICS, Miklos",HUN,Men,football,M,Silver
Munich,1972,Football,Football,"ROTHERMEL, Adam",HUN,Men,football,M,Silver
Munich,1972,Football,Football,"SZUCS, Lajos",HUN,Men,football,M,Silver
Munich,1972,Football,Football,"TOTH, Kalman",HUN,Men,football,M,Silver
Munich,1972,Football,Football,"VARADI, Bela",HUN,Men,football,M,Silver
Munich,1972,Football,Football,"VEPI, Peter",HUN,Men,football,M,Silver
Munich,1972,Football,Football,"VIDACS, Csaba",HUN,Men,football,M,Silver
Munich,1972,Gymnastics,Artistic G.,"JANZ, Karin",GDR,Women,balance beam,W,Bronze
Munich,1972,Gymnastics,Artistic G.,"KORBUT, Olga",URS,Women,balance beam,W,Gold
Munich,1972,Gymnastics,Artistic G.,"LAZAKOVICH, Tamara",URS,Women,balance beam,W,Silver
Munich,1972,Gymnastics,Artistic G.,"KASAMATSU, Shigeru",JPN,Men,floor exercises,M,Bronze
Munich,1972,Gymnastics,Artistic G.,"ANDRIANOV, Nikolay",URS,Men,floor exercises,M,Gold
Munich,1972,Gymnastics,Artistic G.,"NAKAYAMA, Akinori",JPN,Men,floor exercises,M,Silver
Munich,1972,Gymnastics,Artistic G.,"LAZAKOVICH, Tamara",URS,Women,floor exercises,W,Bronze
Munich,1972,Gymnastics,Artistic G.,"KORBUT, Olga",URS,Women,floor exercises,W,Gold
Munich,1972,Gymnastics,Artistic G.,"TURISCHEVA, Lyudmila",URS,Women,floor exercises,W,Silver
Munich,1972,Gymnastics,Artistic G.,"KASAMATSU, Shigeru",JPN,Men,horizontal bar,M,Bronze
Munich,1972,Gymnastics,Artistic G.,"TSUKAHARA, Mitsuo",JPN,Men,horizontal bar,M,Gold
Munich,1972,Gymnastics,Artistic G.,"KATO, Sawao",JPN,Men,horizontal bar,M,Silver
Munich,1972,Gymnastics,Artistic G.,"NAKAYAMA, Akinori",JPN,Men,individual all-round,M,Bronze
Munich,1972,Gymnastics,Artistic G.,"KATO, Sawao",JPN,Men,individual all-round,M,Gold
Munich,1972,Gymnastics,Artistic G.,"KENMOTSU, Eizo",JPN,Men,individual all-round,M,Silver
Munich,1972,Gymnastics,Artistic G.,"LAZAKOVICH, Tamara",URS,Women,individual all-round,W,Bronze
Munich,1972,Gymnastics,Artistic G.,"TURISCHEVA, Lyudmila",URS,Women,individual all-round,W,Gold
Munich,1972,Gymnastics,Artistic G.,"JANZ, Karin",GDR,Women,individual all-round,W,Silver
Munich,1972,Gymnastics,Artistic G.,"KENMOTSU, Eizo",JPN,Men,parallel bars,M,Bronze
Munich,1972,Gymnastics,Artistic G.,"KATO, Sawao",JPN,Men,parallel bars,M,Gold
Munich,1972,Gymnastics,Artistic G.,"KASAMATSU, Shigeru",JPN,Men,parallel bars,M,Silver
Munich,1972,Gymnastics,Artistic G.,"KENMOTSU, Eizo",JPN,Men,pommel horse,M,Bronze
Munich,1972,Gymnastics,Artistic G.,"KLIMENKO, Viktor",URS,Men,pommel horse,M,Gold
Munich,1972,Gymnastics,Artistic G.,"KATO, Sawao",JPN,Men,pommel horse,M,Silver
Munich,1972,Gymnastics,Artistic G.,"TSUKAHARA, Mitsuo",JPN,Men,rings,M,Bronze
Munich,1972,Gymnastics,Artistic G.,"NAKAYAMA, Akinori",JPN,Men,rings,M,Gold
Munich,1972,Gymnastics,Artistic G.,"VORONIN, Mikhail",URS,Men,rings,M,Silver
Munich,1972,Gymnastics,Artistic G.,"BREHME, Matthias",GDR,Men,team competition,M,Bronze
Munich,1972,Gymnastics,Artistic G.,"KLOTZ, Wolfgang",GDR,Men,team competition,M,Bronze
Munich,1972,Gymnastics,Artistic G.,"KÖSTE, Klaus",GDR,Men,team competition,M,Bronze
Munich,1972,Gymnastics,Artistic G.,"PAEKE, Jürgen",GDR,Men,team competition,M,Bronze
Munich,1972,Gymnastics,Artistic G.,"RYCHLY, Reinhard",GDR,Men,team competition,M,Bronze
Munich,1972,Gymnastics,Artistic G.,"THÜNE, Wolfgang",GDR,Men,team competition,M,Bronze
Munich,1972,Gymnastics,Artistic G.,"KASAMATSU, Shigeru",JPN,Men,team competition,M,Gold
Munich,1972,Gymnastics,Artistic G.,"KATO, Sawao",JPN,Men,team competition,M,Gold
Munich,1972,Gymnastics,Artistic G.,"KENMOTSU, Eizo",JPN,Men,team competition,M,Gold
Munich,1972,Gymnastics,Artistic G.,"NAKAYAMA, Akinori",JPN,Men,team competition,M,Gold
Munich,1972,Gymnastics,Artistic G.,"OKAMURA, Teruichi",JPN,Men,team competition,M,Gold
Munich,1972,Gymnastics,Artistic G.,"TSUKAHARA, Mitsuo",JPN,Men,team competition,M,Gold
Munich,1972,Gymnastics,Artistic G.,"ANDRIANOV, Nikolay",URS,Men,team competition,M,Silver
Munich,1972,Gymnastics,Artistic G.,"KLIMENKO, Viktor",URS,Men,team competition,M,Silver
Munich,1972,Gymnastics,Artistic G.,"MALEEV, Aleksandr",URS,Men,team competition,M,Silver
Munich,1972,Gymnastics,Artistic G.,"MIKAELIAN, Edvard",URS,Men,team competition,M,Silver
Munich,1972,Gymnastics,Artistic G.,"SHUKIN, Vladimir",URS,Men,team competition,M,Silver
Munich,1972,Gymnastics,Artistic G.,"VORONIN, Mikhail",URS,Men,team competition,M,Silver
Munich,1972,Gymnastics,Artistic G.,"BEKESI, Ilona",HUN,Women,team competition,W,Bronze
Munich,1972,Gymnastics,Artistic G.,"CSASZAR, Monika",HUN,Women,team competition,W,Bronze
Munich,1972,Gymnastics,Artistic G.,"KELEMEN, Marta",HUN,Women,team competition,W,Bronze
Munich,1972,Gymnastics,Artistic G.,"KERY, Aniko",HUN,Women,team competition,W,Bronze
Munich,1972,Gymnastics,Artistic G.,"MEDVECZKY, Krisztina",HUN,Women,team competition,W,Bronze
Munich,1972,Gymnastics,Artistic G.,"NAGY, Zsuzsa",HUN,Women,team competition,W,Bronze
Munich,1972,Gymnastics,Artistic G.,"BURDA, Lyubov",URS,Women,team competition,W,Gold
Munich,1972,Gymnastics,Artistic G.,"KORBUT, Olga",URS,Women,team competition,W,Gold
Munich,1972,Gymnastics,Artistic G.,"KOSHEL, Antonina",URS,Women,team competition,W,Gold
Munich,1972,Gymnastics,Artistic G.,"LAZAKOVICH, Tamara",URS,Women,team competition,W,Gold
Munich,1972,Gymnastics,Artistic G.,"SAADI, Elvira",URS,Women,team competition,W,Gold
Munich,1972,Gymnastics,Artistic G.,"TURISCHEVA, Lyudmila",URS,Women,team competition,W,Gold
Munich,1972,Gymnastics,Artistic G.,"ABEL, Irene",GDR,Women,team competition,W,Silver
Munich,1972,Gymnastics,Artistic G.,"HELLMANN, Angelika",GDR,Women,team competition,W,Silver
Munich,1972,Gymnastics,Artistic G.,"JANZ, Karin",GDR,Women,team competition,W,Silver
Munich,1972,Gymnastics,Artistic G.,"SCHMEISSER, Richarda",GDR,Women,team competition,W,Silver
Munich,1972,Gymnastics,Artistic G.,"SCHMITT, Christine",GDR,Women,team competition,W,Silver
Munich,1972,Gymnastics,Artistic G.,"ZUCHOLD, Erika",GDR,Women,team competition,W,Silver
Munich,1972,Gymnastics,Artistic G.,"JANZ, Karin",GDR,Women,uneven bars,W,Gold
Munich,1972,Gymnastics,Artistic G.,"KORBUT, Olga",URS,Women,uneven bars,W,Silver
Munich,1972,Gymnastics,Artistic G.,"ZUCHOLD, Erika",GDR,Women,uneven bars,W,Silver
Munich,1972,Gymnastics,Artistic G.,"ANDRIANOV, Nikolay",URS,Men,vault,M,Bronze
Munich,1972,Gymnastics,Artistic G.,"KÖSTE, Klaus",GDR,Men,vault,M,Gold
Munich,1972,Gymnastics,Artistic G.,"KLIMENKO, Viktor",URS,Men,vault,M,Silver
Munich,1972,Gymnastics,Artistic G.,"TURISCHEVA, Lyudmila",URS,Women,vault,W,Bronze
Munich,1972,Gymnastics,Artistic G.,"JANZ, Karin",GDR,Women,vault,W,Gold
Munich,1972,Gymnastics,Artistic G.,"ZUCHOLD, Erika",GDR,Women,vault,W,Silver
Munich,1972,Handball,Handball,"BIRTALAN, Stefan",ROU,Men,handball,M,Bronze
Munich,1972,Handball,Handball,"COSMA, Adrian",ROU,Men,handball,M,Bronze
Munich,1972,Handball,Handball,"DINCA, Alexandru",ROU,Men,handball,M,Bronze
Munich,1972,Handball,Handball,"GATU, Cristian",ROU,Men,handball,M,Bronze
Munich,1972,Handball,Handball,"GRUIA, Gheorghe",ROU,Men,handball,M,Bronze
Munich,1972,Handball,Handball,"GUNES, Roland",ROU,Men,handball,M,Bronze
Munich,1972,Handball,Handball,"KICSID, Gabriel",ROU,Men,handball,M,Bronze
Munich,1972,Handball,Handball,"LICU, Ghita",ROU,Men,handball,M,Bronze
Munich,1972,Handball,Handball,"MARIN, Daniel",ROU,Men,handball,M,Bronze
Munich,1972,Handball,Handball,"PENU, Cornel",ROU,Men,handball,M,Bronze
Munich,1972,Handball,Handball,"SAMUNGI, Valentin",ROU,Men,handball,M,Bronze
Munich,1972,Handball,Handball,"SOBEL, Simion",ROU,Men,handball,M,Bronze
Munich,1972,Handball,Handball,"STOCKL, Werner",ROU,Men,handball,M,Bronze
Munich,1972,Handball,Handball,"TUDOSIE, Constantin",ROU,Men,handball,M,Bronze
Munich,1972,Handball,Handball,"VOINEA, Radu",ROU,Men,handball,M,Bronze
Munich,1972,Handball,Handball,"ARSLANAGIC, Abaz",YUG,Men,handball,M,Gold
Munich,1972,Handball,Handball,"FAJFRIC, Petar",YUG,Men,handball,M,Gold
Munich,1972,Handball,Handball,"HORVAT, Hrvoje",YUG,Men,handball,M,Gold
Munich,1972,Handball,Handball,"KARALIC, Milorad",YUG,Men,handball,M,Gold
Munich,1972,Handball,Handball,"LAVRNIC, Djoko",YUG,Men,handball,M,Gold
Munich,1972,Handball,Handball,"LAZAREVIC, Milan",YUG,Men,handball,M,Gold
Munich,1972,Handball,Handball,"MILJAK, Zdravko",YUG,Men,handball,M,Gold
Munich,1972,Handball,Handball,"MISKOVIC, Slobodan",YUG,Men,handball,M,Gold
Munich,1972,Handball,Handball,"POKRAJAC, Branislav",YUG,Men,handball,M,Gold
Munich,1972,Handball,Handball,"POPOVIC, Nebojsa",YUG,Men,handball,M,Gold
Munich,1972,Handball,Handball,"PRIBANIC, Miroslav",YUG,Men,handball,M,Gold
