Los Angeles,1984,Wrestling,Wrestling Free.,"KIM, Eui-Kon",KOR,Men,52 - 57kg (bantamweight),M,Bronze
Los Angeles,1984,Wrestling,Wrestling Free.,"TOMIYAMA, Hideaki",JPN,Men,52 - 57kg (bantamweight),M,Gold
Los Angeles,1984,Wrestling,Wrestling Free.,"DAVIS, Barry Alan",USA,Men,52 - 57kg (bantamweight),M,Silver
Los Angeles,1984,Wrestling,Wrestling Free.,"LEE, Jung-Keun",KOR,Men,57 - 62kg (featherweight),M,Bronze
Los Angeles,1984,Wrestling,Wrestling Free.,"LEWIS, Randall Scott",USA,Men,57 - 62kg (featherweight),M,Gold
Los Angeles,1984,Wrestling,Wrestling Free.,"AKAISHI, Kosei",JPN,Men,57 - 62kg (featherweight),M,Silver
Los Angeles,1984,Wrestling,Wrestling Free.,"RAUHALA, Jukka",FIN,Men,62 - 68kg (lightweight),M,Bronze
Los Angeles,1984,Wrestling,Wrestling Free.,"YOU, In-Tak",KOR,Men,62 - 68kg (lightweight),M,Gold
Los Angeles,1984,Wrestling,Wrestling Free.,"REIN, Andrew Roland",USA,Men,62 - 68kg (lightweight),M,Silver
Los Angeles,1984,Wrestling,Wrestling Free.,"SEJDI, Saban",YUG,Men,68 - 74kg (welterweight),M,Bronze
Los Angeles,1984,Wrestling,Wrestling Free.,"SCHULTZ, David Leslie",USA,Men,68 - 74kg (welterweight),M,Gold
Los Angeles,1984,Wrestling,Wrestling Free.,"KNOSP, Martin",FRG,Men,68 - 74kg (welterweight),M,Silver
Los Angeles,1984,Wrestling,Wrestling Free.,"RINKE, Christopher",CAN,Men,74 - 82kg (middleweight),M,Bronze
Los Angeles,1984,Wrestling,Wrestling Free.,"SCHULTZ, Mark Philip",USA,Men,74 - 82kg (middleweight),M,Gold
Los Angeles,1984,Wrestling,Wrestling Free.,"NAGASHIMA, Hideyuki",JPN,Men,74 - 82kg (middleweight),M,Silver
Los Angeles,1984,Wrestling,Wrestling Free.,"LOBAN, Noel",GBR,Men,82 - 90kg (light-heavyweight),M,Bronze
Los Angeles,1984,Wrestling,Wrestling Free.,"BANACH, Edward Joseph",USA,Men,82 - 90kg (light-heavyweight),M,Gold
Los Angeles,1984,Wrestling,Wrestling Free.,"OTA, Akira",JPN,Men,82 - 90kg (light-heavyweight),M,Silver
Los Angeles,1984,Wrestling,Wrestling Free.,"PUSCASU, Vasile",ROU,Men,90 - 100kg (heavyweight),M,Bronze
Los Angeles,1984,Wrestling,Wrestling Free.,"BANACH, Louis David",USA,Men,90 - 100kg (heavyweight),M,Gold
Los Angeles,1984,Wrestling,Wrestling Free.,"ATIYEH, Josep",SYR,Men,90 - 100kg (heavyweight),M,Silver
Los Angeles,1984,Wrestling,Wrestling Gre-R,"SAITO, Ikuzo",JPN,Men,- 48kg (light-flyweight),M,Bronze
Los Angeles,1984,Wrestling,Wrestling Gre-R,"MAENZA, Vincenzo",ITA,Men,- 48kg (light-flyweight),M,Gold
Los Angeles,1984,Wrestling,Wrestling Gre-R,"SCHERER, Markus",FRG,Men,- 48kg (light-flyweight),M,Silver
Los Angeles,1984,Wrestling,Wrestling Gre-R,"DOLIPSCHI, Victor",ROU,Men,+ 100kg (super heavyweight),M,Bronze
Los Angeles,1984,Wrestling,Wrestling Gre-R,"BLATNICK, Jeffrey Carl",USA,Men,+ 100kg (super heavyweight),M,Gold
Los Angeles,1984,Wrestling,Wrestling Gre-R,"MEMISEVIC, Refik",YUG,Men,+ 100kg (super heavyweight),M,Silver
Los Angeles,1984,Wrestling,Wrestling Gre-R,"BANG, Dae-Du",KOR,Men,48 - 52kg (flyweight),M,Bronze
Los Angeles,1984,Wrestling,Wrestling Gre-R,"MIYAHARA, Atsuji",JPN,Men,48 - 52kg (flyweight),M,Gold
Los Angeles,1984,Wrestling,Wrestling Gre-R,"ACEVES, Daniel",MEX,Men,48 - 52kg (flyweight),M,Silver
Los Angeles,1984,Wrestling,Wrestling Gre-R,"HOLIDIS, Charalambos",GRE,Men,52 - 57kg (bantamweight),M,Bronze
Los Angeles,1984,Wrestling,Wrestling Gre-R,"PASSARELLI, Pasquale",FRG,Men,52 - 57kg (bantamweight),M,Gold
Los Angeles,1984,Wrestling,Wrestling Gre-R,"ETO, Masaki",JPN,Men,52 - 57kg (bantamweight),M,Silver
Los Angeles,1984,Wrestling,Wrestling Gre-R,"DIETSCHE, Hugo",SUI,Men,57 - 62kg (featherweight),M,Bronze
Los Angeles,1984,Wrestling,Wrestling Gre-R,"KIM, Weon-Kee",KOR,Men,57 - 62kg (featherweight),M,Gold
Los Angeles,1984,Wrestling,Wrestling Gre-R,"JOHANSSON, Kent-Olle",SWE,Men,57 - 62kg (featherweight),M,Silver
Los Angeles,1984,Wrestling,Wrestling Gre-R,"MARTINEZ, James Michael",USA,Men,62 - 68kg (lightweight),M,Bronze
Los Angeles,1984,Wrestling,Wrestling Gre-R,"LISJAK, Vlado",YUG,Men,62 - 68kg (lightweight),M,Gold
Los Angeles,1984,Wrestling,Wrestling Gre-R,"SIPILA, Tapio",FIN,Men,62 - 68kg (lightweight),M,Silver
Los Angeles,1984,Wrestling,Wrestling Gre-R,"RUSU, Stefan",ROU,Men,68 - 74kg (welterweight),M,Bronze
Los Angeles,1984,Wrestling,Wrestling Gre-R,"SALOMAKI, Jouko",FIN,Men,68 - 74kg (welterweight),M,Gold
Los Angeles,1984,Wrestling,Wrestling Gre-R,"TALLROTH, Roger",SWE,Men,68 - 74kg (welterweight),M,Silver
Los Angeles,1984,Wrestling,Wrestling Gre-R,"CLAESON, Soren",SWE,Men,74 - 82kg (middleweight),M,Bronze
Los Angeles,1984,Wrestling,Wrestling Gre-R,"DRAICA, Ion",ROU,Men,74 - 82kg (middleweight),M,Gold
Los Angeles,1984,Wrestling,Wrestling Gre-R,"THANOPOULOS, Demetrios",GRE,Men,74 - 82kg (middleweight),M,Silver
Los Angeles,1984,Wrestling,Wrestling Gre-R,"ANDERSSON, Frank",SWE,Men,82 - 90kg (light-heavyweight),M,Bronze
Los Angeles,1984,Wrestling,Wrestling Gre-R,"FRASER, Steven Howard",USA,Men,82 - 90kg (light-heavyweight),M,Gold
Los Angeles,1984,Wrestling,Wrestling Gre-R,"MATEI, Ilie",ROU,Men,82 - 90kg (light-heavyweight),M,Silver
Los Angeles,1984,Wrestling,Wrestling Gre-R,"TERTELIJE, Jozef",YUG,Men,90 - 100kg (heavyweight),M,Bronze
Los Angeles,1984,Wrestling,Wrestling Gre-R,"ANDREI, Vasile",ROU,Men,90 - 100kg (heavyweight),M,Gold
Los Angeles,1984,Wrestling,Wrestling Gre-R,"GIBSON, Gregory P.",USA,Men,90 - 100kg (heavyweight),M,Silver
Seoul,1988,Aquatics,Diving,"MENA CAMPOS, Jesus",MEX,Men,10m platform,M,Bronze
Seoul,1988,Aquatics,Diving,"LOUGANIS, Gregory",USA,Men,10m platform,M,Gold
Seoul,1988,Aquatics,Diving,"XIONG, Ni",CHN,Men,10m platform,M,Silver
Seoul,1988,Aquatics,Diving,"WYLAND-WILLIAMS, Wendy Lian",USA,Women,10m platform,W,Bronze
Seoul,1988,Aquatics,Diving,"XU, Yan-Mei",CHN,Women,10m platform,W,Gold
Seoul,1988,Aquatics,Diving,"MITCHELL, Michele",USA,Women,10m platform,W,Silver
Seoul,1988,Aquatics,Diving,"LI, De-Liang",CHN,Men,3m springboard,M,Bronze
Seoul,1988,Aquatics,Diving,"LOUGANIS, Gregory",USA,Men,3m springboard,M,Gold
Seoul,1988,Aquatics,Diving,"TAN, Liang-De",CHN,Men,3m springboard,M,Silver
Seoul,1988,Aquatics,Diving,"MCCORMICK, Kelly Anne",USA,Women,3m springboard,W,Bronze
Seoul,1988,Aquatics,Diving,"GAO, Min",CHN,Women,3m springboard,W,Gold
Seoul,1988,Aquatics,Diving,"LI, Qing",CHN,Women,3m springboard,W,Silver
Seoul,1988,Aquatics,Swimming,"POLYANSKI, Igor",URS,Men,100m backstroke,M,Bronze
Seoul,1988,Aquatics,Swimming,"SUZUKI, Daichi",JPN,Men,100m backstroke,M,Gold
Seoul,1988,Aquatics,Swimming,"BERKOFF, David Charles",USA,Men,100m backstroke,M,Silver
Seoul,1988,Aquatics,Swimming,"SIRCH, Cornelia",GDR,Women,100m backstroke,W,Bronze
Seoul,1988,Aquatics,Swimming,"OTTO, Kristin",GDR,Women,100m backstroke,W,Gold
Seoul,1988,Aquatics,Swimming,"EGERSZEGI, Krisztina",HUN,Women,100m backstroke,W,Silver
Seoul,1988,Aquatics,Swimming,"VOLKOV, Dmitri",URS,Men,100m breaststroke,M,Bronze
Seoul,1988,Aquatics,Swimming,"MOORHOUSE, Adrian David",GBR,Men,100m breaststroke,M,Gold
Seoul,1988,Aquatics,Swimming,"GUTTLER, Karoly",HUN,Men,100m breaststroke,M,Silver
Seoul,1988,Aquatics,Swimming,"HÖRNER, Silke",GDR,Women,100m breaststroke,W,Bronze
Seoul,1988,Aquatics,Swimming,"BOGOMILOVA-DANGALAKOVA, Tania",BUL,Women,100m breaststroke,W,Gold
Seoul,1988,Aquatics,Swimming,"FRENKEVA, Antoaneta",BUL,Women,100m breaststroke,W,Silver
Seoul,1988,Aquatics,Swimming,"JAMESON, Andrew Dasvid",GBR,Men,100m butterfly,M,Bronze
Seoul,1988,Aquatics,Swimming,"NESTY, Anthony Conrad",SUR,Men,100m butterfly,M,Gold
Seoul,1988,Aquatics,Swimming,"BIONDI, Matthew",USA,Men,100m butterfly,M,Silver
Seoul,1988,Aquatics,Swimming,"QIAN, Hong",CHN,Women,100m butterfly,W,Bronze
Seoul,1988,Aquatics,Swimming,"OTTO, Kristin",GDR,Women,100m butterfly,W,Gold
Seoul,1988,Aquatics,Swimming,"WEIGANG, Birte",GDR,Women,100m butterfly,W,Silver
Seoul,1988,Aquatics,Swimming,"CARON, Stephan",FRA,Men,100m freestyle,M,Bronze
Seoul,1988,Aquatics,Swimming,"BIONDI, Matthew",USA,Men,100m freestyle,M,Gold
Seoul,1988,Aquatics,Swimming,"JACOBS, Christopher Charles",USA,Men,100m freestyle,M,Silver
Seoul,1988,Aquatics,Swimming,"PLEWINSKI, Catherine",FRA,Women,100m freestyle,W,Bronze
Seoul,1988,Aquatics,Swimming,"OTTO, Kristin",GDR,Women,100m freestyle,W,Gold
Seoul,1988,Aquatics,Swimming,"ZHUANG, Yong",CHN,Women,100m freestyle,W,Silver
Seoul,1988,Aquatics,Swimming,"DASSLER, Uwe",GDR,Men,1500m freestyle,M,Bronze
Seoul,1988,Aquatics,Swimming,"SALNIKOV, Vladimir",URS,Men,1500m freestyle,M,Gold
Seoul,1988,Aquatics,Swimming,"PFEIFFER, Stefan",FRG,Men,1500m freestyle,M,Silver
Seoul,1988,Aquatics,Swimming,"KINGSMAN, Paul",NZL,Men,200m backstroke,M,Bronze
Seoul,1988,Aquatics,Swimming,"POLYANSKI, Igor",URS,Men,200m backstroke,M,Gold
Seoul,1988,Aquatics,Swimming,"BALTRUSCH, Frank",GDR,Men,200m backstroke,M,Silver
Seoul,1988,Aquatics,Swimming,"SIRCH, Cornelia",GDR,Women,200m backstroke,W,Bronze
Seoul,1988,Aquatics,Swimming,"EGERSZEGI, Krisztina",HUN,Women,200m backstroke,W,Gold
Seoul,1988,Aquatics,Swimming,"ZIMMERMANN, Kathrin",GDR,Women,200m backstroke,W,Silver
Seoul,1988,Aquatics,Swimming,"LOPEZ MIRO, Sergio",ESP,Men,200m breaststroke,M,Bronze
Seoul,1988,Aquatics,Swimming,"SZABO, Jozsef",HUN,Men,200m breaststroke,M,Gold
Seoul,1988,Aquatics,Swimming,"GILLINGHAM, Nick",GBR,Men,200m breaststroke,M,Silver
Seoul,1988,Aquatics,Swimming,"FRENKEVA, Antoaneta",BUL,Women,200m breaststroke,W,Bronze
Seoul,1988,Aquatics,Swimming,"HÖRNER, Silke",GDR,Women,200m breaststroke,W,Gold
Seoul,1988,Aquatics,Swimming,"HUANG, Xiao-Min",CHN,Women,200m breaststroke,W,Silver
Seoul,1988,Aquatics,Swimming,"MOSSE, Anthony",NZL,Men,200m butterfly,M,Bronze
Seoul,1988,Aquatics,Swimming,"GROSS, Michael",FRG,Men,200m butterfly,M,Gold
Seoul,1988,Aquatics,Swimming,"NIELSEN, Benny Leo",DEN,Men,200m butterfly,M,Silver
Seoul,1988,Aquatics,Swimming,"MEAGHER, Mary T.",USA,Women,200m butterfly,W,Bronze
Seoul,1988,Aquatics,Swimming,"NORD, Kathleen",GDR,Women,200m butterfly,W,Gold
Seoul,1988,Aquatics,Swimming,"WEIGANG, Birte",GDR,Women,200m butterfly,W,Silver
Seoul,1988,Aquatics,Swimming,"BIONDI, Matthew",USA,Men,200m freestyle,M,Bronze
Seoul,1988,Aquatics,Swimming,"ARMSTRONG, Duncan John",AUS,Men,200m freestyle,M,Gold
Seoul,1988,Aquatics,Swimming,"HOLMERTZ, Anders",SWE,Men,200m freestyle,M,Silver
Seoul,1988,Aquatics,Swimming,"STELLMACH, Manuela",GDR,Women,200m freestyle,W,Bronze
Seoul,1988,Aquatics,Swimming,"FRIEDRICH, Heike",GDR,Women,200m freestyle,W,Gold
Seoul,1988,Aquatics,Swimming,"POLL AHRENS, Silvia",CRC,Women,200m freestyle,W,Silver
Seoul,1988,Aquatics,Swimming,"YAROSHCHUK, Vadim",URS,Men,200m individual medley,M,Bronze
Seoul,1988,Aquatics,Swimming,"DARNYI, Tamas",HUN,Men,200m individual medley,M,Gold
Seoul,1988,Aquatics,Swimming,"KUHL, Patrick",GDR,Men,200m individual medley,M,Silver
Seoul,1988,Aquatics,Swimming,"LUNG, Noemi Ildiko",ROU,Women,200m individual medley,W,Bronze
Seoul,1988,Aquatics,Swimming,"HUNGER, Daniela",GDR,Women,200m individual medley,W,Gold
Seoul,1988,Aquatics,Swimming,"DENDEBEROVA, Elena",URS,Women,200m individual medley,W,Silver
Seoul,1988,Aquatics,Swimming,"WOJDAT, Artur",POL,Men,400m freestyle,M,Bronze
Seoul,1988,Aquatics,Swimming,"DASSLER, Uwe",GDR,Men,400m freestyle,M,Gold
Seoul,1988,Aquatics,Swimming,"ARMSTRONG, Duncan John",AUS,Men,400m freestyle,M,Silver
Seoul,1988,Aquatics,Swimming,"MÖHRING, Anke",GDR,Women,400m freestyle,W,Bronze
Seoul,1988,Aquatics,Swimming,"EVANS, Janet",USA,Women,400m freestyle,W,Gold
Seoul,1988,Aquatics,Swimming,"FRIEDRICH, Heike",GDR,Women,400m freestyle,W,Silver
Seoul,1988,Aquatics,Swimming,"BATTISTELLI, Stefano",ITA,Men,400m individual medley,M,Bronze
Seoul,1988,Aquatics,Swimming,"DARNYI, Tamas",HUN,Men,400m individual medley,M,Gold
Seoul,1988,Aquatics,Swimming,"WHARTON, David Lee",USA,Men,400m individual medley,M,Silver
Seoul,1988,Aquatics,Swimming,"HUNGER, Daniela",GDR,Women,400m individual medley,W,Bronze
Seoul,1988,Aquatics,Swimming,"EVANS, Janet",USA,Women,400m individual medley,W,Gold
Seoul,1988,Aquatics,Swimming,"LUNG, Noemi Ildiko",ROU,Women,400m individual medley,W,Silver
Seoul,1988,Aquatics,Swimming,"FLEMMING, Thomas",GDR,Men,4x100m freestyle relay,M,Bronze
Seoul,1988,Aquatics,Swimming,"HINNEBURG, Lars",GDR,Men,4x100m freestyle relay,M,Bronze
Seoul,1988,Aquatics,Swimming,"RICHTER, Dirk",GDR,Men,4x100m freestyle relay,M,Bronze
Seoul,1988,Aquatics,Swimming,"ZESNER, Steffen",GDR,Men,4x100m freestyle relay,M,Bronze
Seoul,1988,Aquatics,Swimming,"BIONDI, Matthew",USA,Men,4x100m freestyle relay,M,Gold
Seoul,1988,Aquatics,Swimming,"DALBEY, Troy",USA,Men,4x100m freestyle relay,M,Gold
Seoul,1988,Aquatics,Swimming,"JACOBS, Christopher Charles",USA,Men,4x100m freestyle relay,M,Gold
Seoul,1988,Aquatics,Swimming,"JAGER, Thomas Michael",USA,Men,4x100m freestyle relay,M,Gold
Seoul,1988,Aquatics,Swimming,"BASHKATOV, Juri",URS,Men,4x100m freestyle relay,M,Silver
Seoul,1988,Aquatics,Swimming,"EVSEEV, Nikolai",URS,Men,4x100m freestyle relay,M,Silver
Seoul,1988,Aquatics,Swimming,"PRIGODA, Guennadi",URS,Men,4x100m freestyle relay,M,Silver
Seoul,1988,Aquatics,Swimming,"TKASHENKO, Vladimir",URS,Men,4x100m freestyle relay,M,Silver
Seoul,1988,Aquatics,Swimming,"KREMER, Mitzi Patricia",USA,Women,4x100m freestyle relay,W,Bronze
Seoul,1988,Aquatics,Swimming,"TORRES, Dara",USA,Women,4x100m freestyle relay,W,Bronze
Seoul,1988,Aquatics,Swimming,"WALKER, Laura Anne",USA,Women,4x100m freestyle relay,W,Bronze
Seoul,1988,Aquatics,Swimming,"WAYTE, Mary Alice",USA,Women,4x100m freestyle relay,W,Bronze
Seoul,1988,Aquatics,Swimming,"HUNGER, Daniela",GDR,Women,4x100m freestyle relay,W,Gold
Seoul,1988,Aquatics,Swimming,"MEISSNER, Katrin",GDR,Women,4x100m freestyle relay,W,Gold
Seoul,1988,Aquatics,Swimming,"OTTO, Kristin",GDR,Women,4x100m freestyle relay,W,Gold
Seoul,1988,Aquatics,Swimming,"STELLMACH, Manuela",GDR,Women,4x100m freestyle relay,W,Gold
Seoul,1988,Aquatics,Swimming,"BRIENESSE, Karin",NED,Women,4x100m freestyle relay,W,Silver
Seoul,1988,Aquatics,Swimming,"MUIS, Marianne",NED,Women,4x100m freestyle relay,W,Silver
Seoul,1988,Aquatics,Swimming,"MUIS, Mildred",NED,Women,4x100m freestyle relay,W,Silver
Seoul,1988,Aquatics,Swimming,"VAN BENTUM, Conny",NED,Women,4x100m freestyle relay,W,Silver
Seoul,1988,Aquatics,Swimming,"POLYANSKI, Igor",URS,Men,4x100m medley relay,M,Bronze
Seoul,1988,Aquatics,Swimming,"PRIGODA, Guennadi",URS,Men,4x100m medley relay,M,Bronze
Seoul,1988,Aquatics,Swimming,"VOLKOV, Dmitri",URS,Men,4x100m medley relay,M,Bronze
Seoul,1988,Aquatics,Swimming,"YAROSHCHUK, Vadim",URS,Men,4x100m medley relay,M,Bronze
Seoul,1988,Aquatics,Swimming,"BERKOFF, David Charles",USA,Men,4x100m medley relay,M,Gold
Seoul,1988,Aquatics,Swimming,"BIONDI, Matthew",USA,Men,4x100m medley relay,M,Gold
Seoul,1988,Aquatics,Swimming,"JACOBS, Christopher Charles",USA,Men,4x100m medley relay,M,Gold
Seoul,1988,Aquatics,Swimming,"SCHROEDER, Richard Alan",USA,Men,4x100m medley relay,M,Gold
Seoul,1988,Aquatics,Swimming,"DAVIS, Victor",CAN,Men,4x100m medley relay,M,Silver
Seoul,1988,Aquatics,Swimming,"GOSS, Donald Alexander",CAN,Men,4x100m medley relay,M,Silver
Seoul,1988,Aquatics,Swimming,"PONTING, Thomas",CAN,Men,4x100m medley relay,M,Silver
Seoul,1988,Aquatics,Swimming,"TEWKSBURY, Mark",CAN,Men,4x100m medley relay,M,Silver
Seoul,1988,Aquatics,Swimming,"HIGSON, Allison Ann",CAN,Women,4x100m medley relay,W,Bronze
Seoul,1988,Aquatics,Swimming,"KERR, Jane",CAN,Women,4x100m medley relay,W,Bronze
Seoul,1988,Aquatics,Swimming,"MELIEN, Lori",CAN,Women,4x100m medley relay,W,Bronze
Seoul,1988,Aquatics,Swimming,"NUGENT, Andrea",CAN,Women,4x100m medley relay,W,Bronze
Seoul,1988,Aquatics,Swimming,"HÖRNER, Silke",GDR,Women,4x100m medley relay,W,Gold
Seoul,1988,Aquatics,Swimming,"MEISSNER, Katrin",GDR,Women,4x100m medley relay,W,Gold
Seoul,1988,Aquatics,Swimming,"OTTO, Kristin",GDR,Women,4x100m medley relay,W,Gold
Seoul,1988,Aquatics,Swimming,"WEIGANG, Birte",GDR,Women,4x100m medley relay,W,Gold
Seoul,1988,Aquatics,Swimming,"BARR, Elizabeth Cynthia",USA,Women,4x100m medley relay,W,Silver
Seoul,1988,Aquatics,Swimming,"JORGENSEN, Janet Simone",USA,Women,4x100m medley relay,W,Silver
Seoul,1988,Aquatics,Swimming,"MCFARLANE, Tracey",USA,Women,4x100m medley relay,W,Silver
Seoul,1988,Aquatics,Swimming,"MEAGHER, Mary T.",USA,Women,4x100m medley relay,W,Silver
Seoul,1988,Aquatics,Swimming,"MITCHELL, Elizabeth",USA,Women,4x100m medley relay,W,Silver
Seoul,1988,Aquatics,Swimming,"TORRES, Dara",USA,Women,4x100m medley relay,W,Silver
Seoul,1988,Aquatics,Swimming,"WAYTE, Mary Alice",USA,Women,4x100m medley relay,W,Silver
Seoul,1988,Aquatics,Swimming,"FAHRNER, Thomas",FRG,Men,4x200m freestyle relay,M,Bronze
Seoul,1988,Aquatics,Swimming,"GROSS, Michael",FRG,Men,4x200m freestyle relay,M,Bronze
Seoul,1988,Aquatics,Swimming,"HENKEL, Rainer",FRG,Men,4x200m freestyle relay,M,Bronze
Seoul,1988,Aquatics,Swimming,"HOCHSTEIN, Erik",FRG,Men,4x200m freestyle relay,M,Bronze
Seoul,1988,Aquatics,Swimming,"BIONDI, Matthew",USA,Men,4x200m freestyle relay,M,Gold
Seoul,1988,Aquatics,Swimming,"CETLINSKI, Matthew J.",USA,Men,4x200m freestyle relay,M,Gold
Seoul,1988,Aquatics,Swimming,"DALBEY, Troy",USA,Men,4x200m freestyle relay,M,Gold
Seoul,1988,Aquatics,Swimming,"GJERTSEN, Douglas S.",USA,Men,4x200m freestyle relay,M,Gold
Seoul,1988,Aquatics,Swimming,"DASSLER, Uwe",GDR,Men,4x200m freestyle relay,M,Silver
Seoul,1988,Aquatics,Swimming,"FLEMMING, Thomas",GDR,Men,4x200m freestyle relay,M,Silver
Seoul,1988,Aquatics,Swimming,"LODZIEWSKI, Sven",GDR,Men,4x200m freestyle relay,M,Silver
Seoul,1988,Aquatics,Swimming,"ZESNER, Steffen",GDR,Men,4x200m freestyle relay,M,Silver
Seoul,1988,Aquatics,Swimming,"PRIGODA, Guennadi",URS,Men,50m freestyle,M,Bronze
Seoul,1988,Aquatics,Swimming,"BIONDI, Matthew",USA,Men,50m freestyle,M,Gold
Seoul,1988,Aquatics,Swimming,"JAGER, Thomas Michael",USA,Men,50m freestyle,M,Silver
Seoul,1988,Aquatics,Swimming,"MEISSNER, Katrin",GDR,Women,50m freestyle,W,Bronze
Seoul,1988,Aquatics,Swimming,"STERKEL, Gillian Ann",USA,Women,50m freestyle,W,Bronze
Seoul,1988,Aquatics,Swimming,"OTTO, Kristin",GDR,Women,50m freestyle,W,Gold
Seoul,1988,Aquatics,Swimming,"YANG, Wenyi",CHN,Women,50m freestyle,W,Silver
Seoul,1988,Aquatics,Swimming,"MCDONALD, Julie",AUS,Women,800m freestyle,W,Bronze
Seoul,1988,Aquatics,Swimming,"EVANS, Janet",USA,Women,800m freestyle,W,Gold
Seoul,1988,Aquatics,Swimming,"STRAUSS, Astrid",GDR,Women,800m freestyle,W,Silver
Seoul,1988,Aquatics,Synchronized S.,"KOTANI, Mikako",JPN,Women,duet,W,Bronze
Seoul,1988,Aquatics,Synchronized S.,"TANAKA, Miyako",JPN,Women,duet,W,Bronze
Seoul,1988,Aquatics,Synchronized S.,"CAMERON, Michelle",CAN,Women,duet,W,Gold
Seoul,1988,Aquatics,Synchronized S.,"WALDO, Carolyn",CAN,Women,duet,W,Gold
Seoul,1988,Aquatics,Synchronized S.,"JOSEPHSON, Karen",USA,Women,duet,W,Silver
Seoul,1988,Aquatics,Synchronized S.,"JOSEPHSON, Sarah",USA,Women,duet,W,Silver
Seoul,1988,Aquatics,Synchronized S.,"KOTANI, Mikako",JPN,Women,solo,W,Bronze
Seoul,1988,Aquatics,Synchronized S.,"WALDO, Carolyn",CAN,Women,solo,W,Gold
Seoul,1988,Aquatics,Synchronized S.,"RUIZ-CONFORTO, Tracie Lehuanani",USA,Women,solo,W,Silver
Seoul,1988,Aquatics,Water polo,"APANASSENKO, Dmitri",URS,Men,water polo,M,Bronze
Seoul,1988,Aquatics,Water polo,"BERENDYUGA, Viktor",URS,Men,water polo,M,Bronze
Seoul,1988,Aquatics,Water polo,"GIORGADZE, Mikhail",URS,Men,water polo,M,Bronze
Seoul,1988,Aquatics,Water polo,"GRISHIN, Evgeni",URS,Men,water polo,M,Bronze
Seoul,1988,Aquatics,Water polo,"IVANOV, Mikhail",URS,Men,water polo,M,Bronze
Seoul,1988,Aquatics,Water polo,"KOLOTOV, Aleksandr",URS,Men,water polo,M,Bronze
Seoul,1988,Aquatics,Water polo,"KOTENKO, Sergei",URS,Men,water polo,M,Bronze
Seoul,1988,Aquatics,Water polo,"MARKOCH, Sergei",URS,Men,water polo,M,Bronze
Seoul,1988,Aquatics,Water polo,"MENDYGALIEV, Nurlan",URS,Men,water polo,M,Bronze
Seoul,1988,Aquatics,Water polo,"MSCHVENIERADZE, Georgi",URS,Men,water polo,M,Bronze
Seoul,1988,Aquatics,Water polo,"NAUMOV, Sergey",URS,Men,water polo,M,Bronze
Seoul,1988,Aquatics,Water polo,"SHARONOV, Evgeni",URS,Men,water polo,M,Bronze
Seoul,1988,Aquatics,Water polo,"SMIRNOV, Nikolai",URS,Men,water polo,M,Bronze
Seoul,1988,Aquatics,Water polo,"ANDRIC, Dragan",YUG,Men,water polo,M,Gold
Seoul,1988,Aquatics,Water polo,"BEZMALINOVIC, Mislav",YUG,Men,water polo,M,Gold
Seoul,1988,Aquatics,Water polo,"BUKIC, Perica",YUG,Men,water polo,M,Gold
Seoul,1988,Aquatics,Water polo,"DJUHO, Veselin",YUG,Men,water polo,M,Gold
Seoul,1988,Aquatics,Water polo,"GOCANIN, Igor",YUG,Men,water polo,M,Gold
Seoul,1988,Aquatics,Water polo,"LUSIC, Deni",YUG,Men,water polo,M,Gold
Seoul,1988,Aquatics,Water polo,"MILANOVIC, Igor",YUG,Men,water polo,M,Gold
Seoul,1988,Aquatics,Water polo,"PASKVALIN, Tomislav",YUG,Men,water polo,M,Gold
Seoul,1988,Aquatics,Water polo,"POSINKOVIC, Renco",YUG,Men,water polo,M,Gold
Seoul,1988,Aquatics,Water polo,"RADJENOVIC, Goran",YUG,Men,water polo,M,Gold
Seoul,1988,Aquatics,Water polo,"SIMENC, Dubravko",YUG,Men,water polo,M,Gold
Seoul,1988,Aquatics,Water polo,"SOSTAR, Aleksandar",YUG,Men,water polo,M,Gold
Seoul,1988,Aquatics,Water polo,"VICEVIC, Mirko",YUG,Men,water polo,M,Gold
Seoul,1988,Aquatics,Water polo,"BERGESON, James Hubter",USA,Men,water polo,M,Silver
Seoul,1988,Aquatics,Water polo,"BOYER, Gregory Vartl",USA,Men,water polo,M,Silver
Seoul,1988,Aquatics,Water polo,"CAMPBELL, George Peter",USA,Men,water polo,M,Silver
Seoul,1988,Aquatics,Water polo,"CAMPBELL, Jeff",USA,Men,water polo,M,Silver
Seoul,1988,Aquatics,Water polo,"CAMPBELL, Jodocus David",USA,Men,water polo,M,Silver
Seoul,1988,Aquatics,Water polo,"DUPLANTY, Christopher",USA,Men,water polo,M,Silver
Seoul,1988,Aquatics,Water polo,"EVANS, Michael Scott",USA,Men,water polo,M,Silver
Seoul,1988,Aquatics,Water polo,"KIMBELL, Douglas Burns",USA,Men,water polo,M,Silver
Seoul,1988,Aquatics,Water polo,"KLASS, Edward Craig",USA,Men,water polo,M,Silver
Seoul,1988,Aquatics,Water polo,"MOUCHAWAR, Alan Edward",USA,Men,water polo,M,Silver
Seoul,1988,Aquatics,Water polo,"ROBERTSON, Kevin George",USA,Men,water polo,M,Silver
Seoul,1988,Aquatics,Water polo,"SCHROEDER, Terence Alan",USA,Men,water polo,M,Silver
Seoul,1988,Aquatics,Water polo,"WILSON, Craig Martin",USA,Men,water polo,M,Silver
Seoul,1988,Archery,Archery,"ESHEEV, Vladimir",URS,Men,individual FITA round,M,Bronze
Seoul,1988,Archery,Archery,"BARRS, Jay",USA,Men,individual FITA round,M,Gold
Seoul,1988,Archery,Archery,"PARK, Sung-Soo",KOR,Men,individual FITA round,M,Silver
Seoul,1988,Archery,Archery,"YUN, Young-Sook",KOR,Women,individual FITA round,W,Bronze
Seoul,1988,Archery,Archery,"KIM, Soo-Nyung",KOR,Women,individual FITA round,W,Gold
Seoul,1988,Archery,Archery,"WANG, Hee-Kyung",KOR,Women,individual FITA round,W,Silver
Seoul,1988,Archery,Archery,"HALLARD, Steven",GBR,Men,teams FITA round,M,Bronze
Seoul,1988,Archery,Archery,"PRIESTMAN, Richard John",GBR,Men,teams FITA round,M,Bronze
Seoul,1988,Archery,Archery,"WATSON, Leroy",GBR,Men,teams FITA round,M,Bronze
Seoul,1988,Archery,Archery,"CHUN, In-Soo",KOR,Men,teams FITA round,M,Gold
Seoul,1988,Archery,Archery,"LEE, Han-Sup",KOR,Men,teams FITA round,M,Gold
Seoul,1988,Archery,Archery,"PARK, Sung-Soo",KOR,Men,teams FITA round,M,Gold
Seoul,1988,Archery,Archery,"BARRS, Jay",USA,Men,teams FITA round,M,Silver
Seoul,1988,Archery,Archery,"MCKINNEY, Richard Lee",USA,Men,teams FITA round,M,Silver
Seoul,1988,Archery,Archery,"PACE, Darrell Owen",USA,Men,teams FITA round,M,Silver
Seoul,1988,Archery,Archery,"OCHS, Deborah Lynn",USA,Women,teams FITA round,W,Bronze
Seoul,1988,Archery,Archery,"PARKER, Denise",USA,Women,teams FITA round,W,Bronze
Seoul,1988,Archery,Archery,"SKILLMAN, Melanie Soltysik",USA,Women,teams FITA round,W,Bronze
Seoul,1988,Archery,Archery,"KIM, Soo-Nyung",KOR,Women,teams FITA round,W,Gold
Seoul,1988,Archery,Archery,"WANG, Hee-Kyung",KOR,Women,teams FITA round,W,Gold
Seoul,1988,Archery,Archery,"YUN, Young-Sook",KOR,Women,teams FITA round,W,Gold
Seoul,1988,Archery,Archery,"HANDAYANI, Lilies",INA,Women,teams FITA round,W,Silver
Seoul,1988,Archery,Archery,"SAIMAN, Nurfitriyana",INA,Women,teams FITA round,W,Silver
Seoul,1988,Archery,Archery,"WARDHANI, Kusuma",INA,Women,teams FITA round,W,Silver
Seoul,1988,Athletics,Athletics,"KIMELI, Kipkemboi",KEN,Men,10000m,M,Bronze
Seoul,1988,Athletics,Athletics,"BOUTAYEB, Moulay Brahim",MAR,Men,10000m,M,Gold
Seoul,1988,Athletics,Athletics,"ANTIBO, Salvatore",ITA,Men,10000m,M,Silver
Seoul,1988,Athletics,Athletics,"ZHUPEEVA, Elena",URS,Women,10000m,W,Bronze
Seoul,1988,Athletics,Athletics,"BONDARENKO, Olga",URS,Women,10000m,W,Gold
Seoul,1988,Athletics,Athletics,"MCCOLGAN-LYNCH, Elizabeth",GBR,Women,10000m,W,Silver
Seoul,1988,Athletics,Athletics,"SMITH, Calvin",USA,Men,100m,M,Bronze
Seoul,1988,Athletics,Athletics,"LEWIS, Carl",USA,Men,100m,M,Gold
Seoul,1988,Athletics,Athletics,"CHRISTIE, Linford",GBR,Men,100m,M,Silver
Seoul,1988,Athletics,Athletics,"DRECHSLER, Heike",GDR,Women,100m,W,Bronze
Seoul,1988,Athletics,Athletics,"GRIFFITH-JOYNER, Florence",USA,Women,100m,W,Gold
Seoul,1988,Athletics,Athletics,"ASHFORD, Evelyn",USA,Women,100m,W,Silver
Seoul,1988,Athletics,Athletics,"ZACZKIEWICZ-REIDICK, Claudia",FRG,Women,100m hurdles,W,Bronze
Seoul,1988,Athletics,Athletics,"DONKOVA, Yordanka",BUL,Women,100m hurdles,W,Gold
Seoul,1988,Athletics,Athletics,"SIEBERT, Gloria",GDR,Women,100m hurdles,W,Silver
Seoul,1988,Athletics,Athletics,"CAMPBELL, Anthony Eugene",USA,Men,110m hurdles,M,Bronze
Seoul,1988,Athletics,Athletics,"KINGDOM, Roger",USA,Men,110m hurdles,M,Gold
Seoul,1988,Athletics,Athletics,"JACKSON, Colin",GBR,Men,110m hurdles,M,Silver
Seoul,1988,Athletics,Athletics,"HEROLD, Jens-Peter",GDR,Men,1500m,M,Bronze
Seoul,1988,Athletics,Athletics,"RONO, Peter",KEN,Men,1500m,M,Gold
Seoul,1988,Athletics,Athletics,"ELLIOTT, Peter",GBR,Men,1500m,M,Silver
Seoul,1988,Athletics,Athletics,"SAMOLENKO-DOROVSKIKH, Tatyana",URS,Women,1500m,W,Bronze
Seoul,1988,Athletics,Athletics,"IVAN, Paula",ROU,Women,1500m,W,Gold
Seoul,1988,Athletics,Athletics,"BAIKAUSKAITE, Lailute",URS,Women,1500m,W,Silver
Seoul,1988,Athletics,Athletics,"DA SILVA, Robson",BRA,Men,200m,M,Bronze
Seoul,1988,Athletics,Athletics,"DELOACH, Joseph Nathaniel Jr.",USA,Men,200m,M,Gold
Seoul,1988,Athletics,Athletics,"LEWIS, Carl",USA,Men,200m,M,Silver
Seoul,1988,Athletics,Athletics,"DRECHSLER, Heike",GDR,Women,200m,W,Bronze
Seoul,1988,Athletics,Athletics,"GRIFFITH-JOYNER, Florence",USA,Women,200m,W,Gold
Seoul,1988,Athletics,Athletics,"JACKSON SMALL, Grace",JAM,Women,200m,W,Silver
Seoul,1988,Athletics,Athletics,"DAMILANO, Maurizio",ITA,Men,20km walk,M,Bronze
Seoul,1988,Athletics,Athletics,"PRIBILINEC, Jozef",TCH,Men,20km walk,M,Gold
Seoul,1988,Athletics,Athletics,"WEIGEL, Ronald",GDR,Men,20km walk,M,Silver
Seoul,1988,Athletics,Athletics,"MURRAY, Yvonne",GBR,Women,3000m,W,Bronze
Seoul,1988,Athletics,Athletics,"SAMOLENKO-DOROVSKIKH, Tatyana",URS,Women,3000m,W,Gold
Seoul,1988,Athletics,Athletics,"IVAN, Paula",ROU,Women,3000m,W,Silver
Seoul,1988,Athletics,Athletics,"ROWLAND, Mark Robert",GBR,Men,3000m steeplechase,M,Bronze
Seoul,1988,Athletics,Athletics,"KARIUKI, Julius",KEN,Men,3000m steeplechase,M,Gold
Seoul,1988,Athletics,Athletics,"KOECH, Peter",KEN,Men,3000m steeplechase,M,Silver
Seoul,1988,Athletics,Athletics,"EVERETT, Daniel",USA,Men,400m,M,Bronze
Seoul,1988,Athletics,Athletics,"LEWIS, Steve",USA,Men,400m,M,Gold
Seoul,1988,Athletics,Athletics,"REYNOLDS, Harry Butch .",USA,Men,400m,M,Silver
Seoul,1988,Athletics,Athletics,"NAZAROVA, Olga",URS,Women,400m,W,Bronze
Seoul,1988,Athletics,Athletics,"BRYZGINA, Olga",URS,Women,400m,W,Gold
Seoul,1988,Athletics,Athletics,"MÜLLER, Petra",GDR,Women,400m,W,Silver
Seoul,1988,Athletics,Athletics,"MOSES, Edwin",USA,Men,400m hurdles,M,Bronze
Seoul,1988,Athletics,Athletics,"PHILLIPS, Andre Lamar",USA,Men,400m hurdles,M,Gold
Seoul,1988,Athletics,Athletics,"DIA BA, El Hadji Amadou",SEN,Men,400m hurdles,M,Silver
Seoul,1988,Athletics,Athletics,"FIEDLER, Ellen",GDR,Women,400m hurdles,W,Bronze
Seoul,1988,Athletics,Athletics,"FLINTOFF-KING, Deborah",AUS,Women,400m hurdles,W,Gold
Seoul,1988,Athletics,Athletics,"LEDOVSKAYA, Tatiana",URS,Women,400m hurdles,W,Silver
Seoul,1988,Athletics,Athletics,"MARIE-ROSE, Bruno",FRA,Men,4x100m relay,M,Bronze
Seoul,1988,Athletics,Athletics,"MORINIERE, Max",FRA,Men,4x100m relay,M,Bronze
Seoul,1988,Athletics,Athletics,"QUENEHERVE, Gilles",FRA,Men,4x100m relay,M,Bronze
Seoul,1988,Athletics,Athletics,"SANGOUMA, Daniel",FRA,Men,4x100m relay,M,Bronze
Seoul,1988,Athletics,Athletics,"BRYZGIN, Viktor",URS,Men,4x100m relay,M,Gold
Seoul,1988,Athletics,Athletics,"KRYLOV, Vladimir",URS,Men,4x100m relay,M,Gold
Seoul,1988,Athletics,Athletics,"MURAVYOV, Vladimir",URS,Men,4x100m relay,M,Gold
Seoul,1988,Athletics,Athletics,"SAVIN, Vitaly",URS,Men,4x100m relay,M,Gold
Seoul,1988,Athletics,Athletics,"BUNNEY, Elliot John",GBR,Men,4x100m relay,M,Silver
Seoul,1988,Athletics,Athletics,"CHRISTIE, Linford",GBR,Men,4x100m relay,M,Silver
Seoul,1988,Athletics,Athletics,"MC FARLANE, Michael",GBR,Men,4x100m relay,M,Silver
Seoul,1988,Athletics,Athletics,"REGIS, John Paul Lyndon",GBR,Men,4x100m relay,M,Silver
Seoul,1988,Athletics,Athletics,"KONDRATIEVA, Liudmila",URS,Women,4x100m relay,W,Bronze
Seoul,1988,Athletics,Athletics,"MALCHUGINA, Galina",URS,Women,4x100m relay,W,Bronze
Seoul,1988,Athletics,Athletics,"VORONOVA, Natalya",URS,Women,4x100m relay,W,Bronze
Seoul,1988,Athletics,Athletics,"ZHIROVA, Marina",URS,Women,4x100m relay,W,Bronze
Seoul,1988,Athletics,Athletics,"ASHFORD, Evelyn",USA,Women,4x100m relay,W,Gold
Seoul,1988,Athletics,Athletics,"BROWN, Alice Regina",USA,Women,4x100m relay,W,Gold
Seoul,1988,Athletics,Athletics,"ECHOLS, Sheila",USA,Women,4x100m relay,W,Gold
Seoul,1988,Athletics,Athletics,"GRIFFITH-JOYNER, Florence",USA,Women,4x100m relay,W,Gold
Seoul,1988,Athletics,Athletics,"AUERSWALD-LANGE, Ingrid",GDR,Women,4x100m relay,W,Silver
Seoul,1988,Athletics,Athletics,"BEHRENDT, Kerstin",GDR,Women,4x100m relay,W,Silver
Seoul,1988,Athletics,Athletics,"MÖLLER, Silke",GDR,Women,4x100m relay,W,Silver
Seoul,1988,Athletics,Athletics,"OELSNER-GÖHR, Marlies",GDR,Women,4x100m relay,W,Silver
Seoul,1988,Athletics,Athletics,"DOBELEIT, Norbert",FRG,Men,4x400m relay,M,Bronze
Seoul,1988,Athletics,Athletics,"ITT, Edgar",FRG,Men,4x400m relay,M,Bronze
Seoul,1988,Athletics,Athletics,"LUBKE, Ralf",FRG,Men,4x400m relay,M,Bronze
Seoul,1988,Athletics,Athletics,"VAIHINGER, Jörg",FRG,Men,4x400m relay,M,Bronze
Seoul,1988,Athletics,Athletics,"EVERETT, Daniel",USA,Men,4x400m relay,M,Gold
Seoul,1988,Athletics,Athletics,"LEWIS, Steve",USA,Men,4x400m relay,M,Gold
Seoul,1988,Athletics,Athletics,"REYNOLDS, Harry Butch .",USA,Men,4x400m relay,M,Gold
Seoul,1988,Athletics,Athletics,"ROBINZINE, Kevin Bernard",USA,Men,4x400m relay,M,Gold
Seoul,1988,Athletics,Athletics,"CAMERON, Bertland",JAM,Men,4x400m relay,M,Silver
Seoul,1988,Athletics,Athletics,"DAVIS, Howard",JAM,Men,4x400m relay,M,Silver
Seoul,1988,Athletics,Athletics,"GRAHAM, Winthrop",JAM,Men,4x400m relay,M,Silver
Seoul,1988,Athletics,Athletics,"MORRIS, Devon",JAM,Men,4x400m relay,M,Silver
Seoul,1988,Athletics,Athletics,"BUSCH, Sabine",GDR,Women,4x400m relay,W,Bronze
Seoul,1988,Athletics,Athletics,"EMMELMANN, Kirsten",GDR,Women,4x400m relay,W,Bronze
Seoul,1988,Athletics,Athletics,"MÜLLER, Petra",GDR,Women,4x400m relay,W,Bronze
Seoul,1988,Athletics,Athletics,"NEUBAUER, Dagmar",GDR,Women,4x400m relay,W,Bronze
Seoul,1988,Athletics,Athletics,"BRYZGINA, Olga",URS,Women,4x400m relay,W,Gold
Seoul,1988,Athletics,Athletics,"LEDOVSKAYA, Tatiana",URS,Women,4x400m relay,W,Gold
Seoul,1988,Athletics,Athletics,"NAZAROVA, Olga",URS,Women,4x400m relay,W,Gold
Seoul,1988,Athletics,Athletics,"PINIGINA, Mariya",URS,Women,4x400m relay,W,Gold
Seoul,1988,Athletics,Athletics,"BRISCO-HOOKS, Valerie Ann",USA,Women,4x400m relay,W,Silver
Seoul,1988,Athletics,Athletics,"DIXON, Diane Lynn",USA,Women,4x400m relay,W,Silver
Seoul,1988,Athletics,Athletics,"GRIFFITH-JOYNER, Florence",USA,Women,4x400m relay,W,Silver
Seoul,1988,Athletics,Athletics,"HOWARD-HILL, Denean Elizabeth",USA,Women,4x400m relay,W,Silver
Seoul,1988,Athletics,Athletics,"KUNZE, Hansjörg",GDR,Men,5000m,M,Bronze
Seoul,1988,Athletics,Athletics,"NGUGI, John",KEN,Men,5000m,M,Gold
Seoul,1988,Athletics,Athletics,"BAUMANN, Dieter",FRG,Men,5000m,M,Silver
Seoul,1988,Athletics,Athletics,"GAUDER, Hartwig",GDR,Men,50km walk,M,Bronze
Seoul,1988,Athletics,Athletics,"IVANENKO, Vyacheslav",URS,Men,50km walk,M,Gold
Seoul,1988,Athletics,Athletics,"WEIGEL, Ronald",GDR,Men,50km walk,M,Silver
Seoul,1988,Athletics,Athletics,"AOUITA, Said",MAR,Men,800m,M,Bronze
Seoul,1988,Athletics,Athletics,"ERENG, Paul",KEN,Men,800m,M,Gold
Seoul,1988,Athletics,Athletics,"CRUZ, Joaquim",BRA,Men,800m,M,Silver
Seoul,1988,Athletics,Athletics,"GALLAGHER, Kimberley Ann",USA,Women,800m,W,Bronze
Seoul,1988,Athletics,Athletics,"WODARS, Sigrun",GDR,Women,800m,W,Gold
Seoul,1988,Athletics,Athletics,"WACHTEL, Christine",GDR,Women,800m,W,Silver
Seoul,1988,Athletics,Athletics,"STEEN, David",CAN,Men,decathlon,M,Bronze
Seoul,1988,Athletics,Athletics,"SCHENK, Christian",GDR,Men,decathlon,M,Gold
Seoul,1988,Athletics,Athletics,"VOSS, Torsten",GDR,Men,decathlon,M,Silver
Seoul,1988,Athletics,Athletics,"DANNEBERG, Rolf",FRG,Men,discus throw,M,Bronze
Seoul,1988,Athletics,Athletics,"SCHULT, Jürgen",GDR,Men,discus throw,M,Gold
Seoul,1988,Athletics,Athletics,"UBARTAS, Romas",URS,Men,discus throw,M,Silver
Seoul,1988,Athletics,Athletics,"KHRISTOVA, Tzvetanka Pavlova",BUL,Women,discus throw,W,Bronze
Seoul,1988,Athletics,Athletics,"HELLMANN, Martina",GDR,Women,discus throw,W,Gold
Seoul,1988,Athletics,Athletics,"GANSKY, Diana",GDR,Women,discus throw,W,Silver
Seoul,1988,Athletics,Athletics,"TAMM, Yuri",URS,Men,hammer throw,M,Bronze
Seoul,1988,Athletics,Athletics,"LITVINOV, Sergei",URS,Men,hammer throw,M,Gold
Seoul,1988,Athletics,Athletics,"SEDYKH, Yuri",URS,Men,hammer throw,M,Silver
Seoul,1988,Athletics,Athletics,"BEHMER, Anke",GDR,Women,heptathlon,W,Bronze
Seoul,1988,Athletics,Athletics,"JOYNER-KERSEE, Jackie",USA,Women,heptathlon,W,Gold
Seoul,1988,Athletics,Athletics,"JOHN, Sabine",GDR,Women,heptathlon,W,Silver
Seoul,1988,Athletics,Athletics,"POVARNITSIN, Rudolf",URS,Men,high jump,M,Bronze
Seoul,1988,Athletics,Athletics,"SJÖBERG, Patrick",SWE,Men,high jump,M,Bronze
Seoul,1988,Athletics,Athletics,"AVDEENKO, Gennadi",URS,Men,high jump,M,Gold
Seoul,1988,Athletics,Athletics,"CONWAY, Hollis",USA,Men,high jump,M,Silver
Seoul,1988,Athletics,Athletics,"BYKOVA, Tamara",URS,Women,high jump,W,Bronze
Seoul,1988,Athletics,Athletics,"RITTER, Dorothy Louise",USA,Women,high jump,W,Gold
Seoul,1988,Athletics,Athletics,"KOSTADINOVA, Stefka",BUL,Women,high jump,W,Silver
Seoul,1988,Athletics,Athletics,"RATY, Seppo Henrik",FIN,Men,javelin throw,M,Bronze
Seoul,1988,Athletics,Athletics,"KORJUS, Tapio",FIN,Men,javelin throw,M,Gold
Seoul,1988,Athletics,Athletics,"ZELEZNY, Jan",TCH,Men,javelin throw,M,Silver
Seoul,1988,Athletics,Athletics,"KOCH, Beate",GDR,Women,javelin throw,W,Bronze
Seoul,1988,Athletics,Athletics,"FELKE-MEIER, Petra",GDR,Women,javelin throw,W,Gold
Seoul,1988,Athletics,Athletics,"WHITBREAD, Fatima",GBR,Women,javelin throw,W,Silver
Seoul,1988,Athletics,Athletics,"MYRICKS, Lawrence Ellwyne",USA,Men,long jump,M,Bronze
Seoul,1988,Athletics,Athletics,"LEWIS, Carl",USA,Men,long jump,M,Gold
Seoul,1988,Athletics,Athletics,"POWELL, Michael Anthony",USA,Men,long jump,M,Silver
Seoul,1988,Athletics,Athletics,"CHISTYAKOVA, Galina",URS,Women,long jump,W,Bronze
Seoul,1988,Athletics,Athletics,"JOYNER-KERSEE, Jackie",USA,Women,long jump,W,Gold
Seoul,1988,Athletics,Athletics,"DRECHSLER, Heike",GDR,Women,long jump,W,Silver
Seoul,1988,Athletics,Athletics,"AHMED SALAH, Hussein",DJI,Men,marathon,M,Bronze
Seoul,1988,Athletics,Athletics,"BORDIN, Gelindo",ITA,Men,marathon,M,Gold
Seoul,1988,Athletics,Athletics,"WAKIIHURI, Douglas",KEN,Men,marathon,M,Silver
Seoul,1988,Athletics,Athletics,"DÖRRE, Katrin",GDR,Women,marathon,W,Bronze
Seoul,1988,Athletics,Athletics,"MOTA, Rosa",POR,Women,marathon,W,Gold
Seoul,1988,Athletics,Athletics,"MARTIN-ONDIEKI-O'DEA, Lisa",AUS,Women,marathon,W,Silver
Seoul,1988,Athletics,Athletics,"EGOROV, Grigori",URS,Men,pole vault,M,Bronze
Seoul,1988,Athletics,Athletics,"BUBKA, Sergey",URS,Men,pole vault,M,Gold
Seoul,1988,Athletics,Athletics,"GATAULLIN, Rodion",URS,Men,pole vault,M,Silver
Seoul,1988,Athletics,Athletics,"GÜNTHÖR, Werner",SUI,Men,shot put,M,Bronze
Seoul,1988,Athletics,Athletics,"TIMMERMANN, Ulf",GDR,Men,shot put,M,Gold
Seoul,1988,Athletics,Athletics,"BARNES, Eric Randolph",USA,Men,shot put,M,Silver
Seoul,1988,Athletics,Athletics,"LI, Mei-Su",CHN,Women,shot put,W,Bronze
Seoul,1988,Athletics,Athletics,"LISOVSKAYA, Natalya",URS,Women,shot put,W,Gold
Seoul,1988,Athletics,Athletics,"NEIMKE, Kathrin",GDR,Women,shot put,W,Silver
Seoul,1988,Athletics,Athletics,"KOVALENKO, Alexandre",URS,Men,triple jump,M,Bronze
Seoul,1988,Athletics,Athletics,"MARKOV, Kristo Gantchev",BUL,Men,triple jump,M,Gold
Seoul,1988,Athletics,Athletics,"LAPSHIN, Igor",URS,Men,triple jump,M,Silver
Seoul,1988,Basketball,Basketball,"ANDERSON, William Lloyd",USA,Men,basketball,M,Bronze
Seoul,1988,Basketball,Basketball,"AUGMON, Stacey O.",USA,Men,basketball,M,Bronze
Seoul,1988,Basketball,Basketball,"COLES, Vernell E.",USA,Men,basketball,M,Bronze
Seoul,1988,Basketball,Basketball,"GRAYER, Jeffrey",USA,Men,basketball,M,Bronze
Seoul,1988,Basketball,Basketball,"HAWKINS, Hersey",USA,Men,basketball,M,Bronze
Seoul,1988,Basketball,Basketball,"MAJERLE, Daniel Lewis",USA,Men,basketball,M,Bronze
Seoul,1988,Basketball,Basketball,"MANNING, Danniel Ricardo",USA,Men,basketball,M,Bronze
Seoul,1988,Basketball,Basketball,"REID, Herman J.R. Jr.",USA,Men,basketball,M,Bronze
Seoul,1988,Basketball,Basketball,"RICHMOND, Mitchell J.",USA,Men,basketball,M,Bronze
Seoul,1988,Basketball,Basketball,"ROBINSON, David Maurice",USA,Men,basketball,M,Bronze
Seoul,1988,Basketball,Basketball,"SMITH, Charles Daniel",USA,Men,basketball,M,Bronze
Seoul,1988,Basketball,Basketball,"SMITH, Charles Edward Iv",USA,Men,basketball,M,Bronze
Seoul,1988,Basketball,Basketball,"BELOSTENNYI, Aleksandr",URS,Men,basketball,M,Gold
Seoul,1988,Basketball,Basketball,"GOBOROV, Valeri",URS,Men,basketball,M,Gold
Seoul,1988,Basketball,Basketball,"KHOMICHUS, Valdemaras",URS,Men,basketball,M,Gold
Seoul,1988,Basketball,Basketball,"KURTINAITIS, Rimas",URS,Men,basketball,M,Gold
Seoul,1988,Basketball,Basketball,"MARCHULENIS, Raimundas",URS,Men,basketball,M,Gold
Seoul,1988,Basketball,Basketball,"MIGLIENIKS, Igors",URS,Men,basketball,M,Gold
Seoul,1988,Basketball,Basketball,"PANKRASHKIN, Viktor",URS,Men,basketball,M,Gold
Seoul,1988,Basketball,Basketball,"SABONIS, Arvydas",URS,Men,basketball,M,Gold
Seoul,1988,Basketball,Basketball,"SOOK, Tiit",URS,Men,basketball,M,Gold
Seoul,1988,Basketball,Basketball,"TARAKANOV, Sergei",URS,Men,basketball,M,Gold
Seoul,1988,Basketball,Basketball,"TIKHONENKO, Valeri",URS,Men,basketball,M,Gold
Seoul,1988,Basketball,Basketball,"VOLKOV, Aleksandr",URS,Men,basketball,M,Gold
Seoul,1988,Basketball,Basketball,"ARAPOVIC, Franjo",YUG,Men,basketball,M,Silver
Seoul,1988,Basketball,Basketball,"CUTURA, Zoran",YUG,Men,basketball,M,Silver
Seoul,1988,Basketball,Basketball,"CVJETICANIN, Danko",YUG,Men,basketball,M,Silver
Seoul,1988,Basketball,Basketball,"DIVAC, Vladimir",YUG,Men,basketball,M,Silver
Seoul,1988,Basketball,Basketball,"KUKOC, Toni",YUG,Men,basketball,M,Silver
Seoul,1988,Basketball,Basketball,"OBRADOVIC, Zeljko",YUG,Men,basketball,M,Silver
Seoul,1988,Basketball,Basketball,"PASPALJ, Zarko",YUG,Men,basketball,M,Silver
Seoul,1988,Basketball,Basketball,"PETROVIC, Drazen",YUG,Men,basketball,M,Silver
Seoul,1988,Basketball,Basketball,"RADJA, Dino",YUG,Men,basketball,M,Silver
Seoul,1988,Basketball,Basketball,"RADULOVIC, Zdravko",YUG,Men,basketball,M,Silver
Seoul,1988,Basketball,Basketball,"VRANKOVIC, Stojan",YUG,Men,basketball,M,Silver
Seoul,1988,Basketball,Basketball,"ZDOVC, Juri",YUG,Men,basketball,M,Silver
Seoul,1988,Basketball,Basketball,"BAREL, Olessya",URS,Women,basketball,W,Bronze
Seoul,1988,Basketball,Basketball,"BURYAKINA, Olga",URS,Women,basketball,W,Bronze
Seoul,1988,Basketball,Basketball,"GERLITS, Irina",URS,Women,basketball,W,Bronze
Seoul,1988,Basketball,Basketball,"KUDASHOVA, Elena",URS,Women,basketball,W,Bronze
Seoul,1988,Basketball,Basketball,"LEONOVA, Aleksandra",URS,Women,basketball,W,Bronze
Seoul,1988,Basketball,Basketball,"MINKH, Irina",URS,Women,basketball,W,Bronze
Seoul,1988,Basketball,Basketball,"SAVITSKAYA, Galina",URS,Women,basketball,W,Bronze
Seoul,1988,Basketball,Basketball,"SUMNIKOVA, Irina",URS,Women,basketball,W,Bronze
Seoul,1988,Basketball,Basketball,"TUOMAITE, Vitaliya",URS,Women,basketball,W,Bronze
Seoul,1988,Basketball,Basketball,"YAKOVLEVA, Olga",URS,Women,basketball,W,Bronze
Seoul,1988,Basketball,Basketball,"ZASULSKAYA, Natalya",URS,Women,basketball,W,Bronze
Seoul,1988,Basketball,Basketball,"ZHEVKOVA, Olga",URS,Women,basketball,W,Bronze
Seoul,1988,Basketball,Basketball,"BROWN, Cynthia Louise",USA,Women,basketball,W,Gold
Seoul,1988,Basketball,Basketball,"BULLETT, Victoria",USA,Women,basketball,W,Gold
Seoul,1988,Basketball,Basketball,"COOPER, Cynthia Lynne",USA,Women,basketball,W,Gold
Seoul,1988,Basketball,Basketball,"DONOVAN, Anne Theresa",USA,Women,basketball,W,Gold
Seoul,1988,Basketball,Basketball,"EDWARDS, Teresa",USA,Women,basketball,W,Gold
Seoul,1988,Basketball,Basketball,"ETHRIDGE, Mary Camille",USA,Women,basketball,W,Gold
Seoul,1988,Basketball,Basketball,"GILLOM, Jennifer",USA,Women,basketball,W,Gold
Seoul,1988,Basketball,Basketball,"GORDON, Bridgette C.",USA,Women,basketball,W,Gold
Seoul,1988,Basketball,Basketball,"LLOYD, Andrea Lane",USA,Women,basketball,W,Gold
Seoul,1988,Basketball,Basketball,"MCCLAIN, Katrina Felicia",USA,Women,basketball,W,Gold
Seoul,1988,Basketball,Basketball,"MCCONNELL, Suzanne",USA,Women,basketball,W,Gold
Seoul,1988,Basketball,Basketball,"WEATHERSPOON, Teresa",USA,Women,basketball,W,Gold
