Athens,1896,Aquatics,Swimming,"HAJOS, Alfred",HUN,Men,100m freestyle,M,Gold
Athens,1896,Aquatics,Swimming,"HERSCHMANN, Otto",AUT,Men,100m freestyle,M,Silver
Athens,1896,Aquatics,Swimming,"DRIVAS, Dimitrios",GRE,Men,100m freestyle for sailors,M,Bronze
Athens,1896,Aquatics,Swimming,"MALOKINIS, Ioannis",GRE,Men,100m freestyle for sailors,M,Gold
Athens,1896,Aquatics,Swimming,"CHASAPIS, Spiridon",GRE,Men,100m freestyle for sailors,M,Silver
Athens,1896,Aquatics,Swimming,"CHOROPHAS, Efstathios",GRE,Men,1200m freestyle,M,Bronze
Athens,1896,Aquatics,Swimming,"HAJOS, Alfred",HUN,Men,1200m freestyle,M,Gold
Athens,1896,Aquatics,Swimming,"ANDREOU, Joannis",GRE,Men,1200m freestyle,M,Silver
Athens,1896,Aquatics,Swimming,"CHOROPHAS, Efstathios",GRE,Men,400m freestyle,M,Bronze
Athens,1896,Aquatics,Swimming,"NEUMANN, Paul",AUT,Men,400m freestyle,M,Gold
Athens,1896,Aquatics,Swimming,"PEPANOS, Antonios",GRE,Men,400m freestyle,M,Silver
Athens,1896,Athletics,Athletics,"LANE, Francis",USA,Men,100m,M,Bronze
Athens,1896,Athletics,Athletics,"SZOKOLYI, Alajos",HUN,Men,100m,M,Bronze
Athens,1896,Athletics,Athletics,"BURKE, Thomas",USA,Men,100m,M,Gold
Athens,1896,Athletics,Athletics,"HOFMANN, Fritz",GER,Men,100m,M,Silver
Athens,1896,Athletics,Athletics,"CURTIS, Thomas",USA,Men,110m hurdles,M,Gold
Athens,1896,Athletics,Athletics,"GOULDING, Grantley",GBR,Men,110m hurdles,M,Silver
Athens,1896,Athletics,Athletics,"LERMUSIAUX, Albin",FRA,Men,1500m,M,Bronze
Athens,1896,Athletics,Athletics,"FLACK, Edwin",AUS,Men,1500m,M,Gold
Athens,1896,Athletics,Athletics,"BLAKE, Arthur",USA,Men,1500m,M,Silver
Athens,1896,Athletics,Athletics,"GMELIN, Charles",GBR,Men,400m,M,Bronze
Athens,1896,Athletics,Athletics,"BURKE, Thomas",USA,Men,400m,M,Gold
Athens,1896,Athletics,Athletics,"JAMISON, Herbert",USA,Men,400m,M,Silver
Athens,1896,Athletics,Athletics,"GOLEMIS, Dimitrios",GRE,Men,800m,M,Bronze
Athens,1896,Athletics,Athletics,"FLACK, Edwin",AUS,Men,800m,M,Gold
Athens,1896,Athletics,Athletics,"DANI, Nandor",HUN,Men,800m,M,Silver
Athens,1896,Athletics,Athletics,"VERSIS, Sotirios",GRE,Men,discus throw,M,Bronze
Athens,1896,Athletics,Athletics,"GARRETT, Robert",USA,Men,discus throw,M,Gold
Athens,1896,Athletics,Athletics,"PARASKEVOPOULOS, Panagiotis",GRE,Men,discus throw,M,Silver
Athens,1896,Athletics,Athletics,"CLARK, Ellery",USA,Men,high jump,M,Gold
Athens,1896,Athletics,Athletics,"CONNOLLY, James",USA,Men,high jump,M,Silver
Athens,1896,Athletics,Athletics,"GARRETT, Robert",USA,Men,high jump,M,Silver
Athens,1896,Athletics,Athletics,"CONNOLLY, James",USA,Men,long jump,M,Bronze
Athens,1896,Athletics,Athletics,"CLARK, Ellery",USA,Men,long jump,M,Gold
Athens,1896,Athletics,Athletics,"GARRETT, Robert",USA,Men,long jump,M,Silver
Athens,1896,Athletics,Athletics,"KELLNER, Gyula",HUN,Men,marathon,M,Bronze
Athens,1896,Athletics,Athletics,"LOUIS, Spyridon",GRE,Men,marathon,M,Gold
Athens,1896,Athletics,Athletics,"VASILAKOS, Kharilaos",GRE,Men,marathon,M,Silver
Athens,1896,Athletics,Athletics,"DAMASKOS, Evangelos",GRE,Men,pole vault,M,Bronze
Athens,1896,Athletics,Athletics,"THEODOROPOULOS, Ioannis",GRE,Men,pole vault,M,Bronze
Athens,1896,Athletics,Athletics,"HOYT, William Welles",USA,Men,pole vault,M,Gold
Athens,1896,Athletics,Athletics,"TYLER, Albert",USA,Men,pole vault,M,Silver
Athens,1896,Athletics,Athletics,"PAPASIDERIS, Georgios",GRE,Men,shot put,M,Bronze
Athens,1896,Athletics,Athletics,"GARRETT, Robert",USA,Men,shot put,M,Gold
Athens,1896,Athletics,Athletics,"GOUSKOS, Miltiadis",GRE,Men,shot put,M,Silver
Athens,1896,Athletics,Athletics,"PERSAKIS, Ioannis",GRE,Men,triple jump,M,Bronze
Athens,1896,Athletics,Athletics,"CONNOLLY, James",USA,Men,triple jump,M,Gold
Athens,1896,Athletics,Athletics,"TUFFERI, Alexandre",FRA,Men,triple jump,M,Silver
Athens,1896,Cycling,Cycling Road,"BATTEL, Edward",GBR,Men,individual road race,M,Bronze
Athens,1896,Cycling,Cycling Road,"KONSTANTINIDIS, Aristidis",GRE,Men,individual road race,M,Gold
Athens,1896,Cycling,Cycling Road,"GOEDRICH, August",GER,Men,individual road race,M,Silver
Athens,1896,Cycling,Cycling Track,"FLAMENG, Léon",FRA,Men,100km,M,Gold
Athens,1896,Cycling,Cycling Track,"KOLETTIS, Georgios",GRE,Men,100km,M,Silver
Athens,1896,Cycling,Cycling Track,"SCHMAL, Adolf",AUT,Men,10km,M,Bronze
Athens,1896,Cycling,Cycling Track,"MASSON, Paul",FRA,Men,10km,M,Gold
Athens,1896,Cycling,Cycling Track,"FLAMENG, Léon",FRA,Men,10km,M,Silver
Athens,1896,Cycling,Cycling Track,"SCHMAL, Adolf",AUT,Men,12-hour race,M,Gold
Athens,1896,Cycling,Cycling Track,"KEEPING, Frank",GBR,Men,12-hour race,M,Silver
Athens,1896,Cycling,Cycling Track,"SCHMAL, Adolf",AUT,Men,1km time trial,M,Bronze
Athens,1896,Cycling,Cycling Track,"MASSON, Paul",FRA,Men,1km time trial,M,Gold
Athens,1896,Cycling,Cycling Track,"NIKOLOPOULOS, Stamatios",GRE,Men,1km time trial,M,Silver
Athens,1896,Cycling,Cycling Track,"FLAMENG, Léon",FRA,Men,Sprint indivual,M,Bronze
Athens,1896,Cycling,Cycling Track,"MASSON, Paul",FRA,Men,Sprint indivual,M,Gold
Athens,1896,Cycling,Cycling Track,"NIKOLOPOULOS, Stamatios",GRE,Men,Sprint indivual,M,Silver
Athens,1896,Fencing,Fencing,"PIERRAKOS-MAVROMICHALIS, Perikles",GRE,Men,foil individual,M,Bronze
Athens,1896,Fencing,Fencing,"GRAVELOTTE, Eugène-Henri",FRA,Men,foil individual,M,Gold
Athens,1896,Fencing,Fencing,"CALLOT, Henri",FRA,Men,foil individual,M,Silver
Athens,1896,Fencing,Fencing,"PYRGOS, Leonidas",GRE,Men,"foil, masters",M,Gold
Athens,1896,Fencing,Fencing,"PERRONNET, Maurice",FRA,Men,"foil, masters",M,Silver
Athens,1896,Fencing,Fencing,"NIELSEN, Holger",DEN,Men,sabre individual,M,Bronze
Athens,1896,Fencing,Fencing,"GEORGIADIS, Ioannis",GRE,Men,sabre individual,M,Gold
Athens,1896,Fencing,Fencing,"KARAKALOS, Telemachos",GRE,Men,sabre individual,M,Silver
Athens,1896,Gymnastics,Artistic G.,"WEINGÄRTNER, Hermann",GER,Men,horizontal bar,M,Gold
Athens,1896,Gymnastics,Artistic G.,"FLATOW, Alfred",GER,Men,horizontal bar,M,Silver
Athens,1896,Gymnastics,Artistic G.,"FLATOW, Alfred",GER,Men,parallel bars,M,Gold
Athens,1896,Gymnastics,Artistic G.,"ZUTTER, Louis",SUI,Men,parallel bars,M,Silver
Athens,1896,Gymnastics,Artistic G.,"ZUTTER, Louis",SUI,Men,pommel horse,M,Gold
Athens,1896,Gymnastics,Artistic G.,"WEINGÄRTNER, Hermann",GER,Men,pommel horse,M,Silver
Athens,1896,Gymnastics,Artistic G.,"PERSAKIS, Petros",GRE,Men,rings,M,Bronze
Athens,1896,Gymnastics,Artistic G.,"MITROPOULOS, Ioannis",GRE,Men,rings,M,Gold
Athens,1896,Gymnastics,Artistic G.,"WEINGÄRTNER, Hermann",GER,Men,rings,M,Silver
Athens,1896,Gymnastics,Artistic G.,"HOFMANN, Fritz",GER,Men,rope climbing,M,Bronze
Athens,1896,Gymnastics,Artistic G.,"ANDRIAKOPOULOS, Nicolaos",GRE,Men,rope climbing,M,Gold
Athens,1896,Gymnastics,Artistic G.,"XENAKIS, Thomasios",GRE,Men,rope climbing,M,Silver
Athens,1896,Gymnastics,Artistic G.,"BÖCKER, Konrad",GER,Men,"team, horizontal bar",M,Gold
Athens,1896,Gymnastics,Artistic G.,"FLATOW, Alfred",GER,Men,"team, horizontal bar",M,Gold
Athens,1896,Gymnastics,Artistic G.,"FLATOW, Gustav Felix",GER,Men,"team, horizontal bar",M,Gold
Athens,1896,Gymnastics,Artistic G.,"HILMAR, Georg",GER,Men,"team, horizontal bar",M,Gold
Athens,1896,Gymnastics,Artistic G.,"HOFMANN, Fritz",GER,Men,"team, horizontal bar",M,Gold
Athens,1896,Gymnastics,Artistic G.,"MANTEUFFEL, Fritz",GER,Men,"team, horizontal bar",M,Gold
Athens,1896,Gymnastics,Artistic G.,"NEUKIRCH, Karl",GER,Men,"team, horizontal bar",M,Gold
Athens,1896,Gymnastics,Artistic G.,"RÖSTEL, Richard",GER,Men,"team, horizontal bar",M,Gold
Athens,1896,Gymnastics,Artistic G.,"SCHUFT, Gustav",GER,Men,"team, horizontal bar",M,Gold
Athens,1896,Gymnastics,Artistic G.,"SCHUMANN, Carl",GER,Men,"team, horizontal bar",M,Gold
Athens,1896,Gymnastics,Artistic G.,"WEINGÄRTNER, Hermann",GER,Men,"team, horizontal bar",M,Gold
Athens,1896,Gymnastics,Artistic G.,"CHRYSAPHIS, Ioannis",GRE,Men,"team, parallel bars",M,Bronze
Athens,1896,Gymnastics,Artistic G.,"KARVELAS, Phillippos",GRE,Men,"team, parallel bars",M,Bronze
Athens,1896,Gymnastics,Artistic G.,"LOUNDRAS, Dimitrios",GRE,Men,"team, parallel bars",M,Bronze
Athens,1896,Gymnastics,Artistic G.,"MITROPOULOS, Ioannis",GRE,Men,"team, parallel bars",M,Bronze
Athens,1896,Gymnastics,Artistic G.,"BÖCKER, Konrad",GER,Men,"team, parallel bars",M,Gold
Athens,1896,Gymnastics,Artistic G.,"FLATOW, Alfred",GER,Men,"team, parallel bars",M,Gold
Athens,1896,Gymnastics,Artistic G.,"FLATOW, Gustav Felix",GER,Men,"team, parallel bars",M,Gold
Athens,1896,Gymnastics,Artistic G.,"HILMAR, Georg",GER,Men,"team, parallel bars",M,Gold
Athens,1896,Gymnastics,Artistic G.,"HOFMANN, Fritz",GER,Men,"team, parallel bars",M,Gold
Athens,1896,Gymnastics,Artistic G.,"MANTEUFFEL, Fritz",GER,Men,"team, parallel bars",M,Gold
Athens,1896,Gymnastics,Artistic G.,"NEUKIRCH, Karl",GER,Men,"team, parallel bars",M,Gold
Athens,1896,Gymnastics,Artistic G.,"RÖSTEL, Richard",GER,Men,"team, parallel bars",M,Gold
Athens,1896,Gymnastics,Artistic G.,"SCHUFT, Gustav",GER,Men,"team, parallel bars",M,Gold
Athens,1896,Gymnastics,Artistic G.,"SCHUMANN, Carl",GER,Men,"team, parallel bars",M,Gold
Athens,1896,Gymnastics,Artistic G.,"WEINGÄRTNER, Hermann",GER,Men,"team, parallel bars",M,Gold
Athens,1896,Gymnastics,Artistic G.,"ANDRIAKOPOULOS, Nicolaos",GRE,Men,"team, parallel bars",M,Silver
Athens,1896,Gymnastics,Artistic G.,"ATHANASOPOULOS, Spyros",GRE,Men,"team, parallel bars",M,Silver
Athens,1896,Gymnastics,Artistic G.,"PERSAKIS, Petros",GRE,Men,"team, parallel bars",M,Silver
Athens,1896,Gymnastics,Artistic G.,"XENAKIS, Thomasios",GRE,Men,"team, parallel bars",M,Silver
Athens,1896,Gymnastics,Artistic G.,"WEINGÄRTNER, Hermann",GER,Men,vault,M,Bronze
Athens,1896,Gymnastics,Artistic G.,"SCHUMANN, Carl",GER,Men,vault,M,Gold
Athens,1896,Gymnastics,Artistic G.,"ZUTTER, Louis",SUI,Men,vault,M,Silver
Athens,1896,Shooting,Shooting,"MORAKIS, Nikolaos",GRE,Men,25m army pistol,M,Bronze
Athens,1896,Shooting,Shooting,"PAINE, John",USA,Men,25m army pistol,M,Gold
Athens,1896,Shooting,Shooting,"PAINE, Sumner",USA,Men,25m army pistol,M,Silver
Athens,1896,Shooting,Shooting,"NIELSEN, Holger",DEN,Men,25m rapid fire pistol (60 shots),M,Bronze
Athens,1896,Shooting,Shooting,"PHRANGOUDIS, Joannis",GRE,Men,25m rapid fire pistol (60 shots),M,Gold
Athens,1896,Shooting,Shooting,"ORPHANIDIS, Georgios",GRE,Men,25m rapid fire pistol (60 shots),M,Silver
Athens,1896,Shooting,Shooting,"PHRANGOUDIS, Joannis",GRE,Men,50m pistol (60 shots),M,Bronze
Athens,1896,Shooting,Shooting,"PAINE, Sumner",USA,Men,50m pistol (60 shots),M,Gold
Athens,1896,Shooting,Shooting,"NIELSEN, Holger",DEN,Men,50m pistol (60 shots),M,Silver
Athens,1896,Shooting,Shooting,"TRIKUPIS, Nicolaos",GRE,Men,"army rifle, 200m",M,Bronze
Athens,1896,Shooting,Shooting,"KARASEVDAS, Pantelis",GRE,Men,"army rifle, 200m",M,Gold
Athens,1896,Shooting,Shooting,"PAVLIDIS, Pavlos",GRE,Men,"army rifle, 200m",M,Silver
Athens,1896,Shooting,Shooting,"JENSEN, Viggo",DEN,Men,"army rifle, 300m",M,Bronze
Athens,1896,Shooting,Shooting,"ORPHANIDIS, Georgios",GRE,Men,"army rifle, 300m",M,Gold
Athens,1896,Shooting,Shooting,"PHRANGOUDIS, Joannis",GRE,Men,"army rifle, 300m",M,Silver
Athens,1896,Tennis,Tennis,"FLACK, Edwin",ZZX,Men,doubles,M,Bronze
Athens,1896,Tennis,Tennis,"ROBERTSON, George Stuart",ZZX,Men,doubles,M,Bronze
Athens,1896,Tennis,Tennis,"BOLAND, John",ZZX,Men,doubles,M,Gold
Athens,1896,Tennis,Tennis,"TRAUN, Friedrich",ZZX,Men,doubles,M,Gold
Athens,1896,Tennis,Tennis,"KASDAGLIS, Dionysios",ZZX,Men,doubles,M,Silver
Athens,1896,Tennis,Tennis,"PETROKOKKINOS, Demetrios",ZZX,Men,doubles,M,Silver
Athens,1896,Tennis,Tennis,"PASPATIS, Konstantinos",GRE,Men,singles,M,Bronze
Athens,1896,Tennis,Tennis,"TAPAVICZA, Momcsillo",HUN,Men,singles,M,Bronze
Athens,1896,Tennis,Tennis,"BOLAND, John",GBR,Men,singles,M,Gold
Athens,1896,Tennis,Tennis,"KASDAGLIS, Dionysios",GRE,Men,singles,M,Silver
Athens,1896,Weightlifting,Weightlifting,"NIKOLOPOULOS, Alexandros",GRE,Men,heavyweight - one hand lift,M,Bronze
Athens,1896,Weightlifting,Weightlifting,"ELLIOTT, Launceston",GBR,Men,heavyweight - one hand lift,M,Gold
Athens,1896,Weightlifting,Weightlifting,"JENSEN, Viggo",DEN,Men,heavyweight - one hand lift,M,Silver
Athens,1896,Weightlifting,Weightlifting,"VERSIS, Sotirios",GRE,Men,heavyweight - two hand lift,M,Bronze
Athens,1896,Weightlifting,Weightlifting,"JENSEN, Viggo",DEN,Men,heavyweight - two hand lift,M,Gold
Athens,1896,Weightlifting,Weightlifting,"ELLIOTT, Launceston",GBR,Men,heavyweight - two hand lift,M,Silver
Athens,1896,Wrestling,Wrestling Gre-R,"CHRISTOPOULOS, Stephanos",GRE,Men,open event,M,Bronze
Athens,1896,Wrestling,Wrestling Gre-R,"SCHUMANN, Carl",GER,Men,open event,M,Gold
Athens,1896,Wrestling,Wrestling Gre-R,"TSITAS, Georgios",GRE,Men,open event,M,Silver
Paris,1900,Aquatics,Swimming,"HALMAY, Zoltan",HUN,Men,1500m freestyle,M,Bronze
Paris,1900,Aquatics,Swimming,"JARVIS, John Arthur",GBR,Men,1500m freestyle,M,Gold
Paris,1900,Aquatics,Swimming,"WAHLE, Otto",AUT,Men,1500m freestyle,M,Silver
Paris,1900,Aquatics,Swimming,"DROST, Johannes",NED,Men,200m backstroke,M,Bronze
Paris,1900,Aquatics,Swimming,"HOPPENBERG, Ernst",GER,Men,200m backstroke,M,Gold
Paris,1900,Aquatics,Swimming,"RUBERL, Karl",AUT,Men,200m backstroke,M,Silver
Paris,1900,Aquatics,Swimming,"RUBERL, Karl",AUT,Men,200m freestyle,M,Bronze
Paris,1900,Aquatics,Swimming,"LANE, Frederick C.V.",AUS,Men,200m freestyle,M,Gold
Paris,1900,Aquatics,Swimming,"HALMAY, Zoltan",HUN,Men,200m freestyle,M,Silver
Paris,1900,Aquatics,Swimming,"KEMP, Peter",GBR,Men,200m obstacle event,M,Bronze
Paris,1900,Aquatics,Swimming,"LANE, Frederick C.V.",AUS,Men,200m obstacle event,M,Gold
Paris,1900,Aquatics,Swimming,"WAHLE, Otto",AUT,Men,200m obstacle event,M,Silver
Paris,1900,Aquatics,Swimming,HOUBEN,FRA,Men,200m team swimming,M,Bronze
Paris,1900,Aquatics,Swimming,"LEUILLIEUX, Jean",FRA,Men,200m team swimming,M,Bronze
Paris,1900,Aquatics,Swimming,"MARTIN, Louis",FRA,Men,200m team swimming,M,Bronze
Paris,1900,Aquatics,Swimming,"MERCHEZ, Désiré",FRA,Men,200m team swimming,M,Bronze
Paris,1900,Aquatics,Swimming,TARTARA,FRA,Men,200m team swimming,M,Bronze
Paris,1900,Aquatics,Swimming,"FREY, Julius",GER,Men,200m team swimming,M,Gold
Paris,1900,Aquatics,Swimming,"HAINLE, Max",GER,Men,200m team swimming,M,Gold
Paris,1900,Aquatics,Swimming,"HOPPENBERG, Ernst",GER,Men,200m team swimming,M,Gold
Paris,1900,Aquatics,Swimming,"SCHÖNE, Max",GER,Men,200m team swimming,M,Gold
Paris,1900,Aquatics,Swimming,"VON PETERSDORFF, Herbert",GER,Men,200m team swimming,M,Gold
Paris,1900,Aquatics,Swimming,BERTRAND,FRA,Men,200m team swimming,M,Silver
Paris,1900,Aquatics,Swimming,CADET,FRA,Men,200m team swimming,M,Silver
Paris,1900,Aquatics,Swimming,"HOCHEPIED, Maurice",FRA,Men,200m team swimming,M,Silver
Paris,1900,Aquatics,Swimming,"HOCHEPIED, Victor",FRA,Men,200m team swimming,M,Silver
Paris,1900,Aquatics,Swimming,VERBECKE,FRA,Men,200m team swimming,M,Silver
Paris,1900,Aquatics,Swimming,"MARTIN, Louis",FRA,Men,4000m freestyle,M,Bronze
Paris,1900,Aquatics,Swimming,"JARVIS, John Arthur",GBR,Men,4000m freestyle,M,Gold
Paris,1900,Aquatics,Swimming,"HALMAY, Zoltan",HUN,Men,4000m freestyle,M,Silver
Paris,1900,Aquatics,Swimming,"LYKKEBERG, Peder",DEN,Men,underwater swimming,M,Bronze
Paris,1900,Aquatics,Swimming,"DE VENDEVILLE, Charles",FRA,Men,underwater swimming,M,Gold
Paris,1900,Aquatics,Swimming,"SIX, André",FRA,Men,underwater swimming,M,Silver
Paris,1900,Aquatics,Water polo,"BURGESS, Thomas",FRA,Men,water polo,M,Bronze
Paris,1900,Aquatics,Water polo,COULON,FRA,Men,water polo,M,Bronze
Paris,1900,Aquatics,Water polo,"DECUYPER, Alphonse",FRA,Men,water polo,M,Bronze
Paris,1900,Aquatics,Water polo,DEVENOT,FRA,Men,water polo,M,Bronze
Paris,1900,Aquatics,Water polo,FARDELLE,FRA,Men,water polo,M,Bronze
Paris,1900,Aquatics,Water polo,FAVIER,FRA,Men,water polo,M,Bronze
Paris,1900,Aquatics,Water polo,"LAUFRAY, Louis",FRA,Men,water polo,M,Bronze
Paris,1900,Aquatics,Water polo,LERICHE,FRA,Men,water polo,M,Bronze
Paris,1900,Aquatics,Water polo,"MARTIN, Louis",FRA,Men,water polo,M,Bronze
Paris,1900,Aquatics,Water polo,"MERCHEZ, Désiré",FRA,Men,water polo,M,Bronze
Paris,1900,Aquatics,Water polo,"PESLIER, Henri",FRA,Men,water polo,M,Bronze
Paris,1900,Aquatics,Water polo,PESLOY,FRA,Men,water polo,M,Bronze
Paris,1900,Aquatics,Water polo,"TREFFEL, Charles",FRA,Men,water polo,M,Bronze
Paris,1900,Aquatics,Water polo,"VASSEUR, Paul",FRA,Men,water polo,M,Bronze
Paris,1900,Aquatics,Water polo,"COE, Thomas",GBR,Men,water polo,M,Gold
Paris,1900,Aquatics,Water polo,"DERBYSHIRE, John Henry",GBR,Men,water polo,M,Gold
Paris,1900,Aquatics,Water polo,"KEMP, Peter",GBR,Men,water polo,M,Gold
Paris,1900,Aquatics,Water polo,"LISTER, William",GBR,Men,water polo,M,Gold
Paris,1900,Aquatics,Water polo,"ROBERTSON, Arthur",GBR,Men,water polo,M,Gold
Paris,1900,Aquatics,Water polo,"ROBINSON, Eric",GBR,Men,water polo,M,Gold
Paris,1900,Aquatics,Water polo,"WILKINSON, George",GBR,Men,water polo,M,Gold
Paris,1900,Aquatics,Water polo,"COHEN, Henri",BEL,Men,water polo,M,Silver
Paris,1900,Aquatics,Water polo,"DE BACKER, Jean",BEL,Men,water polo,M,Silver
Paris,1900,Aquatics,Water polo,"DE BEHR, Victor",BEL,Men,water polo,M,Silver
Paris,1900,Aquatics,Water polo,"FEYAERTS, Fernand",BEL,Men,water polo,M,Silver
Paris,1900,Aquatics,Water polo,"GREGOIRE, Oscar",BEL,Men,water polo,M,Silver
Paris,1900,Aquatics,Water polo,"MICHANT, Albert",BEL,Men,water polo,M,Silver
Paris,1900,Aquatics,Water polo,"SONNEMANS, Victor",BEL,Men,water polo,M,Silver
Paris,1900,Archery,Archery,"PETIT, Charles Frédéric",FRA,Men,"au chapelet, 33m",M,Bronze
Paris,1900,Archery,Archery,"VAN INNIS, Hubert",BEL,Men,"au chapelet, 33m",M,Gold
Paris,1900,Archery,Archery,"THIBAUD, Victor",FRA,Men,"au chapelet, 33m",M,Silver
Paris,1900,Archery,Archery,"MERCIER, Emile",FRA,Men,"au chapelet, 50m",M,Bronze
Paris,1900,Archery,Archery,"MOUGIN, Eugène",FRA,Men,"au chapelet, 50m",M,Gold
Paris,1900,Archery,Archery,"HELLE, Henri",FRA,Men,"au chapelet, 50m",M,Silver
Paris,1900,Archery,Archery,"PETIT, Charles Frédéric",FRA,Men,"au cordon doré, 33m",M,Bronze
Paris,1900,Archery,Archery,"VAN INNIS, Hubert",BEL,Men,"au cordon doré, 33m",M,Gold
Paris,1900,Archery,Archery,"THIBAUD, Victor",FRA,Men,"au cordon doré, 33m",M,Silver
Paris,1900,Archery,Archery,"FISSEUX, Emile",FRA,Men,"au cordon doré, 50m",M,Bronze
Paris,1900,Archery,Archery,"HEROUIN, Henri",FRA,Men,"au cordon doré, 50m",M,Gold
Paris,1900,Archery,Archery,"VAN INNIS, Hubert",BEL,Men,"au cordon doré, 50m",M,Silver
Paris,1900,Archery,Archery,"FOULON, Emmanuel",BEL,Men,sur la perche à la herse,M,Gold
Paris,1900,Archery,Archery,"DRUART, Jr.",BEL,Men,sur la perche à la herse,M,Silver
Paris,1900,Archery,Archery,"SERRURIER, Auguste",FRA,Men,sur la perche à la herse,M,Silver
Paris,1900,Archery,Archery,"GLINEUX, Louis",BEL,Men,sur la perche à la pyramide,M,Bronze
Paris,1900,Archery,Archery,"GRUMIAUX, Emile",FRA,Men,sur la perche à la pyramide,M,Gold
Paris,1900,Archery,Archery,"SERRURIER, Auguste",FRA,Men,sur la perche à la pyramide,M,Silver
Paris,1900,Athletics,Athletics,"ROWLEY, Stanley",AUS,Men,100m,M,Bronze
Paris,1900,Athletics,Athletics,"JARVIS, Francis",USA,Men,100m,M,Gold
Paris,1900,Athletics,Athletics,"TEWKSBURY, Walter B. John",USA,Men,100m,M,Silver
Paris,1900,Athletics,Athletics,"MOLONEY, Frederick",USA,Men,110m hurdles,M,Bronze
Paris,1900,Athletics,Athletics,"KRAENZLEIN, Alvin",USA,Men,110m hurdles,M,Gold
Paris,1900,Athletics,Athletics,"MCLEAN, John",USA,Men,110m hurdles,M,Silver
Paris,1900,Athletics,Athletics,"BRAY, John",USA,Men,1500m,M,Bronze
Paris,1900,Athletics,Athletics,"BENNETT, Charles",GBR,Men,1500m,M,Gold
Paris,1900,Athletics,Athletics,"DELOGE, Henri",FRA,Men,1500m,M,Silver
Paris,1900,Athletics,Athletics,"ROWLEY, Stanley",AUS,Men,200m,M,Bronze
Paris,1900,Athletics,Athletics,"TEWKSBURY, Walter B. John",USA,Men,200m,M,Gold
Paris,1900,Athletics,Athletics,"PRITCHARD, Norman",IND,Men,200m,M,Silver
Paris,1900,Athletics,Athletics,"TEWKSBURY, Walter B. John",USA,Men,200m hurdles,M,Bronze
Paris,1900,Athletics,Athletics,"KRAENZLEIN, Alvin",USA,Men,200m hurdles,M,Gold
Paris,1900,Athletics,Athletics,"PRITCHARD, Norman",IND,Men,200m hurdles,M,Silver
Paris,1900,Athletics,Athletics,"CHASTANIE, Jacques",FRA,Men,3000m steeplechase,M,Bronze
Paris,1900,Athletics,Athletics,"ORTON, George",CAN,Men,3000m steeplechase,M,Gold
Paris,1900,Athletics,Athletics,"ROBINSON, Sidney",GBR,Men,3000m steeplechase,M,Silver
Paris,1900,Athletics,Athletics,"ROBINSON, Sidney",GBR,Men,4000m steeplechase,M,Bronze
Paris,1900,Athletics,Athletics,"RIMMER, John",GBR,Men,4000m steeplechase,M,Gold
Paris,1900,Athletics,Athletics,"BENNETT, Charles",GBR,Men,4000m steeplechase,M,Silver
Paris,1900,Athletics,Athletics,"SCHULTZ, Ernst",DEN,Men,400m,M,Bronze
Paris,1900,Athletics,Athletics,"LONG, Maxwell W.Maxey",USA,Men,400m,M,Gold
Paris,1900,Athletics,Athletics,"HOLLAND, William",USA,Men,400m,M,Silver
Paris,1900,Athletics,Athletics,"ORTON, George",CAN,Men,400m hurdles,M,Bronze
Paris,1900,Athletics,Athletics,"TEWKSBURY, Walter B. John",USA,Men,400m hurdles,M,Gold
Paris,1900,Athletics,Athletics,"TAUZIN, Henri",FRA,Men,400m hurdles,M,Silver
Paris,1900,Athletics,Athletics,"BENNETT, Charles",ZZX,Men,5000m team,M,Gold
Paris,1900,Athletics,Athletics,"RIMMER, John",ZZX,Men,5000m team,M,Gold
Paris,1900,Athletics,Athletics,"ROBINSON, Sidney",ZZX,Men,5000m team,M,Gold
Paris,1900,Athletics,Athletics,"ROWLEY, Stanley",ZZX,Men,5000m team,M,Gold
Paris,1900,Athletics,Athletics,"TYSOE, Alfred",ZZX,Men,5000m team,M,Gold
Paris,1900,Athletics,Athletics,"CASTANET, André",FRA,Men,5000m team,M,Silver
Paris,1900,Athletics,Athletics,"CHAMPOUDRY, Michel",FRA,Men,5000m team,M,Silver
Paris,1900,Athletics,Athletics,"CHASTANIE, Jacques",FRA,Men,5000m team,M,Silver
Paris,1900,Athletics,Athletics,"DELOGE, Henri",FRA,Men,5000m team,M,Silver
Paris,1900,Athletics,Athletics,"RAGUENEAU, Gaston",FRA,Men,5000m team,M,Silver
Paris,1900,Athletics,Athletics,"ROWLEY, Stanley",AUS,Men,60m,M,Bronze
Paris,1900,Athletics,Athletics,"KRAENZLEIN, Alvin",USA,Men,60m,M,Gold
Paris,1900,Athletics,Athletics,"TEWKSBURY, Walter B. John",USA,Men,60m,M,Silver
Paris,1900,Athletics,Athletics,"HALL, David",USA,Men,800m,M,Bronze
Paris,1900,Athletics,Athletics,"TYSOE, Alfred",GBR,Men,800m,M,Gold
Paris,1900,Athletics,Athletics,"CREGAN, John",USA,Men,800m,M,Silver
Paris,1900,Athletics,Athletics,"SHELDON, Richard",USA,Men,discus throw,M,Bronze
Paris,1900,Athletics,Athletics,"BAUER, Rudolf",HUN,Men,discus throw,M,Gold
Paris,1900,Athletics,Athletics,"JANDA, Frantisek",BOH,Men,discus throw,M,Silver
Paris,1900,Athletics,Athletics,"MCCRACKEN, Josiah",USA,Men,hammer throw,M,Bronze
Paris,1900,Athletics,Athletics,"FLANAGAN, John Jesus",USA,Men,hammer throw,M,Gold
Paris,1900,Athletics,Athletics,"HARE, Thomas Truxton",USA,Men,hammer throw,M,Silver
Paris,1900,Athletics,Athletics,"GÖNCZY, Lajos",HUN,Men,high jump,M,Bronze
Paris,1900,Athletics,Athletics,"BAXTER, Irving",USA,Men,high jump,M,Gold
Paris,1900,Athletics,Athletics,"LEAHY, Patrick Joseph",GBR,Men,high jump,M,Silver
Paris,1900,Athletics,Athletics,"SHELDON, Lewis Pendleton",USA,Men,"high jump, standing",M,Bronze
Paris,1900,Athletics,Athletics,"EWRY, Ray",USA,Men,"high jump, standing",M,Gold
Paris,1900,Athletics,Athletics,"BAXTER, Irving",USA,Men,"high jump, standing",M,Silver
Paris,1900,Athletics,Athletics,"LEAHY, Patrick Joseph",GBR,Men,long jump,M,Bronze
Paris,1900,Athletics,Athletics,"KRAENZLEIN, Alvin",USA,Men,long jump,M,Gold
Paris,1900,Athletics,Athletics,"PRINSTEIN, Meyer",USA,Men,long jump,M,Silver
Paris,1900,Athletics,Athletics,"TORCHEBOEUF, Emile",FRA,Men,"long jump, standing",M,Bronze
Paris,1900,Athletics,Athletics,"EWRY, Ray",USA,Men,"long jump, standing",M,Gold
Paris,1900,Athletics,Athletics,"BAXTER, Irving",USA,Men,"long jump, standing",M,Silver
Paris,1900,Athletics,Athletics,"FAST, Ernst",SWE,Men,marathon,M,Bronze
Paris,1900,Athletics,Athletics,"THEATO, Michel",FRA,Men,marathon,M,Gold
Paris,1900,Athletics,Athletics,"CHAMPION, Emile",FRA,Men,marathon,M,Silver
Paris,1900,Athletics,Athletics,"ANDERSEN, Carl Albert",NOR,Men,pole vault,M,Bronze
Paris,1900,Athletics,Athletics,"BAXTER, Irving",USA,Men,pole vault,M,Gold
Paris,1900,Athletics,Athletics,"COLKETT, Meredith Bright",USA,Men,pole vault,M,Silver
Paris,1900,Athletics,Athletics,"GARRETT, Robert",USA,Men,shot put,M,Bronze
Paris,1900,Athletics,Athletics,"SHELDON, Richard",USA,Men,shot put,M,Gold
Paris,1900,Athletics,Athletics,"MCCRACKEN, Josiah",USA,Men,shot put,M,Silver
Paris,1900,Athletics,Athletics,"SHELDON, Lewis Pendleton",USA,Men,triple jump,M,Bronze
Paris,1900,Athletics,Athletics,"PRINSTEIN, Meyer",USA,Men,triple jump,M,Gold
Paris,1900,Athletics,Athletics,"CONNOLLY, James",USA,Men,triple jump,M,Silver
Paris,1900,Athletics,Athletics,"GARRETT, Robert",USA,Men,"triple jump, standing",M,Bronze
Paris,1900,Athletics,Athletics,"EWRY, Ray",USA,Men,"triple jump, standing",M,Gold
Paris,1900,Athletics,Athletics,"BAXTER, Irving",USA,Men,"triple jump, standing",M,Silver
Paris,1900,Basque Pelota,Basque Pelota,"De AMEZOLA y ASPIZUA, José",ESP,Men,cesta punta,M,Gold
Paris,1900,Basque Pelota,Basque Pelota,"VILLOTA BAQUIOLA, Francisco",ESP,Men,cesta punta,M,Gold
Paris,1900,Basque Pelota,Basque Pelota,"DURQUETTY, Maurice",FRA,Men,cesta punta,M,Silver
Paris,1900,Basque Pelota,Basque Pelota,ETCHEGARAY,FRA,Men,cesta punta,M,Silver
Paris,1900,Cricket,Cricket,"BEACHCROFT, Charles",GBR,Men,cricket,M,Gold
Paris,1900,Cricket,Cricket,"BIRKETT, Arthur Ernest",GBR,Men,cricket,M,Gold
Paris,1900,Cricket,Cricket,"BOWERMAN, Alfred James",GBR,Men,cricket,M,Gold
Paris,1900,Cricket,Cricket,"BUCKLEY, George John",GBR,Men,cricket,M,Gold
Paris,1900,Cricket,Cricket,"BURCHELL, Francis Romulus",GBR,Men,cricket,M,Gold
Paris,1900,Cricket,Cricket,"CHRISTIAN, Frederick William",GBR,Men,cricket,M,Gold
Paris,1900,Cricket,Cricket,"CORNER, Harry Richard",GBR,Men,cricket,M,Gold
Paris,1900,Cricket,Cricket,"CUMING, Frederick Wlliam",GBR,Men,cricket,M,Gold
Paris,1900,Cricket,Cricket,"DONNE, William Stephen",GBR,Men,cricket,M,Gold
Paris,1900,Cricket,Cricket,"POWLESLAND, Alfred James",GBR,Men,cricket,M,Gold
Paris,1900,Cricket,Cricket,"SYMES, John",GBR,Men,cricket,M,Gold
Paris,1900,Cricket,Cricket,"TOLLER, Montagu Henry",GBR,Men,cricket,M,Gold
Paris,1900,Cricket,Cricket,"ANDERSON, W.",FRA,Men,cricket,M,Silver
Paris,1900,Cricket,Cricket,"ATTRILL, W.T.",FRA,Men,cricket,M,Silver
Paris,1900,Cricket,Cricket,"BRAID, J.",FRA,Men,cricket,M,Silver
Paris,1900,Cricket,Cricket,"BROWNING, W.",FRA,Men,cricket,M,Silver
Paris,1900,Cricket,Cricket,"HORNE, R.",FRA,Men,cricket,M,Silver
Paris,1900,Cricket,Cricket,"JORDAN, T.H.",FRA,Men,cricket,M,Silver
Paris,1900,Cricket,Cricket,"MCEVOY, A.",FRA,Men,cricket,M,Silver
Paris,1900,Cricket,Cricket,"ROBINSON, D.",FRA,Men,cricket,M,Silver
Paris,1900,Cricket,Cricket,"ROQUES, F.",FRA,Men,cricket,M,Silver
Paris,1900,Cricket,Cricket,"SCHNEIDAU, A.J.",FRA,Men,cricket,M,Silver
Paris,1900,Cricket,Cricket,"TERRY, Henry John",FRA,Men,cricket,M,Silver
Paris,1900,Cricket,Cricket,"TOMALIN, P.H.",FRA,Men,cricket,M,Silver
Paris,1900,Croquet,Croquet,AUMOITTE,FRA,Men,double,M,Gold
Paris,1900,Croquet,Croquet,JOHIN,FRA,Men,double,M,Gold
Paris,1900,Croquet,Croquet,WAYDELICH,FRA,Men,individual 1 ball,M,Bronze
Paris,1900,Croquet,Croquet,AUMOITTE,FRA,Men,individual 1 ball,M,Gold
Paris,1900,Croquet,Croquet,JOHIN,FRA,Men,individual 1 ball,M,Silver
Paris,1900,Croquet,Croquet,SAUTREAU,FRA,Men,individual 2 balls,M,Bronze
Paris,1900,Croquet,Croquet,WAYDELICH,FRA,Men,individual 2 balls,M,Gold
Paris,1900,Croquet,Croquet,VIGNEROT,FRA,Men,individual 2 balls,M,Silver
Paris,1900,Cycling,Cycling Track,"DAUMAIN, .....",FRA,Men,25 kilometres,M,Bronze
Paris,1900,Cycling,Cycling Track,"BASTIEN, Louis",FRA,Men,25 kilometres,M,Gold
Paris,1900,Cycling,Cycling Track,"HILDEBRAND, Louis",FRA,Men,25 kilometres,M,Silver
Paris,1900,Cycling,Cycling Track,"LAKE, John Henry",USA,Men,Sprint indivual,M,Bronze
Paris,1900,Cycling,Cycling Track,"TAILLANDIER, Georges",FRA,Men,Sprint indivual,M,Gold
Paris,1900,Cycling,Cycling Track,"SANZ, Fernand",FRA,Men,Sprint indivual,M,Silver
Paris,1900,Equestrian,Jumping,"VAN DE POELE, Georges",BEL,Men,high jump,X,Bronze
Paris,1900,Equestrian,Jumping,"GARDERES, Dominique Maximien",FRA,Men,high jump,X,Gold
Paris,1900,Equestrian,Jumping,"TRISSINO, Gian Giorgio",ITA,Men,high jump,X,Gold
Paris,1900,Equestrian,Jumping,"DE CHAMPSAVIN, Louis",FRA,Men,individual,X,Bronze
Paris,1900,Equestrian,Jumping,"HAEGEMAN, Aimé",BEL,Men,individual,X,Gold
Paris,1900,Equestrian,Jumping,"VAN DE POELE, Georges",BEL,Men,individual,X,Silver
Paris,1900,Equestrian,Jumping,DE BELLEGARDE,FRA,Men,long jump individual,X,Bronze
Paris,1900,Equestrian,Jumping,"VAN LANGHENDONCK, Constant",BEL,Men,long jump individual,X,Gold
Paris,1900,Equestrian,Jumping,"TRISSINO, Gian Giorgio",ITA,Men,long jump individual,X,Silver
Paris,1900,Fencing,Fencing,"SEE, Léon",FRA,Men,épée individual,M,Bronze
Paris,1900,Fencing,Fencing,"FONST, Ramon",CUB,Men,épée individual,M,Gold
Paris,1900,Fencing,Fencing,"PERREE, Louis",FRA,Men,épée individual,M,Silver
Paris,1900,Fencing,Fencing,"SEE, Léon",FRA,Men,"épée, amateurs and masters",M,Bronze
Paris,1900,Fencing,Fencing,"AYAT, Albert",FRA,Men,"épée, amateurs and masters",M,Gold
Paris,1900,Fencing,Fencing,"FONST, Ramon",CUB,Men,"épée, amateurs and masters",M,Silver
Paris,1900,Fencing,Fencing,"LAURENT, Henri",FRA,Men,"épée, masters",M,Bronze
Paris,1900,Fencing,Fencing,"AYAT, Albert",FRA,Men,"épée, masters",M,Gold
Paris,1900,Fencing,Fencing,"BOUGNOL, Emile",FRA,Men,"épée, masters",M,Silver
Paris,1900,Fencing,Fencing,"BOULENGER, Marcel Jacques",FRA,Men,foil individual,M,Bronze
Paris,1900,Fencing,Fencing,"COSTE, Emile",FRA,Men,foil individual,M,Gold
Paris,1900,Fencing,Fencing,"MASSON, Henri",FRA,Men,foil individual,M,Silver
Paris,1900,Fencing,Fencing,"MIMIAGUE, Jean-Baptiste",FRA,Men,"foil, masters",M,Bronze
Paris,1900,Fencing,Fencing,"MERIGNAC, Lucien",FRA,Men,"foil, masters",M,Gold
Paris,1900,Fencing,Fencing,"KIRCHHOFFER, Alphonse",FRA,Men,"foil, masters",M,Silver
Paris,1900,Fencing,Fencing,"FLESCH, Siegfried",AUT,Men,sabre individual,M,Bronze
Paris,1900,Fencing,Fencing,"DE LA FALAISE, Georges",FRA,Men,sabre individual,M,Gold
Paris,1900,Fencing,Fencing,"THIEBAUT, Léon",FRA,Men,sabre individual,M,Silver
Paris,1900,Fencing,Fencing,"NERALIC, Milan",AUT,Men,"sabre, masters",M,Bronze
Paris,1900,Fencing,Fencing,"CONTE, Antonio",ITA,Men,"sabre, masters",M,Gold
Paris,1900,Fencing,Fencing,"SANTELLI, Italo",ITA,Men,"sabre, masters",M,Silver
Paris,1900,Football,Football,"DELBECQUE, Albert",BEL,Men,football,M,Bronze
Paris,1900,Football,Football,"KELECOM, R.",BEL,Men,football,M,Bronze
Paris,1900,Football,Football,"LEBOUTTE, Marcel",BEL,Men,football,M,Bronze
Paris,1900,Football,Football,LONDOT,BEL,Men,football,M,Bronze
Paris,1900,Football,Football,"MOREAU, Ernest",BEL,Men,football,M,Bronze
Paris,1900,Football,Football,"NEEFS, E.",BEL,Men,football,M,Bronze
Paris,1900,Football,Football,"PELGRIMS, Georges",BEL,Men,football,M,Bronze
Paris,1900,Football,Football,"RENIER, Alphonse",BEL,Men,football,M,Bronze
Paris,1900,Football,Football,"SPANNOGHE, E.",BEL,Men,football,M,Bronze
Paris,1900,Football,Football,"THORNTON, Erich",BEL,Men,football,M,Bronze
Paris,1900,Football,Football,VAN HEUCKELUM,BEL,Men,football,M,Bronze
Paris,1900,Football,Football,"BUCKENHAM, Claude Percy",GBR,Men,football,M,Gold
Paris,1900,Football,Football,"BURRIDGE, T.E.",GBR,Men,football,M,Gold
Paris,1900,Football,Football,"CHALK, Alfred Ernest",GBR,Men,football,M,Gold
Paris,1900,Football,Football,"GROSLING, William Sullivan",GBR,Men,football,M,Gold
Paris,1900,Football,Football,"HASLAM, A.",GBR,Men,football,M,Gold
Paris,1900,Football,Football,"JONES, J.H.",GBR,Men,football,M,Gold
Paris,1900,Football,Football,"NICHOLAS, J.",GBR,Men,football,M,Gold
Paris,1900,Football,Football,"QUASH, William Francis",GBR,Men,football,M,Gold
Paris,1900,Football,Football,"SPACKMAN, F.G.",GBR,Men,football,M,Gold
Paris,1900,Football,Football,"TURNER, R.R.",GBR,Men,football,M,Gold
Paris,1900,Football,Football,"ZEALLEY, James Edward",GBR,Men,football,M,Gold
Paris,1900,Football,Football,"ALLEMANE, Pierre",FRA,Men,football,M,Silver
Paris,1900,Football,Football,BACH,FRA,Men,football,M,Silver
Paris,1900,Football,Football,"BLOCH, Jean",FRA,Men,football,M,Silver
Paris,1900,Football,Football,"CANELLE, Fernand",FRA,Men,football,M,Silver
Paris,1900,Football,Football,DUPARC,FRA,Men,football,M,Silver
Paris,1900,Football,Football,FRAYSSE,FRA,Men,football,M,Silver
Paris,1900,Football,Football,GAILLARD,FRA,Men,football,M,Silver
Paris,1900,Football,Football,"GARNIER, René",FRA,Men,football,M,Silver
Paris,1900,Football,Football,GRANDJEAN,FRA,Men,football,M,Silver
Paris,1900,Football,Football,HUTEAU,FRA,Men,football,M,Silver
Paris,1900,Football,Football,LAMBERT,FRA,Men,football,M,Silver
Paris,1900,Football,Football,MACAIRE,FRA,Men,football,M,Silver
Paris,1900,Football,Football,PELTIER,FRA,Men,football,M,Silver
Paris,1900,Golf,Golf,"ROBERTSON, David Donaldson",GBR,Men,individual,M,Bronze
Paris,1900,Golf,Golf,"SANDS, Charles Edward",USA,Men,individual,M,Gold
Paris,1900,Golf,Golf,"RUTHERFORD, Walter",GBR,Men,individual,M,Silver
Paris,1900,Golf,Golf,"PRATT, Daria",USA,Women,individual,W,Bronze
Paris,1900,Golf,Golf,"ABBOTT, Margaret Ives",USA,Women,individual,W,Gold
Paris,1900,Golf,Golf,"WHITTIER, Pauline",USA,Women,individual,W,Silver
Paris,1900,Gymnastics,Artistic G.,"DEMANET, Lucien",FRA,Men,individual all-round,M,Bronze
Paris,1900,Gymnastics,Artistic G.,"SANDRAS, Gustave",FRA,Men,individual all-round,M,Gold
Paris,1900,Gymnastics,Artistic G.,"BAS, Noël",FRA,Men,individual all-round,M,Silver
Paris,1900,Polo,Polo,"BOUSSOD, Jean",ZZX,Men,polo,M,Bronze
Paris,1900,Polo,Polo,"DUC DE BISACCIA, Louis",ZZX,Men,polo,M,Bronze
Paris,1900,Polo,Polo,"FAUQUET LEMAITRE, A.",ZZX,Men,polo,M,Bronze
Paris,1900,Polo,Polo,"RAOUL-DUVAL, Maurice",ZZX,Men,polo,M,Bronze
Paris,1900,Polo,Polo,"DALY, Dennis",ZZX,Men,polo,M,Gold
Paris,1900,Polo,Polo,"KEENE, Foxhall Parker",ZZX,Men,polo,M,Gold
Paris,1900,Polo,Polo,"MACKEY, Frank Jay",ZZX,Men,polo,M,Gold
Paris,1900,Polo,Polo,"RAWLINSON, Alfred",ZZX,Men,polo,M,Gold
Paris,1900,Polo,Polo,"BUCKMASTER, Walter Selby",ZZX,Men,polo,M,Silver
Paris,1900,Polo,Polo,"COMTE DE MADRE, José Pierre M.J.",ZZX,Men,polo,M,Silver
Paris,1900,Polo,Polo,"FREAKE, Frederick Maitland",ZZX,Men,polo,M,Silver
Paris,1900,Polo,Polo,"MCCREERY, Walter Adolph",ZZX,Men,polo,M,Silver
Paris,1900,Rowing,Rowing,"BRANDT, Francois Antoine",NED,Men,eight with coxswain (8+),M,Bronze
Paris,1900,Rowing,Rowing,"BROCKMANN, Hermanus Gerardus",NED,Men,eight with coxswain (8+),M,Bronze
Paris,1900,Rowing,Rowing,"KLEIN, Roelof",NED,Men,eight with coxswain (8+),M,Bronze
Paris,1900,Rowing,Rowing,"LEEGSTRA, Ruud Gerbens",NED,Men,eight with coxswain (8+),M,Bronze
Paris,1900,Rowing,Rowing,"MIDDELBERG, Walter",NED,Men,eight with coxswain (8+),M,Bronze
Paris,1900,Rowing,Rowing,"OFFERHAUS, Hendrik Karel",NED,Men,eight with coxswain (8+),M,Bronze
Paris,1900,Rowing,Rowing,"THIJSSEN, Walter",NED,Men,eight with coxswain (8+),M,Bronze
Paris,1900,Rowing,Rowing,"TROMP, Henricus",NED,Men,eight with coxswain (8+),M,Bronze
Paris,1900,Rowing,Rowing,"VAN DIJK, Johannes Wilhelmus Maria",NED,Men,eight with coxswain (8+),M,Bronze
Paris,1900,Rowing,Rowing,"ABELL, Louis",USA,Men,eight with coxswain (8+),M,Gold
Paris,1900,Rowing,Rowing,"CARR, William",USA,Men,eight with coxswain (8+),M,Gold
Paris,1900,Rowing,Rowing,"DEBAECKE, Harry",USA,Men,eight with coxswain (8+),M,Gold
Paris,1900,Rowing,Rowing,"EXLEY, John",USA,Men,eight with coxswain (8+),M,Gold
Paris,1900,Rowing,Rowing,"GEIGER, John",USA,Men,eight with coxswain (8+),M,Gold
Paris,1900,Rowing,Rowing,"HEDLEY, Edward",USA,Men,eight with coxswain (8+),M,Gold
Paris,1900,Rowing,Rowing,"JUVENAL, James",USA,Men,eight with coxswain (8+),M,Gold
Paris,1900,Rowing,Rowing,"LOCKWOOD, Roscoe",USA,Men,eight with coxswain (8+),M,Gold
Paris,1900,Rowing,Rowing,"MARSH, Edward",USA,Men,eight with coxswain (8+),M,Gold
Paris,1900,Rowing,Rowing,"BRUGGEMAN, Prospère",BEL,Men,eight with coxswain (8+),M,Silver
Paris,1900,Rowing,Rowing,"DE BISSCHOP, Jules",BEL,Men,eight with coxswain (8+),M,Silver
Paris,1900,Rowing,Rowing,"DE COCK, Oscar",BEL,Men,eight with coxswain (8+),M,Silver
Paris,1900,Rowing,Rowing,"DE SOMVILLE, Oscar Charles",BEL,Men,eight with coxswain (8+),M,Silver
Paris,1900,Rowing,Rowing,"HEMELSOET, Maurice",BEL,Men,eight with coxswain (8+),M,Silver
Paris,1900,Rowing,Rowing,"ODBERG, Frank",BEL,Men,eight with coxswain (8+),M,Silver
Paris,1900,Rowing,Rowing,"VAN CROMBRUGGHE, Marcel Lucien",BEL,Men,eight with coxswain (8+),M,Silver
Paris,1900,Rowing,Rowing,"VAN LANDEGHEM, Alfred",BEL,Men,eight with coxswain (8+),M,Silver
Paris,1900,Rowing,Rowing,"VERDONCK, Maurice",BEL,Men,eight with coxswain (8+),M,Silver
Paris,1900,Rowing,Rowing,"CARSTENS, Wilhelm",GER,Men,four-oared shell with coxswain (4-),M,Bronze
Paris,1900,Rowing,Rowing,"FELLE, Ernst",GER,Men,four-oared shell with coxswain (4-),M,Bronze
Paris,1900,Rowing,Rowing,"FICKEISEN, Otto",GER,Men,four-oared shell with coxswain (4-),M,Bronze
Paris,1900,Rowing,Rowing,"KÖRNER, Julius",GER,Men,four-oared shell with coxswain (4-),M,Bronze
Paris,1900,Rowing,Rowing,"KRÖWERATH, Franz",GER,Men,four-oared shell with coxswain (4-),M,Bronze
Paris,1900,Rowing,Rowing,"LEHLE, Carl",GER,Men,four-oared shell with coxswain (4-),M,Bronze
Paris,1900,Rowing,Rowing,"MÖLLER, Adolf",GER,Men,four-oared shell with coxswain (4-),M,Bronze
Paris,1900,Rowing,Rowing,"MOTHS, Gustav Adolf",GER,Men,four-oared shell with coxswain (4-),M,Bronze
Paris,1900,Rowing,Rowing,"RÜSTER, Hugo",GER,Men,four-oared shell with coxswain (4-),M,Bronze
Paris,1900,Rowing,Rowing,"WILKER, Hermann",GER,Men,four-oared shell with coxswain (4-),M,Bronze
Paris,1900,Rowing,Rowing,"BOUCKAERT, Henri",FRA,Men,four-oared shell with coxswain (4-),M,Gold
Paris,1900,Rowing,Rowing,"CAU, Jean",FRA,Men,four-oared shell with coxswain (4-),M,Gold
Paris,1900,Rowing,Rowing,CHARLOT,FRA,Men,four-oared shell with coxswain (4-),M,Gold
Paris,1900,Rowing,Rowing,"DELCHAMBRE, Emile",FRA,Men,four-oared shell with coxswain (4-),M,Gold
Paris,1900,Rowing,Rowing,"GOSSLER, Carl Heinrich",GER,Men,four-oared shell with coxswain (4-),M,Gold
Paris,1900,Rowing,Rowing,"GOSSLER, Gustav Ludwig",GER,Men,four-oared shell with coxswain (4-),M,Gold
Paris,1900,Rowing,Rowing,"GOSSLER, Oscar",GER,Men,four-oared shell with coxswain (4-),M,Gold
Paris,1900,Rowing,Rowing,"HAZEBROUCK, Henri",FRA,Men,four-oared shell with coxswain (4-),M,Gold
Paris,1900,Rowing,Rowing,"KATZENSTEIN, Walther",GER,Men,four-oared shell with coxswain (4-),M,Gold
Paris,1900,Rowing,Rowing,"TIETGENS, Waldemar",GER,Men,four-oared shell with coxswain (4-),M,Gold
Paris,1900,Rowing,Rowing,"BROCKMANN, Hermanus Gerardus",NED,Men,four-oared shell with coxswain (4-),M,Silver
Paris,1900,Rowing,Rowing,"HIEBENDAAI, Coenraad Christiaan",NED,Men,four-oared shell with coxswain (4-),M,Silver
Paris,1900,Rowing,Rowing,"LOTSY, Gerhard Oswald",NED,Men,four-oared shell with coxswain (4-),M,Silver
Paris,1900,Rowing,Rowing,"LOTSY, Paulus Jan",NED,Men,four-oared shell with coxswain (4-),M,Silver
Paris,1900,Rowing,Rowing,"LUMPP, Georges",FRA,Men,four-oared shell with coxswain (4-),M,Silver
Paris,1900,Rowing,Rowing,"PERRIN, Charles",FRA,Men,four-oared shell with coxswain (4-),M,Silver
Paris,1900,Rowing,Rowing,"SOUBEYRAN, Daniel",FRA,Men,four-oared shell with coxswain (4-),M,Silver
Paris,1900,Rowing,Rowing,"TERWOGT, Johannes Hester Lambertus",NED,Men,four-oared shell with coxswain (4-),M,Silver
Paris,1900,Rowing,Rowing,"WEGELIN, Emile",FRA,Men,four-oared shell with coxswain (4-),M,Silver
Paris,1900,Rowing,Rowing,"DELTOUR, Carlos",FRA,Men,pair-oared shell with coxswain (2+),M,Bronze
Paris,1900,Rowing,Rowing,"PAOLI, Raoul",FRA,Men,pair-oared shell with coxswain (2+),M,Bronze
Paris,1900,Rowing,Rowing,"VEDRENNE, Antoine Erneste",FRA,Men,pair-oared shell with coxswain (2+),M,Bronze
Paris,1900,Rowing,Rowing,"BRANDT, Francois Antoine",ZZX,Men,pair-oared shell with coxswain (2+),M,Gold
Paris,1900,Rowing,Rowing,"BROCKMANN, Hermanus Gerardus",ZZX,Men,pair-oared shell with coxswain (2+),M,Gold
Paris,1900,Rowing,Rowing,"KLEIN, Roelof",ZZX,Men,pair-oared shell with coxswain (2+),M,Gold
Paris,1900,Rowing,Rowing,"MARTINET, Louis",FRA,Men,pair-oared shell with coxswain (2+),M,Silver
Paris,1900,Rowing,Rowing,UNKNOWN COX / BARREUR INCONNU,FRA,Men,pair-oared shell with coxswain (2+),M,Silver
Paris,1900,Rowing,Rowing,WALEFF,FRA,Men,pair-oared shell with coxswain (2+),M,Silver
Paris,1900,Rowing,Rowing,"ASHE, Saint-George",GBR,Men,single sculls (1x),M,Bronze
