Los Angeles,1932,Fencing,Fencing,"AGOSTONI, Carlo",ITA,Men,épée individual,M,Bronze
Los Angeles,1932,Fencing,Fencing,"CORNAGGIA-MEDICI, Giancarlo C.",ITA,Men,épée individual,M,Gold
Los Angeles,1932,Fencing,Fencing,"BUCHARD, Georges",FRA,Men,épée individual,M,Silver
Los Angeles,1932,Fencing,Fencing,"CALNAN, George Charles",USA,Men,épée team,M,Bronze
Los Angeles,1932,Fencing,Fencing,"DE CAPRILES, Miguel Angel",USA,Men,épée team,M,Bronze
Los Angeles,1932,Fencing,Fencing,"HEISS, Gustave Marinius",USA,Men,épée team,M,Bronze
Los Angeles,1932,Fencing,Fencing,"JAECKEL, Tracy",USA,Men,épée team,M,Bronze
Los Angeles,1932,Fencing,Fencing,"RIGHEIMER, Frank Stahl Jr.",USA,Men,épée team,M,Bronze
Los Angeles,1932,Fencing,Fencing,"SHEARS, Curtis Charles",USA,Men,épée team,M,Bronze
Los Angeles,1932,Fencing,Fencing,"BUCHARD, Georges",FRA,Men,épée team,M,Gold
Los Angeles,1932,Fencing,Fencing,"CATTIAU, Philippe",FRA,Men,épée team,M,Gold
Los Angeles,1932,Fencing,Fencing,"JOURDANT, Fernand",FRA,Men,épée team,M,Gold
Los Angeles,1932,Fencing,Fencing,"PIOT, Jean",FRA,Men,épée team,M,Gold
Los Angeles,1932,Fencing,Fencing,"SCHMETZ, Bernard",FRA,Men,épée team,M,Gold
Los Angeles,1932,Fencing,Fencing,"TAINTURIER, Georges",FRA,Men,épée team,M,Gold
Los Angeles,1932,Fencing,Fencing,"AGOSTONI, Carlo",ITA,Men,épée team,M,Silver
Los Angeles,1932,Fencing,Fencing,"CORNAGGIA-MEDICI, Giancarlo C.",ITA,Men,épée team,M,Silver
Los Angeles,1932,Fencing,Fencing,"MINOLI, Renzo",ITA,Men,épée team,M,Silver
Los Angeles,1932,Fencing,Fencing,"RAGNO, Saverio",ITA,Men,épée team,M,Silver
Los Angeles,1932,Fencing,Fencing,"RICCARDI, Franco",ITA,Men,épée team,M,Silver
Los Angeles,1932,Fencing,Fencing,"GAUDINI, Giulio",ITA,Men,foil individual,M,Bronze
Los Angeles,1932,Fencing,Fencing,"MARZI, Gustavo",ITA,Men,foil individual,M,Gold
Los Angeles,1932,Fencing,Fencing,"LEVIS, Joseph L.",USA,Men,foil individual,M,Silver
Los Angeles,1932,Fencing,Fencing,"BOGEN, Erna",HUN,Women,foil individual,W,Bronze
Los Angeles,1932,Fencing,Fencing,"PREIS-MÜLLER, Ellen S.",AUT,Women,foil individual,W,Gold
Los Angeles,1932,Fencing,Fencing,"GUINNESS, Heather Seymour",GBR,Women,foil individual,W,Silver
Los Angeles,1932,Fencing,Fencing,"ALESSANDRONI, Hugh Vincent",USA,Men,foil team,M,Bronze
Los Angeles,1932,Fencing,Fencing,"CALNAN, George Charles",USA,Men,foil team,M,Bronze
Los Angeles,1932,Fencing,Fencing,"EVERY, Dernell",USA,Men,foil team,M,Bronze
Los Angeles,1932,Fencing,Fencing,"LEVIS, Joseph L.",USA,Men,foil team,M,Bronze
Los Angeles,1932,Fencing,Fencing,"RIGHEIMER, Frank Stahl Jr.",USA,Men,foil team,M,Bronze
Los Angeles,1932,Fencing,Fencing,"STEERE, Richard Clarke",USA,Men,foil team,M,Bronze
Los Angeles,1932,Fencing,Fencing,"BONDOUX, René",FRA,Men,foil team,M,Gold
Los Angeles,1932,Fencing,Fencing,"BOUGNOL, René",FRA,Men,foil team,M,Gold
Los Angeles,1932,Fencing,Fencing,"CATTIAU, Philippe",FRA,Men,foil team,M,Gold
Los Angeles,1932,Fencing,Fencing,"GARDERE, Edouard",FRA,Men,foil team,M,Gold
Los Angeles,1932,Fencing,Fencing,"LEMOINE, René",FRA,Men,foil team,M,Gold
Los Angeles,1932,Fencing,Fencing,"PIOT, Jean",FRA,Men,foil team,M,Gold
Los Angeles,1932,Fencing,Fencing,"GAUDINI, Giulio",ITA,Men,foil team,M,Silver
Los Angeles,1932,Fencing,Fencing,"GUARAGNA, Gioachino",ITA,Men,foil team,M,Silver
Los Angeles,1932,Fencing,Fencing,"MARZI, Gustavo",ITA,Men,foil team,M,Silver
Los Angeles,1932,Fencing,Fencing,"PESSINA, Giorgio",ITA,Men,foil team,M,Silver
Los Angeles,1932,Fencing,Fencing,"PIGNOTTI, Ugo",ITA,Men,foil team,M,Silver
Los Angeles,1932,Fencing,Fencing,"TERLIZZI, Rodolfo",ITA,Men,foil team,M,Silver
Los Angeles,1932,Fencing,Fencing,"KABOS, Endre",HUN,Men,sabre individual,M,Bronze
Los Angeles,1932,Fencing,Fencing,"PILLER JEKELFALUSSY, György",HUN,Men,sabre individual,M,Gold
Los Angeles,1932,Fencing,Fencing,"GAUDINI, Giulio",ITA,Men,sabre individual,M,Silver
Los Angeles,1932,Fencing,Fencing,"DOBROWOLSKI, Wladyslaw",POL,Men,sabre team,M,Bronze
Los Angeles,1932,Fencing,Fencing,"FRIEDRICH, Tadeusz",POL,Men,sabre team,M,Bronze
Los Angeles,1932,Fencing,Fencing,"LUBICZ-NYCZ, Leszek",POL,Men,sabre team,M,Bronze
Los Angeles,1932,Fencing,Fencing,"PAPÉE, Adam",POL,Men,sabre team,M,Bronze
Los Angeles,1932,Fencing,Fencing,"SEGDA, Wladyslaw",POL,Men,sabre team,M,Bronze
Los Angeles,1932,Fencing,Fencing,"SUSKI, Marian",POL,Men,sabre team,M,Bronze
Los Angeles,1932,Fencing,Fencing,"GEREVICH, Aladar",HUN,Men,sabre team,M,Gold
Los Angeles,1932,Fencing,Fencing,"GLYKAIS, Gyula",HUN,Men,sabre team,M,Gold
Los Angeles,1932,Fencing,Fencing,"KABOS, Endre",HUN,Men,sabre team,M,Gold
Los Angeles,1932,Fencing,Fencing,"NAGY, Erno",HUN,Men,sabre team,M,Gold
Los Angeles,1932,Fencing,Fencing,"PETSCHAUER, Attila",HUN,Men,sabre team,M,Gold
Los Angeles,1932,Fencing,Fencing,"PILLER JEKELFALUSSY, György",HUN,Men,sabre team,M,Gold
Los Angeles,1932,Fencing,Fencing,"ANSELMI, Renato",ITA,Men,sabre team,M,Silver
Los Angeles,1932,Fencing,Fencing,"DE VECCHI, Arturo",ITA,Men,sabre team,M,Silver
Los Angeles,1932,Fencing,Fencing,"GAUDINI, Giulio",ITA,Men,sabre team,M,Silver
Los Angeles,1932,Fencing,Fencing,"MARZI, Gustavo",ITA,Men,sabre team,M,Silver
Los Angeles,1932,Fencing,Fencing,"PIGNOTTI, Ugo",ITA,Men,sabre team,M,Silver
Los Angeles,1932,Fencing,Fencing,"SALAFIA, Emilio",ITA,Men,sabre team,M,Silver
Los Angeles,1932,Gymnastics,Artistic G.,"LERTORA, Mario",ITA,Men,floor exercises,M,Bronze
Los Angeles,1932,Gymnastics,Artistic G.,"PELLE, István",HUN,Men,floor exercises,M,Gold
Los Angeles,1932,Gymnastics,Artistic G.,"MIEZ, Georges",SUI,Men,floor exercises,M,Silver
Los Angeles,1932,Gymnastics,Artistic G.,"TERÄSVIRTA, Einari Allan",FIN,Men,horizontal bar,M,Bronze
Los Angeles,1932,Gymnastics,Artistic G.,"BIXLER, Dallas Denver",USA,Men,horizontal bar,M,Gold
Los Angeles,1932,Gymnastics,Artistic G.,"SAVOLAINEN, Heikki",FIN,Men,horizontal bar,M,Silver
Los Angeles,1932,Gymnastics,Artistic G.,"KUHLEMEIER, William Harmon",USA,Men,indian clubs,M,Bronze
Los Angeles,1932,Gymnastics,Artistic G.,"ROTH, George Helm",USA,Men,indian clubs,M,Gold
Los Angeles,1932,Gymnastics,Artistic G.,"ERENBERG, Philip Richard",USA,Men,indian clubs,M,Silver
Los Angeles,1932,Gymnastics,Artistic G.,"SAVOLAINEN, Heikki",FIN,Men,individual all-round,M,Bronze
Los Angeles,1932,Gymnastics,Artistic G.,"NERI, Romeo",ITA,Men,individual all-round,M,Gold
Los Angeles,1932,Gymnastics,Artistic G.,"PELLE, István",HUN,Men,individual all-round,M,Silver
Los Angeles,1932,Gymnastics,Artistic G.,"SAVOLAINEN, Heikki",FIN,Men,parallel bars,M,Bronze
Los Angeles,1932,Gymnastics,Artistic G.,"NERI, Romeo",ITA,Men,parallel bars,M,Gold
Los Angeles,1932,Gymnastics,Artistic G.,"PELLE, István",HUN,Men,parallel bars,M,Silver
Los Angeles,1932,Gymnastics,Artistic G.,"HAUBOLD, Frank Otto",USA,Men,pommel horse,M,Bronze
Los Angeles,1932,Gymnastics,Artistic G.,"PELLE, István",HUN,Men,pommel horse,M,Gold
Los Angeles,1932,Gymnastics,Artistic G.,"BONOLI, Omero",ITA,Men,pommel horse,M,Silver
Los Angeles,1932,Gymnastics,Artistic G.,"LATTUADA, Giovanni",ITA,Men,rings,M,Bronze
Los Angeles,1932,Gymnastics,Artistic G.,"GULACK, George Julius",USA,Men,rings,M,Gold
Los Angeles,1932,Gymnastics,Artistic G.,"DENTON, William Thomas",USA,Men,rings,M,Silver
Los Angeles,1932,Gymnastics,Artistic G.,"CONNELLY, Thomas Francis Jr.",USA,Men,rope climbing,M,Bronze
Los Angeles,1932,Gymnastics,Artistic G.,"BASS, Raymond Henry",USA,Men,rope climbing,M,Gold
Los Angeles,1932,Gymnastics,Artistic G.,"GALBRAITH, William Jackson",USA,Men,rope climbing,M,Silver
Los Angeles,1932,Gymnastics,Artistic G.,"NYBERG-NOROMA, Mauri Kalervo",FIN,Men,team competition,M,Bronze
Los Angeles,1932,Gymnastics,Artistic G.,"PAKARINEN, Veikko Ilmari",FIN,Men,team competition,M,Bronze
Los Angeles,1932,Gymnastics,Artistic G.,"SAVOLAINEN, Heikki",FIN,Men,team competition,M,Bronze
Los Angeles,1932,Gymnastics,Artistic G.,"TERÄSVIRTA, Einari Allan",FIN,Men,team competition,M,Bronze
Los Angeles,1932,Gymnastics,Artistic G.,"UOSIKKINEN, Martti",FIN,Men,team competition,M,Bronze
Los Angeles,1932,Gymnastics,Artistic G.,"CAPUZZO, Oreste",ITA,Men,team competition,M,Gold
Los Angeles,1932,Gymnastics,Artistic G.,"GUGLIELMETTI, Savino",ITA,Men,team competition,M,Gold
Los Angeles,1932,Gymnastics,Artistic G.,"LERTORA, Mario",ITA,Men,team competition,M,Gold
Los Angeles,1932,Gymnastics,Artistic G.,"NERI, Romeo",ITA,Men,team competition,M,Gold
Los Angeles,1932,Gymnastics,Artistic G.,"TOGNINI, Franco",ITA,Men,team competition,M,Gold
Los Angeles,1932,Gymnastics,Artistic G.,"CUMISKEY, Frank Joseph",USA,Men,team competition,M,Silver
Los Angeles,1932,Gymnastics,Artistic G.,"HAUBOLD, Frank Otto",USA,Men,team competition,M,Silver
Los Angeles,1932,Gymnastics,Artistic G.,"JOCHIM, Alfred",USA,Men,team competition,M,Silver
Los Angeles,1932,Gymnastics,Artistic G.,"MEYER, Frederick H.",USA,Men,team competition,M,Silver
Los Angeles,1932,Gymnastics,Artistic G.,"SCHULER, Michael",USA,Men,team competition,M,Silver
Los Angeles,1932,Gymnastics,Artistic G.,"HERRMANN, William John",USA,Men,tumbling,M,Bronze
Los Angeles,1932,Gymnastics,Artistic G.,"WOLFE, Rowland",USA,Men,tumbling,M,Gold
Los Angeles,1932,Gymnastics,Artistic G.,"GROSS, Edward",USA,Men,tumbling,M,Silver
Los Angeles,1932,Gymnastics,Artistic G.,"CARMICHAEL, Edward",USA,Men,vault,M,Bronze
Los Angeles,1932,Gymnastics,Artistic G.,"GUGLIELMETTI, Savino",ITA,Men,vault,M,Gold
Los Angeles,1932,Gymnastics,Artistic G.,"JOCHIM, Alfred",USA,Men,vault,M,Silver
Los Angeles,1932,Hockey,Hockey,"BODDINGTON, William Westcott",USA,Men,hockey,M,Bronze
Los Angeles,1932,Hockey,Hockey,"BREWSTER, Harold S.",USA,Men,hockey,M,Bronze
Los Angeles,1932,Hockey,Hockey,"DEACON, Amos R.Little",USA,Men,hockey,M,Bronze
Los Angeles,1932,Hockey,Hockey,"DISSTON, Horace Cumberland",USA,Men,hockey,M,Bronze
Los Angeles,1932,Hockey,Hockey,"EWING, Samuel Evans Jr.",USA,Men,hockey,M,Bronze
Los Angeles,1932,Hockey,Hockey,"GENTLE, James Cuthbert",USA,Men,hockey,M,Bronze
Los Angeles,1932,Hockey,Hockey,"GREER, Henry Kirk",USA,Men,hockey,M,Bronze
Los Angeles,1932,Hockey,Hockey,"KNAPP, Lawrence A.",USA,Men,hockey,M,Bronze
Los Angeles,1932,Hockey,Hockey,"MCMULLIN, David III.",USA,Men,hockey,M,Bronze
Los Angeles,1932,Hockey,Hockey,"O'BRIEN, Leonard Francis",USA,Men,hockey,M,Bronze
Los Angeles,1932,Hockey,Hockey,"SHEAFFER, Charles Miller",USA,Men,hockey,M,Bronze
Los Angeles,1932,Hockey,Hockey,"WOLTERS, Frederick Stanley",USA,Men,hockey,M,Bronze
Los Angeles,1932,Hockey,Hockey,"BAIS, Dhyan Chand",IND,Men,hockey,M,Gold
Los Angeles,1932,Hockey,Hockey,"BAIS, Roop Singh",IND,Men,hockey,M,Gold
Los Angeles,1932,Hockey,Hockey,"BOKHARI, Lal Shah",IND,Men,hockey,M,Gold
Los Angeles,1932,Hockey,Hockey,"CARR, Richard John",IND,Men,hockey,M,Gold
Los Angeles,1932,Hockey,Hockey,"HAMMOND, Leslie Charles",IND,Men,hockey,M,Gold
Los Angeles,1932,Hockey,Hockey,"HIND, Arthur Charles",IND,Men,hockey,M,Gold
Los Angeles,1932,Hockey,Hockey,"JAFFAR, Sayed Mohomed",IND,Men,hockey,M,Gold
Los Angeles,1932,Hockey,Hockey,"MINHAS, Masud Ali Khan",IND,Men,hockey,M,Gold
Los Angeles,1932,Hockey,Hockey,"PINNIGER, Broome Eric",IND,Men,hockey,M,Gold
Los Angeles,1932,Hockey,Hockey,"SINGH KULLAR, Gurmit",IND,Men,hockey,M,Gold
Los Angeles,1932,Hockey,Hockey,"TAPSELL, Carlyle Carrol",IND,Men,hockey,M,Gold
Los Angeles,1932,Hockey,Hockey,"HAMADA, Shunkichi",JPN,Men,hockey,M,Silver
Los Angeles,1932,Hockey,Hockey,"INOHARA, Junzo",JPN,Men,hockey,M,Silver
Los Angeles,1932,Hockey,Hockey,"KOBAYASHI, Sadayoshi",JPN,Men,hockey,M,Silver
Los Angeles,1932,Hockey,Hockey,"KON, Haruhiko",JPN,Men,hockey,M,Silver
Los Angeles,1932,Hockey,Hockey,"KONISHI, Kenichi",JPN,Men,hockey,M,Silver
Los Angeles,1932,Hockey,Hockey,"NAGATA, Hiroshi",JPN,Men,hockey,M,Silver
Los Angeles,1932,Hockey,Hockey,"NAKAMURA, Eiichi",JPN,Men,hockey,M,Silver
Los Angeles,1932,Hockey,Hockey,"SAKAI, Yoshio",JPN,Men,hockey,M,Silver
Los Angeles,1932,Hockey,Hockey,"SHIBATA, Katsumi",JPN,Men,hockey,M,Silver
Los Angeles,1932,Hockey,Hockey,"SODA, Akio",JPN,Men,hockey,M,Silver
Los Angeles,1932,Hockey,Hockey,"USAMI, Toshio",JPN,Men,hockey,M,Silver
Los Angeles,1932,Modern Pentathlon,Modern Pentath.,"MAYO, Richard Walden",USA,Men,Individual competition,M,Bronze
Los Angeles,1932,Modern Pentathlon,Modern Pentath.,"OXENSTIERNA, Johan Gabriel",SWE,Men,Individual competition,M,Gold
Los Angeles,1932,Modern Pentathlon,Modern Pentath.,"LINDMAN, Bo Sigfrid Gabriel",SWE,Men,Individual competition,M,Silver
Los Angeles,1932,Rowing,Rowing,"BUDZINSKI, Henryk",POL,Men,coxless pair (2-),M,Bronze
Los Angeles,1932,Rowing,Rowing,"KRENZ-MIKOLAJCZAK, Janusz",POL,Men,coxless pair (2-),M,Bronze
Los Angeles,1932,Rowing,Rowing,"CLIVE, Lewis",GBR,Men,coxless pair (2-),M,Gold
Los Angeles,1932,Rowing,Rowing,"EDWARDS, Hugh",GBR,Men,coxless pair (2-),M,Gold
Los Angeles,1932,Rowing,Rowing,"STILES, Cyril Alec",NZL,Men,coxless pair (2-),M,Silver
Los Angeles,1932,Rowing,Rowing,"THOMPSON, Fred Houghton",NZL,Men,coxless pair (2-),M,Silver
Los Angeles,1932,Rowing,Rowing,"DE MILLE, Noel",CAN,Men,double sculls (2x),M,Bronze
Los Angeles,1932,Rowing,Rowing,"PRATT, Charles E.",CAN,Men,double sculls (2x),M,Bronze
Los Angeles,1932,Rowing,Rowing,"GILMORE, Williams  E.Garrett",USA,Men,double sculls (2x),M,Gold
Los Angeles,1932,Rowing,Rowing,"MYERS, Kenneth",USA,Men,double sculls (2x),M,Gold
Los Angeles,1932,Rowing,Rowing,"BOETZELEN, Gerhard",GER,Men,double sculls (2x),M,Silver
Los Angeles,1932,Rowing,Rowing,"BUHTZ, Herbert",GER,Men,double sculls (2x),M,Silver
Los Angeles,1932,Rowing,Rowing,"BOAL, Donald G.",CAN,Men,eight with coxswain (8+),M,Bronze
Los Angeles,1932,Rowing,Rowing,"EASTWOOD, Earl",CAN,Men,eight with coxswain (8+),M,Bronze
Los Angeles,1932,Rowing,Rowing,"FRY, Harry Britain",CAN,Men,eight with coxswain (8+),M,Bronze
Los Angeles,1932,Rowing,Rowing,"HARRIS, Joseph John",CAN,Men,eight with coxswain (8+),M,Bronze
Los Angeles,1932,Rowing,Rowing,"LIDDELL, Cedric Haswell",CAN,Men,eight with coxswain (8+),M,Bronze
Los Angeles,1932,Rowing,Rowing,"MAC DONALD, George Leslie",CAN,Men,eight with coxswain (8+),M,Bronze
Los Angeles,1932,Rowing,Rowing,"STANYAR, Stanley",CAN,Men,eight with coxswain (8+),M,Bronze
Los Angeles,1932,Rowing,Rowing,"TAYLOR, Albert",CAN,Men,eight with coxswain (8+),M,Bronze
Los Angeles,1932,Rowing,Rowing,"THOBURN, William",CAN,Men,eight with coxswain (8+),M,Bronze
Los Angeles,1932,Rowing,Rowing,"BLAIR, James Howard",USA,Men,eight with coxswain (8+),M,Gold
Los Angeles,1932,Rowing,Rowing,"CHANDLER, Charles",USA,Men,eight with coxswain (8+),M,Gold
Los Angeles,1932,Rowing,Rowing,"DUNLAP, David Coombs",USA,Men,eight with coxswain (8+),M,Gold
Los Angeles,1932,Rowing,Rowing,"GRAHAM, Norris James",USA,Men,eight with coxswain (8+),M,Gold
Los Angeles,1932,Rowing,Rowing,"GREGG, Duncan Smith",USA,Men,eight with coxswain (8+),M,Gold
Los Angeles,1932,Rowing,Rowing,"HALL, Winslow William",USA,Men,eight with coxswain (8+),M,Gold
Los Angeles,1932,Rowing,Rowing,"JASTRAM, Burton Albert",USA,Men,eight with coxswain (8+),M,Gold
Los Angeles,1932,Rowing,Rowing,"SALISBURY, Edwin Lyle",USA,Men,eight with coxswain (8+),M,Gold
Los Angeles,1932,Rowing,Rowing,"TOWER, Harold",USA,Men,eight with coxswain (8+),M,Gold
Los Angeles,1932,Rowing,Rowing,"BALLERI, Mario",ITA,Men,eight with coxswain (8+),M,Silver
Los Angeles,1932,Rowing,Rowing,"BARBIERI, Renato",ITA,Men,eight with coxswain (8+),M,Silver
Los Angeles,1932,Rowing,Rowing,"BARSOTTI, Dino",ITA,Men,eight with coxswain (8+),M,Silver
Los Angeles,1932,Rowing,Rowing,"BRACCI, Renato",ITA,Men,eight with coxswain (8+),M,Silver
Los Angeles,1932,Rowing,Rowing,"CIONI, Vittorio",ITA,Men,eight with coxswain (8+),M,Silver
Los Angeles,1932,Rowing,Rowing,"DEL BIMBO, Guglielmo",ITA,Men,eight with coxswain (8+),M,Silver
Los Angeles,1932,Rowing,Rowing,"GARZELLI, Enrico",ITA,Men,eight with coxswain (8+),M,Silver
Los Angeles,1932,Rowing,Rowing,"MILANI, Cesare",ITA,Men,eight with coxswain (8+),M,Silver
Los Angeles,1932,Rowing,Rowing,"VESTRINI, Roberto",ITA,Men,eight with coxswain (8+),M,Silver
Los Angeles,1932,Rowing,Rowing,"COSSU, Francesco",ITA,Men,four without coxswain (4-),M,Bronze
Los Angeles,1932,Rowing,Rowing,"D, Giliante",ITA,Men,four without coxswain (4-),M,Bronze
Los Angeles,1932,Rowing,Rowing,"GHIARDELLO, Antonio",ITA,Men,four without coxswain (4-),M,Bronze
Los Angeles,1932,Rowing,Rowing,"PROVENZANI GARZONI, Antonio",ITA,Men,four without coxswain (4-),M,Bronze
Los Angeles,1932,Rowing,Rowing,"BADCOCK, John Charles",GBR,Men,four without coxswain (4-),M,Gold
Los Angeles,1932,Rowing,Rowing,"BERESFORD, Jack",GBR,Men,four without coxswain (4-),M,Gold
Los Angeles,1932,Rowing,Rowing,"EDWARDS, Hugh",GBR,Men,four without coxswain (4-),M,Gold
Los Angeles,1932,Rowing,Rowing,"GEORGE, Rowland David",GBR,Men,four without coxswain (4-),M,Gold
Los Angeles,1932,Rowing,Rowing,"ALETTER, Karl",GER,Men,four without coxswain (4-),M,Silver
Los Angeles,1932,Rowing,Rowing,"FLINSCH, Walter",GER,Men,four without coxswain (4-),M,Silver
Los Angeles,1932,Rowing,Rowing,"GABER, Ernst",GER,Men,four without coxswain (4-),M,Silver
Los Angeles,1932,Rowing,Rowing,"MAIER, Hans",GER,Men,four without coxswain (4-),M,Silver
Los Angeles,1932,Rowing,Rowing,"BRAUN, Jerzy",POL,Men,four-oared shell with coxswain (4-),M,Bronze
Los Angeles,1932,Rowing,Rowing,"KOBYLINSKI, Edward",POL,Men,four-oared shell with coxswain (4-),M,Bronze
Los Angeles,1932,Rowing,Rowing,"SKOLIMOWSKI, Jerzy",POL,Men,four-oared shell with coxswain (4-),M,Bronze
Los Angeles,1932,Rowing,Rowing,"SLAZAK, Janusz",POL,Men,four-oared shell with coxswain (4-),M,Bronze
Los Angeles,1932,Rowing,Rowing,"URBAN, Stanislaw",POL,Men,four-oared shell with coxswain (4-),M,Bronze
Los Angeles,1932,Rowing,Rowing,"ELLER, Hans",GER,Men,four-oared shell with coxswain (4-),M,Gold
Los Angeles,1932,Rowing,Rowing,"HOECK, Horst",GER,Men,four-oared shell with coxswain (4-),M,Gold
Los Angeles,1932,Rowing,Rowing,"MEYER, Walter",GER,Men,four-oared shell with coxswain (4-),M,Gold
Los Angeles,1932,Rowing,Rowing,"NEUMANN, Karl-Heinz",GER,Men,four-oared shell with coxswain (4-),M,Gold
Los Angeles,1932,Rowing,Rowing,"SPREMBERG, Joachim",GER,Men,four-oared shell with coxswain (4-),M,Gold
Los Angeles,1932,Rowing,Rowing,"DIVORA, Riccardo",ITA,Men,four-oared shell with coxswain (4-),M,Silver
Los Angeles,1932,Rowing,Rowing,"PAROVEL, Bruno",ITA,Men,four-oared shell with coxswain (4-),M,Silver
Los Angeles,1932,Rowing,Rowing,"PLAZZER, Giovanni",ITA,Men,four-oared shell with coxswain (4-),M,Silver
Los Angeles,1932,Rowing,Rowing,"SCHER, Giorgio",ITA,Men,four-oared shell with coxswain (4-),M,Silver
Los Angeles,1932,Rowing,Rowing,"VATTOVAZ, Bruno",ITA,Men,four-oared shell with coxswain (4-),M,Silver
Los Angeles,1932,Rowing,Rowing,"BRUNET, Pierre",FRA,Men,pair-oared shell with coxswain (2+),M,Bronze
Los Angeles,1932,Rowing,Rowing,"BRUSA, Anselme",FRA,Men,pair-oared shell with coxswain (2+),M,Bronze
Los Angeles,1932,Rowing,Rowing,"GIRIAT, Andre",FRA,Men,pair-oared shell with coxswain (2+),M,Bronze
Los Angeles,1932,Rowing,Rowing,"JENNINGS, Edward Francis",USA,Men,pair-oared shell with coxswain (2+),M,Gold
Los Angeles,1932,Rowing,Rowing,"KIEFFER, Charles M.",USA,Men,pair-oared shell with coxswain (2+),M,Gold
Los Angeles,1932,Rowing,Rowing,"SCHAUERS, Joseph Anthony",USA,Men,pair-oared shell with coxswain (2+),M,Gold
Los Angeles,1932,Rowing,Rowing,"BRAUN, Jerzy",POL,Men,pair-oared shell with coxswain (2+),M,Silver
Los Angeles,1932,Rowing,Rowing,"SKOLIMOWSKI, Jerzy",POL,Men,pair-oared shell with coxswain (2+),M,Silver
Los Angeles,1932,Rowing,Rowing,"SLAZAK, Janusz",POL,Men,pair-oared shell with coxswain (2+),M,Silver
Los Angeles,1932,Rowing,Rowing,"DOUGLAS, Guillermo",URU,Men,single sculls (1x),M,Bronze
Los Angeles,1932,Rowing,Rowing,"PEARCE, Henry Robert",AUS,Men,single sculls (1x),M,Gold
Los Angeles,1932,Rowing,Rowing,"MILLER, William G.",USA,Men,single sculls (1x),M,Silver
Los Angeles,1932,Sailing,Sailing,"BOULTBEE, Gardner",CAN,Men,6m,X,Bronze
Los Angeles,1932,Sailing,Sailing,"GLASS, Kenneth",CAN,Men,6m,X,Bronze
Los Angeles,1932,Sailing,Sailing,"ROGERS, Philip T.",CAN,Men,6m,X,Bronze
Los Angeles,1932,Sailing,Sailing,"WILSON, Gerald",CAN,Men,6m,X,Bronze
Los Angeles,1932,Sailing,Sailing,"AKERLUND, Olle",SWE,Men,6m,X,Gold
Los Angeles,1932,Sailing,Sailing,"BERGQVIST, Ake",SWE,Men,6m,X,Gold
Los Angeles,1932,Sailing,Sailing,"HINDORFF, Martin",SWE,Men,6m,X,Gold
Los Angeles,1932,Sailing,Sailing,"HOLM, Tore",SWE,Men,6m,X,Gold
Los Angeles,1932,Sailing,Sailing,"ASHBROOK, Temple W.",USA,Men,6m,X,Silver
Los Angeles,1932,Sailing,Sailing,"CARLSON, Robert",USA,Men,6m,X,Silver
Los Angeles,1932,Sailing,Sailing,"CONANT, Frederic Warren",USA,Men,6m,X,Silver
Los Angeles,1932,Sailing,Sailing,"DAVIS, Emmett S.",USA,Men,6m,X,Silver
Los Angeles,1932,Sailing,Sailing,"DOUGLAS, Donald Willis Jr.",USA,Men,6m,X,Silver
Los Angeles,1932,Sailing,Sailing,"SMITH, Charles E.",USA,Men,6m,X,Silver
Los Angeles,1932,Sailing,Sailing,"BIBY, John Edward Jr.",USA,Men,8m,X,Gold
Los Angeles,1932,Sailing,Sailing,"BURNAND, Alphonse A.,Jr.",USA,Men,8m,X,Gold
Los Angeles,1932,Sailing,Sailing,"CAREY, Kenneth A.",USA,Men,8m,X,Gold
Los Angeles,1932,Sailing,Sailing,"CHURCHILL, Owen Porter",USA,Men,8m,X,Gold
Los Angeles,1932,Sailing,Sailing,"COOPER, William H.",USA,Men,8m,X,Gold
Los Angeles,1932,Sailing,Sailing,"DAVIS, Pierpont",USA,Men,8m,X,Gold
Los Angeles,1932,Sailing,Sailing,"DORSEY, Carl James",USA,Men,8m,X,Gold
Los Angeles,1932,Sailing,Sailing,"HUETTNER, John E.",USA,Men,8m,X,Gold
Los Angeles,1932,Sailing,Sailing,"MOORE, Richard",USA,Men,8m,X,Gold
Los Angeles,1932,Sailing,Sailing,"MORGAN, Alan C.",USA,Men,8m,X,Gold
Los Angeles,1932,Sailing,Sailing,"SUTTON, Robert Mandel",USA,Men,8m,X,Gold
Los Angeles,1932,Sailing,Sailing,"WEBSTER, Thomas C.",USA,Men,8m,X,Gold
Los Angeles,1932,Sailing,Sailing,"CRIBB, Ernest F.",CAN,Men,8m,X,Silver
Los Angeles,1932,Sailing,Sailing,"GORDON, Peter D.",CAN,Men,8m,X,Silver
Los Angeles,1932,Sailing,Sailing,"GYLES, George F.",CAN,Men,8m,X,Silver
Los Angeles,1932,Sailing,Sailing,"JONES, Harry A.",CAN,Men,8m,X,Silver
Los Angeles,1932,Sailing,Sailing,"MAITLAND, Ronald Monteith",CAN,Men,8m,X,Silver
Los Angeles,1932,Sailing,Sailing,"WALLACE, Hubert Alfred",CAN,Men,8m,X,Silver
Los Angeles,1932,Sailing,Sailing,"AMAT CANSINO, Santiago",ESP,Men,olympic class monotype,X,Bronze
Los Angeles,1932,Sailing,Sailing,"LEBRUN, Jacques Baptiste",FRA,Men,olympic class monotype,X,Gold
Los Angeles,1932,Sailing,Sailing,"MAAS, Adriaan Lambertus Joseph",NED,Men,olympic class monotype,X,Silver
Los Angeles,1932,Sailing,Sailing,"ASTHER, Gunnar Anton Edvard",SWE,Men,two-person keelboat open (Star),X,Bronze
Los Angeles,1932,Sailing,Sailing,"SUNDÉN-CULLBERG, Daniel (Dan)",SWE,Men,two-person keelboat open (Star),X,Bronze
Los Angeles,1932,Sailing,Sailing,"GRAY, Gilbert T.",USA,Men,two-person keelboat open (Star),X,Gold
Los Angeles,1932,Sailing,Sailing,"LIBANO, Andrew J. Jr.",USA,Men,two-person keelboat open (Star),X,Gold
Los Angeles,1932,Sailing,Sailing,"JAFFE, Peter",GBR,Men,two-person keelboat open (Star),X,Silver
Los Angeles,1932,Sailing,Sailing,"RATSEY, George Colin",GBR,Men,two-person keelboat open (Star),X,Silver
Los Angeles,1932,Shooting,Shooting,"MATTEUCCI, Domenico",ITA,Men,25m rapid fire pistol (60 shots),M,Bronze
Los Angeles,1932,Shooting,Shooting,"MORIGI, Renzo",ITA,Men,25m rapid fire pistol (60 shots),M,Gold
Los Angeles,1932,Shooting,Shooting,"HAX, Heinz",GER,Men,25m rapid fire pistol (60 shots),M,Silver
Los Angeles,1932,Shooting,Shooting,"HRADETZKY-SOOS-RUSZKA, Zoltan",HUN,Men,50m rifle prone (60 shots),M,Bronze
Los Angeles,1932,Shooting,Shooting,"RÖNNMARK, Bertil Vilhelm",SWE,Men,50m rifle prone (60 shots),M,Gold
Los Angeles,1932,Shooting,Shooting,"HUET BOBADILLA, Gustavo",MEX,Men,50m rifle prone (60 shots),M,Silver
Los Angeles,1932,Weightlifting,Weightlifting,"TERLAZZO, Anthony",USA,Men,"- 60kg, total (featherweight)",M,Bronze
Los Angeles,1932,Weightlifting,Weightlifting,"SUVIGNY, Raymond",FRA,Men,"- 60kg, total (featherweight)",M,Gold
Los Angeles,1932,Weightlifting,Weightlifting,"WÖLPERT, Johannes (Hans)",GER,Men,"- 60kg, total (featherweight)",M,Silver
Los Angeles,1932,Weightlifting,Weightlifting,"STRASSBERGER, Josef",GER,Men,"+ 82.5kg, total (heavyweight)",M,Bronze
Los Angeles,1932,Weightlifting,Weightlifting,"SKOBLA, Jaroslav",TCH,Men,"+ 82.5kg, total (heavyweight)",M,Gold
Los Angeles,1932,Weightlifting,Weightlifting,"PSENICKA SR., Václav",TCH,Men,"+ 82.5kg, total (heavyweight)",M,Silver
Los Angeles,1932,Weightlifting,Weightlifting,"PIERINI, Gastone",ITA,Men,"60 - 67.5kg, total (lightweight)",M,Bronze
Los Angeles,1932,Weightlifting,Weightlifting,"DUVERGER, René",FRA,Men,"60 - 67.5kg, total (lightweight)",M,Gold
Los Angeles,1932,Weightlifting,Weightlifting,"HAAS, Hans",AUT,Men,"60 - 67.5kg, total (lightweight)",M,Silver
Los Angeles,1932,Weightlifting,Weightlifting,"HIPFINGER, Karl",AUT,Men,"67.5 - 75kg, total (middleweight)",M,Bronze
Los Angeles,1932,Weightlifting,Weightlifting,"ISMAYR, Rudolf",GER,Men,"67.5 - 75kg, total (middleweight)",M,Gold
Los Angeles,1932,Weightlifting,Weightlifting,"GALIMBERTI, Carlo",ITA,Men,"67.5 - 75kg, total (middleweight)",M,Silver
Los Angeles,1932,Weightlifting,Weightlifting,"DUEY, Henry Ludwig",USA,Men,"75 - 82.5kg, total (light-heavyweight)",M,Bronze
Los Angeles,1932,Weightlifting,Weightlifting,"HOSTIN, Louis",FRA,Men,"75 - 82.5kg, total (light-heavyweight)",M,Gold
Los Angeles,1932,Weightlifting,Weightlifting,"OLSEN, Svend Egil Benjamin",DEN,Men,"75 - 82.5kg, total (light-heavyweight)",M,Silver
Los Angeles,1932,Wrestling,Wrestling Free.,"JASKARI, Aatos Tuomas",FIN,Men,- 56kg (bantamweight),M,Bronze
Los Angeles,1932,Wrestling,Wrestling Free.,"PEARCE, Robert Edward",USA,Men,- 56kg (bantamweight),M,Gold
Los Angeles,1932,Wrestling,Wrestling Free.,"ZOMBORI, Ödön",HUN,Men,- 56kg (bantamweight),M,Silver
Los Angeles,1932,Wrestling,Wrestling Free.,"HIRSCHL, Nikolaus",AUT,Men,+ 87kg (heavyweight),M,Bronze
Los Angeles,1932,Wrestling,Wrestling Free.,"RICKTTOFF, Johan",SWE,Men,+ 87kg (heavyweight),M,Gold
Los Angeles,1932,Wrestling,Wrestling Free.,"RILEY, John Horn",USA,Men,+ 87kg (heavyweight),M,Silver
Los Angeles,1932,Wrestling,Wrestling Free.,"KARLSSON, Einar",SWE,Men,56 - 61kg (featherweight),M,Bronze
Los Angeles,1932,Wrestling,Wrestling Free.,"PIHLAJAMÄKI, Hermanni",FIN,Men,56 - 61kg (featherweight),M,Gold
Los Angeles,1932,Wrestling,Wrestling Free.,"NEMIR, Edgar",USA,Men,56 - 61kg (featherweight),M,Silver
Los Angeles,1932,Wrestling,Wrestling Free.,"KLARÉN, Gustaf",SWE,Men,61 - 66kg (lightweight),M,Bronze
Los Angeles,1932,Wrestling,Wrestling Free.,"PACÔME, Charles",FRA,Men,61 - 66kg (lightweight),M,Gold
Los Angeles,1932,Wrestling,Wrestling Free.,"KÁRPÁTI, Károly",HUN,Men,61 - 66kg (lightweight),M,Silver
Los Angeles,1932,Wrestling,Wrestling Free.,"LEINO, Eino Aukusti",FIN,Men,66 - 72kg (welterweight),M,Bronze
Los Angeles,1932,Wrestling,Wrestling Free.,"VAN BEBBER, Jack Francis",USA,Men,66 - 72kg (welterweight),M,Gold
Los Angeles,1932,Wrestling,Wrestling Free.,"MACDONALD, Daniel",CAN,Men,66 - 72kg (welterweight),M,Silver
Los Angeles,1932,Wrestling,Wrestling Free.,"TUNYOGI, Jozsef",HUN,Men,72 - 79kg (middleweight),M,Bronze
Los Angeles,1932,Wrestling,Wrestling Free.,"JOHANSSON, Ivar",SWE,Men,72 - 79kg (middleweight),M,Gold
Los Angeles,1932,Wrestling,Wrestling Free.,"LUUKKO, Kyösti Aukusti",FIN,Men,72 - 79kg (middleweight),M,Silver
Los Angeles,1932,Wrestling,Wrestling Free.,"SCARF, Richard Edward",AUS,Men,79 - 87kg (light-heavyweight),M,Bronze
Los Angeles,1932,Wrestling,Wrestling Free.,"MEHRINGER, Peter Joseph",USA,Men,79 - 87kg (light-heavyweight),M,Gold
Los Angeles,1932,Wrestling,Wrestling Free.,"SJÖSTEDT, Thure",SWE,Men,79 - 87kg (light-heavyweight),M,Silver
Los Angeles,1932,Wrestling,Wrestling Gre-R,"FRANCOIS, Louis",FRA,Men,- 56kg (bantamweight),M,Bronze
Los Angeles,1932,Wrestling,Wrestling Gre-R,"BRENDEL, Jacob",GER,Men,- 56kg (bantamweight),M,Gold
Los Angeles,1932,Wrestling,Wrestling Gre-R,"NIZZOLA, Marcello",ITA,Men,- 56kg (bantamweight),M,Silver
Los Angeles,1932,Wrestling,Wrestling Gre-R,"HIRSCHL, Nikolaus",AUT,Men,+ 87kg (super heavyweight),M,Bronze
Los Angeles,1932,Wrestling,Wrestling Gre-R,"WESTERGREN, Carl",SWE,Men,+ 87kg (super heavyweight),M,Gold
Los Angeles,1932,Wrestling,Wrestling Gre-R,"URBAN, Josef",TCH,Men,+ 87kg (super heavyweight),M,Silver
Los Angeles,1932,Wrestling,Wrestling Gre-R,"KOSKELA, Lauri",FIN,Men,56 - 61kg (featherweight),M,Bronze
Los Angeles,1932,Wrestling,Wrestling Gre-R,"GOZZI, Giovanni",ITA,Men,56 - 61kg (featherweight),M,Gold
Los Angeles,1932,Wrestling,Wrestling Gre-R,"EHRL, Wolfgang",GER,Men,56 - 61kg (featherweight),M,Silver
Los Angeles,1932,Wrestling,Wrestling Gre-R,"SPERLING, Eduard",GER,Men,61 - 66kg (lightweight),M,Bronze
Los Angeles,1932,Wrestling,Wrestling Gre-R,"MALMBERG, Eric",SWE,Men,61 - 66kg (lightweight),M,Gold
Los Angeles,1932,Wrestling,Wrestling Gre-R,"KURLAND, Abraham",DEN,Men,61 - 66kg (lightweight),M,Silver
Los Angeles,1932,Wrestling,Wrestling Gre-R,"GALLEGATI, Ercole",ITA,Men,66 - 72kg (welterweight),M,Bronze
Los Angeles,1932,Wrestling,Wrestling Gre-R,"JOHANSSON, Ivar",SWE,Men,66 - 72kg (welterweight),M,Gold
Los Angeles,1932,Wrestling,Wrestling Gre-R,"KAJANDER, Väinö",FIN,Men,66 - 72kg (welterweight),M,Silver
Los Angeles,1932,Wrestling,Wrestling Gre-R,"CADIER, Axel",SWE,Men,72 - 79kg (middleweight),M,Bronze
Los Angeles,1932,Wrestling,Wrestling Gre-R,"KOKKINEN, Väinö Anselmi",FIN,Men,72 - 79kg (middleweight),M,Gold
Los Angeles,1932,Wrestling,Wrestling Gre-R,"FÖLDEÁK, Jean",GER,Men,72 - 79kg (middleweight),M,Silver
Los Angeles,1932,Wrestling,Wrestling Gre-R,"GRUPPIONI, Mario",ITA,Men,79 - 87kg (light-heavyweight),M,Bronze
Los Angeles,1932,Wrestling,Wrestling Gre-R,"SVENSSON, Rudolf",SWE,Men,79 - 87kg (light-heavyweight),M,Gold
Los Angeles,1932,Wrestling,Wrestling Gre-R,"PELLINEN, Onni",FIN,Men,79 - 87kg (light-heavyweight),M,Silver
Berlin,1936,Aquatics,Diving,"STORK, Hermann",GER,Men,10m platform,M,Bronze
Berlin,1936,Aquatics,Diving,"WAYNE, Marshall",USA,Men,10m platform,M,Gold
Berlin,1936,Aquatics,Diving,"ROOT, Elbert Alonzo",USA,Men,10m platform,M,Silver
Berlin,1936,Aquatics,Diving,"KÖHLER, Käthe",GER,Women,10m platform,W,Bronze
Berlin,1936,Aquatics,Diving,"POYNTON-HILL, Dorothy",USA,Women,10m platform,W,Gold
Berlin,1936,Aquatics,Diving,"DUNN PLOESSEL, Velma Clancy",USA,Women,10m platform,W,Silver
Berlin,1936,Aquatics,Diving,"GREENE, Alan",USA,Men,3m springboard,M,Bronze
Berlin,1936,Aquatics,Diving,"DEGENER, Richard Kempster",USA,Men,3m springboard,M,Gold
Berlin,1936,Aquatics,Diving,"WAYNE, Marshall",USA,Men,3m springboard,M,Silver
Berlin,1936,Aquatics,Diving,"POYNTON-HILL, Dorothy",USA,Women,3m springboard,W,Bronze
Berlin,1936,Aquatics,Diving,"GESTRING, Marjorie",USA,Women,3m springboard,W,Gold
Berlin,1936,Aquatics,Diving,"RAWLS, Katherine Louise",USA,Women,3m springboard,W,Silver
Berlin,1936,Aquatics,Swimming,"KIYOKAWA, Masaji",JPN,Men,100m backstroke,M,Bronze
Berlin,1936,Aquatics,Swimming,"KIEFER, Adolph Gustav",USA,Men,100m backstroke,M,Gold
Berlin,1936,Aquatics,Swimming,"VAN DE WEGHE, Albert",USA,Men,100m backstroke,M,Silver
Berlin,1936,Aquatics,Swimming,"BRIDGES, Alice W.",USA,Women,100m backstroke,W,Bronze
Berlin,1936,Aquatics,Swimming,"SENFF, Dina Willemina Jacoba",NED,Women,100m backstroke,W,Gold
Berlin,1936,Aquatics,Swimming,"MASTENBROEK, Hendrika",NED,Women,100m backstroke,W,Silver
Berlin,1936,Aquatics,Swimming,"ARAI, Shigeo",JPN,Men,100m freestyle,M,Bronze
Berlin,1936,Aquatics,Swimming,"CSIK, Ferenc",HUN,Men,100m freestyle,M,Gold
Berlin,1936,Aquatics,Swimming,"YUSA, Masanori",JPN,Men,100m freestyle,M,Silver
Berlin,1936,Aquatics,Swimming,"ARENDT-JACOBS, Gisela",GER,Women,100m freestyle,W,Bronze
Berlin,1936,Aquatics,Swimming,"MASTENBROEK, Hendrika",NED,Women,100m freestyle,W,Gold
Berlin,1936,Aquatics,Swimming,"CAMPBELL, Jeanette Morven",ARG,Women,100m freestyle,W,Silver
Berlin,1936,Aquatics,Swimming,"UTO, Shunpei",JPN,Men,1500m freestyle,M,Bronze
Berlin,1936,Aquatics,Swimming,"TERADA, Noboru",JPN,Men,1500m freestyle,M,Gold
Berlin,1936,Aquatics,Swimming,"MEDICA, Jack C.",USA,Men,1500m freestyle,M,Silver
Berlin,1936,Aquatics,Swimming,"KOIKE, Reizo",JPN,Men,200m breaststroke,M,Bronze
Berlin,1936,Aquatics,Swimming,"HAMURO, Tetsuo",JPN,Men,200m breaststroke,M,Gold
Berlin,1936,Aquatics,Swimming,"SIETAS, Erwin",GER,Men,200m breaststroke,M,Silver
Berlin,1936,Aquatics,Swimming,"SÖRENSEN, Inge",DEN,Women,200m breaststroke,W,Bronze
Berlin,1936,Aquatics,Swimming,"MAEHATA, Hideko",JPN,Women,200m breaststroke,W,Gold
Berlin,1936,Aquatics,Swimming,"GENENGER, Martha",GER,Women,200m breaststroke,W,Silver
Berlin,1936,Aquatics,Swimming,"MAKINO, Shozo",JPN,Men,400m freestyle,M,Bronze
Berlin,1936,Aquatics,Swimming,"MEDICA, Jack C.",USA,Men,400m freestyle,M,Gold
Berlin,1936,Aquatics,Swimming,"UTO, Shunpei",JPN,Men,400m freestyle,M,Silver
Berlin,1936,Aquatics,Swimming,"KIGHT-WINGARD, Lenore",USA,Women,400m freestyle,W,Bronze
Berlin,1936,Aquatics,Swimming,"MASTENBROEK, Hendrika",NED,Women,400m freestyle,W,Gold
Berlin,1936,Aquatics,Swimming,"HVEGER, Ragnild Tove",DEN,Women,400m freestyle,W,Silver
Berlin,1936,Aquatics,Swimming,"FREEMAN, Mavis Anne",USA,Women,4x100m freestyle relay,W,Bronze
Berlin,1936,Aquatics,Swimming,"LAPP, Bernice Ruth",USA,Women,4x100m freestyle relay,W,Bronze
Berlin,1936,Aquatics,Swimming,"MCKEAN, Mary Olive",USA,Women,4x100m freestyle relay,W,Bronze
Berlin,1936,Aquatics,Swimming,"RAWLS, Katherine Louise",USA,Women,4x100m freestyle relay,W,Bronze
Berlin,1936,Aquatics,Swimming,"DEN OUDEN, Willemyntje (Willy)",NED,Women,4x100m freestyle relay,W,Gold
Berlin,1936,Aquatics,Swimming,"MASTENBROEK, Hendrika",NED,Women,4x100m freestyle relay,W,Gold
Berlin,1936,Aquatics,Swimming,"SELBACH, Johanna Katarina",NED,Women,4x100m freestyle relay,W,Gold
Berlin,1936,Aquatics,Swimming,"WAGNER, Catharina (Tini) Willemina",NED,Women,4x100m freestyle relay,W,Gold
Berlin,1936,Aquatics,Swimming,"ARENDT-JACOBS, Gisela",GER,Women,4x100m freestyle relay,W,Silver
Berlin,1936,Aquatics,Swimming,"HALBSGUTH, Ruth",GER,Women,4x100m freestyle relay,W,Silver
Berlin,1936,Aquatics,Swimming,"LOHMAR -HENZE, Maria Magdalene",GER,Women,4x100m freestyle relay,W,Silver
Berlin,1936,Aquatics,Swimming,"SCHMITZ, Ingeborg",GER,Women,4x100m freestyle relay,W,Silver
Berlin,1936,Aquatics,Swimming,"ABAY-NEMES, Oszkar",HUN,Men,4x200m freestyle relay,M,Bronze
Berlin,1936,Aquatics,Swimming,"CSIK, Ferenc",HUN,Men,4x200m freestyle relay,M,Bronze
Berlin,1936,Aquatics,Swimming,"GROF, Ödön",HUN,Men,4x200m freestyle relay,M,Bronze
Berlin,1936,Aquatics,Swimming,"LENGYEL, Arpad",HUN,Men,4x200m freestyle relay,M,Bronze
Berlin,1936,Aquatics,Swimming,"ARAI, Shigeo",JPN,Men,4x200m freestyle relay,M,Gold
Berlin,1936,Aquatics,Swimming,"SUGIURA, Shigeo",JPN,Men,4x200m freestyle relay,M,Gold
Berlin,1936,Aquatics,Swimming,"TAGUCHI, Masaharu",JPN,Men,4x200m freestyle relay,M,Gold
Berlin,1936,Aquatics,Swimming,"YUSA, Masanori",JPN,Men,4x200m freestyle relay,M,Gold
Berlin,1936,Aquatics,Swimming,"FLANAGAN, Ralph Drew",USA,Men,4x200m freestyle relay,M,Silver
Berlin,1936,Aquatics,Swimming,"MACIONIS, John Joseph",USA,Men,4x200m freestyle relay,M,Silver
Berlin,1936,Aquatics,Swimming,"MEDICA, Jack C.",USA,Men,4x200m freestyle relay,M,Silver
Berlin,1936,Aquatics,Swimming,"WOLF, Paul",USA,Men,4x200m freestyle relay,M,Silver
Berlin,1936,Aquatics,Water polo,"BLITZ, Gerard",BEL,Men,water polo,M,Bronze
Berlin,1936,Aquatics,Water polo,"CASTELEYNS, Albert",BEL,Men,water polo,M,Bronze
Berlin,1936,Aquatics,Water polo,"COPPIETERS, Pierre",BEL,Men,water polo,M,Bronze
Berlin,1936,Aquatics,Water polo,"DE COMBE, Joseph",BEL,Men,water polo,M,Bronze
Berlin,1936,Aquatics,Water polo,"DE PAUW, Henri",BEL,Men,water polo,M,Bronze
Berlin,1936,Aquatics,Water polo,"DISY, Henri",BEL,Men,water polo,M,Bronze
Berlin,1936,Aquatics,Water polo,"ISSELE, Fernand",BEL,Men,water polo,M,Bronze
Berlin,1936,Aquatics,Water polo,"MICHIELS, Edmond",BEL,Men,water polo,M,Bronze
Berlin,1936,Aquatics,Water polo,"STOELEN, Henri",BEL,Men,water polo,M,Bronze
Berlin,1936,Aquatics,Water polo,"BOZSI, Mihaly",HUN,Men,water polo,M,Gold
Berlin,1936,Aquatics,Water polo,"BRANDI, Jenö",HUN,Men,water polo,M,Gold
Berlin,1936,Aquatics,Water polo,"BRODY, György",HUN,Men,water polo,M,Gold
Berlin,1936,Aquatics,Water polo,"HALASSY, Oliver",HUN,Men,water polo,M,Gold
Berlin,1936,Aquatics,Water polo,"HAZAI, Kalman",HUN,Men,water polo,M,Gold
Berlin,1936,Aquatics,Water polo,"HOMONNAI, Lajos",HUN,Men,water polo,M,Gold
Berlin,1936,Aquatics,Water polo,"KUTASI, György",HUN,Men,water polo,M,Gold
Berlin,1936,Aquatics,Water polo,"MOLNAR, Istvan",HUN,Men,water polo,M,Gold
Berlin,1936,Aquatics,Water polo,"NEMETH, János",HUN,Men,water polo,M,Gold
Berlin,1936,Aquatics,Water polo,"SÁRKÁNY, Miklós",HUN,Men,water polo,M,Gold
Berlin,1936,Aquatics,Water polo,"TARICS, Sandor",HUN,Men,water polo,M,Gold
Berlin,1936,Aquatics,Water polo,"BAIER, Bernhard",GER,Men,water polo,M,Silver
Berlin,1936,Aquatics,Water polo,"GUNST, Fritz",GER,Men,water polo,M,Silver
Berlin,1936,Aquatics,Water polo,"HAUSER, Josef",GER,Men,water polo,M,Silver
Berlin,1936,Aquatics,Water polo,"KIENZLE, Alfred",GER,Men,water polo,M,Silver
Berlin,1936,Aquatics,Water polo,"KLINGENBURG, Paul",GER,Men,water polo,M,Silver
Berlin,1936,Aquatics,Water polo,"KRUG, Heinrich",GER,Men,water polo,M,Silver
Berlin,1936,Aquatics,Water polo,"SCHNEIDER, Hans",GER,Men,water polo,M,Silver
Berlin,1936,Aquatics,Water polo,"SCHULZE, Hans",GER,Men,water polo,M,Silver
Berlin,1936,Aquatics,Water polo,"SCHÜRGER, Gustav",GER,Men,water polo,M,Silver
Berlin,1936,Aquatics,Water polo,"SCHWENN, Helmuth",GER,Men,water polo,M,Silver
Berlin,1936,Aquatics,Water polo,"STOLZE, Fritz",GER,Men,water polo,M,Silver
Berlin,1936,Athletics,Athletics,"ISO-HOLLO, Volmari",FIN,Men,10000m,M,Bronze
Berlin,1936,Athletics,Athletics,"SALMINEN, Ilmari",FIN,Men,10000m,M,Gold
Berlin,1936,Athletics,Athletics,"ASKOLA, Arvo",FIN,Men,10000m,M,Silver
Berlin,1936,Athletics,Athletics,"OSENDARP, Martinus",NED,Men,100m,M,Bronze
Berlin,1936,Athletics,Athletics,"OWENS, Jesse",USA,Men,100m,M,Gold
Berlin,1936,Athletics,Athletics,"METCALFE, Ralph",USA,Men,100m,M,Silver
Berlin,1936,Athletics,Athletics,"KRAUSS, Käthe",GER,Women,100m,W,Bronze
Berlin,1936,Athletics,Athletics,"STEPHENS, Helen Herring",USA,Women,100m,W,Gold
Berlin,1936,Athletics,Athletics,"WALASIEWICZ, Stanislawa",POL,Women,100m,W,Silver
Berlin,1936,Athletics,Athletics,"POLLARD, Frederick Douglas Jr.",USA,Men,110m hurdles,M,Bronze
Berlin,1936,Athletics,Athletics,"TOWNS, Forrest Grady",USA,Men,110m hurdles,M,Gold
Berlin,1936,Athletics,Athletics,"FINLAY, Donald",GBR,Men,110m hurdles,M,Silver
Berlin,1936,Athletics,Athletics,"BECCALI, Luigi",ITA,Men,1500m,M,Bronze
Berlin,1936,Athletics,Athletics,"LOVELOCK, John",NZL,Men,1500m,M,Gold
Berlin,1936,Athletics,Athletics,"CUNNINGHAM, Glenn",USA,Men,1500m,M,Silver
Berlin,1936,Athletics,Athletics,"OSENDARP, Martinus",NED,Men,200m,M,Bronze
Berlin,1936,Athletics,Athletics,"OWENS, Jesse",USA,Men,200m,M,Gold
Berlin,1936,Athletics,Athletics,"ROBINSON, Matthew Mackenzie",USA,Men,200m,M,Silver
Berlin,1936,Athletics,Athletics,"DOMPERT, Alfred",GER,Men,3000m steeplechase,M,Bronze
Berlin,1936,Athletics,Athletics,"ISO-HOLLO, Volmari",FIN,Men,3000m steeplechase,M,Gold
Berlin,1936,Athletics,Athletics,"TUOMINEN, Kaarlo Jalmari",FIN,Men,3000m steeplechase,M,Silver
Berlin,1936,Athletics,Athletics,"LU VALLE, James Ellis",USA,Men,400m,M,Bronze
Berlin,1936,Athletics,Athletics,"WILLIAMS, Archibald Franklin",USA,Men,400m,M,Gold
Berlin,1936,Athletics,Athletics,"BROWN, Arthur Godfrey Kilner",GBR,Men,400m,M,Silver
Berlin,1936,Athletics,Athletics,"WHITE, Miguel S.",PHI,Men,400m hurdles,M,Bronze
Berlin,1936,Athletics,Athletics,"HARDIN, Glenn Foster",USA,Men,400m hurdles,M,Gold
Berlin,1936,Athletics,Athletics,"LOARING, John Wilfred",CAN,Men,400m hurdles,M,Silver
Berlin,1936,Athletics,Athletics,"BORCHMEYER, Erich",GER,Men,4x100m relay,M,Bronze
Berlin,1936,Athletics,Athletics,"GILLMEISTER, Erwin",GER,Men,4x100m relay,M,Bronze
Berlin,1936,Athletics,Athletics,"HORNBERGER, Gerd",GER,Men,4x100m relay,M,Bronze
Berlin,1936,Athletics,Athletics,"LEICHUM, Wilhelm",GER,Men,4x100m relay,M,Bronze
Berlin,1936,Athletics,Athletics,"DRAPER, Foy",USA,Men,4x100m relay,M,Gold
Berlin,1936,Athletics,Athletics,"METCALFE, Ralph",USA,Men,4x100m relay,M,Gold
Berlin,1936,Athletics,Athletics,"OWENS, Jesse",USA,Men,4x100m relay,M,Gold
Berlin,1936,Athletics,Athletics,"WYKOFF, Frank Clifford",USA,Men,4x100m relay,M,Gold
Berlin,1936,Athletics,Athletics,"CALDANA, Gianni",ITA,Men,4x100m relay,M,Silver
Berlin,1936,Athletics,Athletics,"GONNELLI, Tullio",ITA,Men,4x100m relay,M,Silver
Berlin,1936,Athletics,Athletics,"MARIANI, Orazio",ITA,Men,4x100m relay,M,Silver
Berlin,1936,Athletics,Athletics,"RAGNI, Elio",ITA,Men,4x100m relay,M,Silver
Berlin,1936,Athletics,Athletics,"BROOKSHAW, Dorothy Elizabeth",CAN,Women,4x100m relay,W,Bronze
Berlin,1936,Athletics,Athletics,"CAMERON, Hilda May",CAN,Women,4x100m relay,W,Bronze
Berlin,1936,Athletics,Athletics,"DOLSON-CAVILL, Mildred Jeanette",CAN,Women,4x100m relay,W,Bronze
Berlin,1936,Athletics,Athletics,"MEAGHER, Aileen Aletha",CAN,Women,4x100m relay,W,Bronze
Berlin,1936,Athletics,Athletics,"BLAND, Harriett Claiborne",USA,Women,4x100m relay,W,Gold
Berlin,1936,Athletics,Athletics,"ROBINSON, Elizabeth",USA,Women,4x100m relay,W,Gold
Berlin,1936,Athletics,Athletics,"ROGERS, Annette Joan",USA,Women,4x100m relay,W,Gold
Berlin,1936,Athletics,Athletics,"STEPHENS, Helen Herring",USA,Women,4x100m relay,W,Gold
Berlin,1936,Athletics,Athletics,"BROWN, Audrey Kathleen",GBR,Women,4x100m relay,W,Silver
Berlin,1936,Athletics,Athletics,"BURKE, Barbara Hannah Anita",GBR,Women,4x100m relay,W,Silver
Berlin,1936,Athletics,Athletics,"HISCOCK, Eileen May",GBR,Women,4x100m relay,W,Silver
Berlin,1936,Athletics,Athletics,"OLNEY, Violet R.",GBR,Women,4x100m relay,W,Silver
Berlin,1936,Athletics,Athletics,"HAMANN, Helmut",GER,Men,4x400m relay,M,Bronze
Berlin,1936,Athletics,Athletics,"HARBIG, Rudolf",GER,Men,4x400m relay,M,Bronze
Berlin,1936,Athletics,Athletics,"VOIGT, Harry C.",GER,Men,4x400m relay,M,Bronze
Berlin,1936,Athletics,Athletics,"VON STÜLPNAGEL, Friedrich",GER,Men,4x400m relay,M,Bronze
Berlin,1936,Athletics,Athletics,"BROWN, Arthur Godfrey Kilner",GBR,Men,4x400m relay,M,Gold
Berlin,1936,Athletics,Athletics,"RAMPLING, Godfrey Lionel",GBR,Men,4x400m relay,M,Gold
Berlin,1936,Athletics,Athletics,"ROBERTS, William",GBR,Men,4x400m relay,M,Gold
Berlin,1936,Athletics,Athletics,"WOLFF, Frederick Ferdinand",GBR,Men,4x400m relay,M,Gold
Berlin,1936,Athletics,Athletics,"CAGLE, Harold D.",USA,Men,4x400m relay,M,Silver
Berlin,1936,Athletics,Athletics,"FITCH, Alfred Lord",USA,Men,4x400m relay,M,Silver
Berlin,1936,Athletics,Athletics,"O'BRIEN, Edward T.",USA,Men,4x400m relay,M,Silver
Berlin,1936,Athletics,Athletics,"YOUNG, Robert Clark",USA,Men,4x400m relay,M,Silver
Berlin,1936,Athletics,Athletics,"JONSSON-KÄLARNE, Henry",SWE,Men,5000m,M,Bronze
Berlin,1936,Athletics,Athletics,"HÖCKERT, Gunnar",FIN,Men,5000m,M,Gold
Berlin,1936,Athletics,Athletics,"LEHTINEN, Lauri Aleksanteri",FIN,Men,5000m,M,Silver
Berlin,1936,Athletics,Athletics,"BUBENKO, Adalberts",LAT,Men,50km walk,M,Bronze
Berlin,1936,Athletics,Athletics,"WHITLOCK, Hector Harold",GBR,Men,50km walk,M,Gold
Berlin,1936,Athletics,Athletics,"SCHWAB, Arthur",SUI,Men,50km walk,M,Silver
Berlin,1936,Athletics,Athletics,"EDWARDS, Philip",CAN,Men,800m,M,Bronze
Berlin,1936,Athletics,Athletics,"WOODRUFF, John Youie",USA,Men,800m,M,Gold
Berlin,1936,Athletics,Athletics,"LANZI, Mario",ITA,Men,800m,M,Silver
Berlin,1936,Athletics,Athletics,"TAYLOR-CAMPBELL, Elizabeth",CAN,Women,80m hurdles,W,Bronze
Berlin,1936,Athletics,Athletics,"VALLA, Trebisonda",ITA,Women,80m hurdles,W,Gold
Berlin,1936,Athletics,Athletics,"STEUER, Anni",GER,Women,80m hurdles,W,Silver
Berlin,1936,Athletics,Athletics,"PARKER, John Jack",USA,Men,decathlon,M,Bronze
Berlin,1936,Athletics,Athletics,"MORRIS, Glenn Edward",USA,Men,decathlon,M,Gold
