London,1948,Wrestling,Wrestling Gre-R,"KAYA, Halil",TUR,Men,52 - 57kg (bantamweight),M,Bronze
London,1948,Wrestling,Wrestling Gre-R,"PETERSEN, Kurt",SWE,Men,52 - 57kg (bantamweight),M,Gold
London,1948,Wrestling,Wrestling Gre-R,"HASSAN ALI, Mahmoud",EGY,Men,52 - 57kg (bantamweight),M,Silver
London,1948,Wrestling,Wrestling Gre-R,"TOTH, Ferenc",HUN,Men,57 - 61kg (featherweight),M,Bronze
London,1948,Wrestling,Wrestling Gre-R,"OKTAV, Mehmet",TUR,Men,57 - 61kg (featherweight),M,Gold
London,1948,Wrestling,Wrestling Gre-R,"ANDERBERG, Olle",SWE,Men,57 - 61kg (featherweight),M,Silver
London,1948,Wrestling,Wrestling Gre-R,"FERENCZ, Karoly",HUN,Men,61 - 67kg (lightweight),M,Bronze
London,1948,Wrestling,Wrestling Gre-R,"FREIJ, Gustav",SWE,Men,61 - 67kg (lightweight),M,Gold
London,1948,Wrestling,Wrestling Gre-R,"ERIKSEN, Aage Ingvar",NOR,Men,61 - 67kg (lightweight),M,Silver
London,1948,Wrestling,Wrestling Gre-R,"HANSEN, Christian Henrik",DEN,Men,67 - 73kg (welterweight),M,Bronze
London,1948,Wrestling,Wrestling Gre-R,"ANDERSSON, Gösta",SWE,Men,67 - 73kg (welterweight),M,Gold
London,1948,Wrestling,Wrestling Gre-R,"SZILVASI, Miklos",HUN,Men,67 - 73kg (welterweight),M,Silver
London,1948,Wrestling,Wrestling Gre-R,"GALLEGATI, Ercole",ITA,Men,73 - 79kg (middleweight),M,Bronze
London,1948,Wrestling,Wrestling Gre-R,"GRÖNBERG, Axel",SWE,Men,73 - 79kg (middleweight),M,Gold
London,1948,Wrestling,Wrestling Gre-R,"TAYFUR, Muhlis",TUR,Men,73 - 79kg (middleweight),M,Silver
London,1948,Wrestling,Wrestling Gre-R,"ORABI, Ibrahim",EGY,Men,79 - 87kg (light-heavyweight),M,Bronze
London,1948,Wrestling,Wrestling Gre-R,"NILSSON, Karl-Erik",SWE,Men,79 - 87kg (light-heavyweight),M,Gold
London,1948,Wrestling,Wrestling Gre-R,"GRÖNDAHL, Kelpo Olavi",FIN,Men,79 - 87kg (light-heavyweight),M,Silver
Helsinki,1952,Aquatics,Diving,"HAASE, Günther",GER,Men,10m platform,M,Bronze
Helsinki,1952,Aquatics,Diving,"LEE, Samuel",USA,Men,10m platform,M,Gold
Helsinki,1952,Aquatics,Diving,"CAPILLA PEREZ, Joaquin",MEX,Men,10m platform,M,Silver
Helsinki,1952,Aquatics,Diving,"STOVER-IRWIN, Juno Roslays",USA,Women,10m platform,W,Bronze
Helsinki,1952,Aquatics,Diving,"MCCORMICK, Patricia",USA,Women,10m platform,W,Gold
Helsinki,1952,Aquatics,Diving,"MYERS-POPE, Paula Jean",USA,Women,10m platform,W,Silver
Helsinki,1952,Aquatics,Diving,"CLOTWORTHY, Robert Lynn",USA,Men,3m springboard,M,Bronze
Helsinki,1952,Aquatics,Diving,"BROWNING, David Grieg Jr.",USA,Men,3m springboard,M,Gold
Helsinki,1952,Aquatics,Diving,"ANDERSON, Miller Altman",USA,Men,3m springboard,M,Silver
Helsinki,1952,Aquatics,Diving,"OLSEN-JENSEN, Zoe-Ann",USA,Women,3m springboard,W,Bronze
Helsinki,1952,Aquatics,Diving,"MCCORMICK, Patricia",USA,Women,3m springboard,W,Gold
Helsinki,1952,Aquatics,Diving,"MOREAU, Madeleine",FRA,Women,3m springboard,W,Silver
Helsinki,1952,Aquatics,Swimming,"TAYLOR, Jack George Neil",USA,Men,100m backstroke,M,Bronze
Helsinki,1952,Aquatics,Swimming,"OYAKAWA, Yoshinobu",USA,Men,100m backstroke,M,Gold
Helsinki,1952,Aquatics,Swimming,"BOZON, Gilbert",FRA,Men,100m backstroke,M,Silver
Helsinki,1952,Aquatics,Swimming,"STEWART, Jean",NZL,Women,100m backstroke,W,Bronze
Helsinki,1952,Aquatics,Swimming,"HARRISON, Joan Cynthia",RSA,Women,100m backstroke,W,Gold
Helsinki,1952,Aquatics,Swimming,"WIELEMA, Geertje",NED,Women,100m backstroke,W,Silver
Helsinki,1952,Aquatics,Swimming,"LARSSON, Göran",SWE,Men,100m freestyle,M,Bronze
Helsinki,1952,Aquatics,Swimming,"SCHOLES, Clark Currie",USA,Men,100m freestyle,M,Gold
Helsinki,1952,Aquatics,Swimming,"SUZUKI, Hiroshi",JPN,Men,100m freestyle,M,Silver
Helsinki,1952,Aquatics,Swimming,"TEMES, Judith",HUN,Women,100m freestyle,W,Bronze
Helsinki,1952,Aquatics,Swimming,"SZÖKE, Katalin",HUN,Women,100m freestyle,W,Gold
Helsinki,1952,Aquatics,Swimming,"TERMEULEN, Johanna Maria",NED,Women,100m freestyle,W,Silver
Helsinki,1952,Aquatics,Swimming,"OKAMOTO, Tetsuo",BRA,Men,1500m freestyle,M,Bronze
Helsinki,1952,Aquatics,Swimming,"KONNO, Ford Hiroshi",USA,Men,1500m freestyle,M,Gold
Helsinki,1952,Aquatics,Swimming,"HASHIZUME, Shiro",JPN,Men,1500m freestyle,M,Silver
Helsinki,1952,Aquatics,Swimming,"KLEIN, Herbert",GER,Men,200m breaststroke,M,Bronze
Helsinki,1952,Aquatics,Swimming,"DAVIES, John Griffith",AUS,Men,200m breaststroke,M,Gold
Helsinki,1952,Aquatics,Swimming,"STASSFORTH, Bowen Dow",USA,Men,200m breaststroke,M,Silver
Helsinki,1952,Aquatics,Swimming,"GORDON-MCKAY, Helen Orr",GBR,Women,200m breaststroke,W,Bronze
Helsinki,1952,Aquatics,Swimming,"SZEKELY, Eva",HUN,Women,200m breaststroke,W,Gold
Helsinki,1952,Aquatics,Swimming,"NOVAK-GERARD, Eva",HUN,Women,200m breaststroke,W,Silver
Helsinki,1952,Aquatics,Swimming,"ÖSTRAND, Per-Olof",SWE,Men,400m freestyle,M,Bronze
Helsinki,1952,Aquatics,Swimming,"BOITEUX, Jean",FRA,Men,400m freestyle,M,Gold
Helsinki,1952,Aquatics,Swimming,"KONNO, Ford Hiroshi",USA,Men,400m freestyle,M,Silver
Helsinki,1952,Aquatics,Swimming,"KAWAMOTO, Evelyn Tokue",USA,Women,400m freestyle,W,Bronze
Helsinki,1952,Aquatics,Swimming,"GYENGE, Valeria",HUN,Women,400m freestyle,W,Gold
Helsinki,1952,Aquatics,Swimming,"NOVAK-GERARD, Eva",HUN,Women,400m freestyle,W,Silver
Helsinki,1952,Aquatics,Swimming,"ALDERSON-ROSAZZA, Joan Ann",USA,Women,4x100m freestyle relay,W,Bronze
Helsinki,1952,Aquatics,Swimming,"KAWAMOTO, Evelyn Tokue",USA,Women,4x100m freestyle relay,W,Bronze
Helsinki,1952,Aquatics,Swimming,"LA VINE, Jacqueline Carol",USA,Women,4x100m freestyle relay,W,Bronze
Helsinki,1952,Aquatics,Swimming,"STEPAN, Mary Louise",USA,Women,4x100m freestyle relay,W,Bronze
Helsinki,1952,Aquatics,Swimming,"NOVAK, Ilona",HUN,Women,4x100m freestyle relay,W,Gold
Helsinki,1952,Aquatics,Swimming,"NOVAK-GERARD, Eva",HUN,Women,4x100m freestyle relay,W,Gold
Helsinki,1952,Aquatics,Swimming,"SZÖKE, Katalin",HUN,Women,4x100m freestyle relay,W,Gold
Helsinki,1952,Aquatics,Swimming,"TEMES, Judith",HUN,Women,4x100m freestyle relay,W,Gold
Helsinki,1952,Aquatics,Swimming,"HEIJTING-SCHUHMACHER, Irma",NED,Women,4x100m freestyle relay,W,Silver
Helsinki,1952,Aquatics,Swimming,"LINSSEN-VAESSEN, Marie-Louise Jean",NED,Women,4x100m freestyle relay,W,Silver
Helsinki,1952,Aquatics,Swimming,"TERMEULEN, Johanna Maria",NED,Women,4x100m freestyle relay,W,Silver
Helsinki,1952,Aquatics,Swimming,"VAN VOORN, Cornelia (Koosje)",NED,Women,4x100m freestyle relay,W,Silver
Helsinki,1952,Aquatics,Swimming,"BERNARDO, Joseph",FRA,Men,4x200m freestyle relay,M,Bronze
Helsinki,1952,Aquatics,Swimming,"BOITEUX, Jean",FRA,Men,4x200m freestyle relay,M,Bronze
Helsinki,1952,Aquatics,Swimming,"EMINENTE, Aldo",FRA,Men,4x200m freestyle relay,M,Bronze
Helsinki,1952,Aquatics,Swimming,"JANY, Alexandre",FRA,Men,4x200m freestyle relay,M,Bronze
Helsinki,1952,Aquatics,Swimming,"KONNO, Ford Hiroshi",USA,Men,4x200m freestyle relay,M,Gold
Helsinki,1952,Aquatics,Swimming,"MCLANE, James Price Jr.",USA,Men,4x200m freestyle relay,M,Gold
Helsinki,1952,Aquatics,Swimming,"MOORE, Wayne Richard",USA,Men,4x200m freestyle relay,M,Gold
Helsinki,1952,Aquatics,Swimming,"WOOLSEY, William Tripp",USA,Men,4x200m freestyle relay,M,Gold
Helsinki,1952,Aquatics,Swimming,"GOTO, Toru",JPN,Men,4x200m freestyle relay,M,Silver
Helsinki,1952,Aquatics,Swimming,"HAMAGUCHI, Yoshihiro",JPN,Men,4x200m freestyle relay,M,Silver
Helsinki,1952,Aquatics,Swimming,"SUZUKI, Hiroshi",JPN,Men,4x200m freestyle relay,M,Silver
Helsinki,1952,Aquatics,Swimming,"TANIKAWA, Teijiro",JPN,Men,4x200m freestyle relay,M,Silver
Helsinki,1952,Aquatics,Water polo,"ARENA, Ermenegildo",ITA,Men,water polo,M,Bronze
Helsinki,1952,Aquatics,Water polo,"CECCARINI, Lucio",ITA,Men,water polo,M,Bronze
Helsinki,1952,Aquatics,Water polo,"DE SANZUANE, Renato",ITA,Men,water polo,M,Bronze
Helsinki,1952,Aquatics,Water polo,"GAMBINO, Raffaello",ITA,Men,water polo,M,Bronze
Helsinki,1952,Aquatics,Water polo,"GIONTA, Salvatore",ITA,Men,water polo,M,Bronze
Helsinki,1952,Aquatics,Water polo,"MANNELLI, Maurizio",ITA,Men,water polo,M,Bronze
Helsinki,1952,Aquatics,Water polo,"OGNIO, Geminio",ITA,Men,water polo,M,Bronze
Helsinki,1952,Aquatics,Water polo,"PERETTI, Carlo",ITA,Men,water polo,M,Bronze
Helsinki,1952,Aquatics,Water polo,"POLITO, Vincenzo",ITA,Men,water polo,M,Bronze
Helsinki,1952,Aquatics,Water polo,"RUBINI, Cesare",ITA,Men,water polo,M,Bronze
Helsinki,1952,Aquatics,Water polo,"TRAIOLA, Renato",ITA,Men,water polo,M,Bronze
Helsinki,1952,Aquatics,Water polo,"ANTAL, Robert",HUN,Men,water polo,M,Gold
Helsinki,1952,Aquatics,Water polo,"BOLVARI, Antal",HUN,Men,water polo,M,Gold
Helsinki,1952,Aquatics,Water polo,"FABIAN, Dezsö",HUN,Men,water polo,M,Gold
Helsinki,1952,Aquatics,Water polo,"GYARMATI, Dezso",HUN,Men,water polo,M,Gold
Helsinki,1952,Aquatics,Water polo,"HASZNOS, Istvan",HUN,Men,water polo,M,Gold
Helsinki,1952,Aquatics,Water polo,"JENEI, Laszlo",HUN,Men,water polo,M,Gold
Helsinki,1952,Aquatics,Water polo,"KARPATI, György",HUN,Men,water polo,M,Gold
Helsinki,1952,Aquatics,Water polo,"LEMHENYI, DezsÃ¶",HUN,Men,water polo,M,Gold
Helsinki,1952,Aquatics,Water polo,"MARKOVICS, Kalman",HUN,Men,water polo,M,Gold
Helsinki,1952,Aquatics,Water polo,"MARTIN, Miklos",HUN,Men,water polo,M,Gold
Helsinki,1952,Aquatics,Water polo,"SZITTYA, Karoly",HUN,Men,water polo,M,Gold
Helsinki,1952,Aquatics,Water polo,"SZIVOS, Istvan",HUN,Men,water polo,M,Gold
Helsinki,1952,Aquatics,Water polo,"VIZVARI, György",HUN,Men,water polo,M,Gold
Helsinki,1952,Aquatics,Water polo,"BAKASUN, Veljko",YUG,Men,water polo,M,Silver
Helsinki,1952,Aquatics,Water polo,"BRAINOVIC, Marko",YUG,Men,water polo,M,Silver
Helsinki,1952,Aquatics,Water polo,"IVKOVIC, Vladimir",YUG,Men,water polo,M,Silver
Helsinki,1952,Aquatics,Water polo,"JEZIC, Zdravko",YUG,Men,water polo,M,Silver
Helsinki,1952,Aquatics,Water polo,"KOVACIC, Zdravko",YUG,Men,water polo,M,Silver
Helsinki,1952,Aquatics,Water polo,"KURTINI, Ivo",YUG,Men,water polo,M,Silver
Helsinki,1952,Aquatics,Water polo,"RADONIC, Lovro",YUG,Men,water polo,M,Silver
Helsinki,1952,Aquatics,Water polo,"STAKULA, Ivo",YUG,Men,water polo,M,Silver
Helsinki,1952,Aquatics,Water polo,"VUKSANOVIC, Bosko",YUG,Men,water polo,M,Silver
Helsinki,1952,Athletics,Athletics,"ANUFRIYEV, Aleksandr",URS,Men,10000m,M,Bronze
Helsinki,1952,Athletics,Athletics,"ZATOPEK, Emil",TCH,Men,10000m,M,Gold
Helsinki,1952,Athletics,Athletics,"MIMOUN, Alain",FRA,Men,10000m,M,Silver
Helsinki,1952,Athletics,Athletics,"JUNK, Bruno",URS,Men,10000m walk,M,Bronze
Helsinki,1952,Athletics,Athletics,"MIKAELSSON, John",SWE,Men,10000m walk,M,Gold
Helsinki,1952,Athletics,Athletics,"SCHWAB, Erich Arthur Fritz",SUI,Men,10000m walk,M,Silver
Helsinki,1952,Athletics,Athletics,"BAILEY, Emmanuel Mcdonald",GBR,Men,100m,M,Bronze
Helsinki,1952,Athletics,Athletics,"REMIGINO, Lindy",USA,Men,100m,M,Gold
Helsinki,1952,Athletics,Athletics,"MCKENLEY, Herbert",JAM,Men,100m,M,Silver
Helsinki,1952,Athletics,Athletics,"STRICKLAND-DE LA HUNTY, Shirley",AUS,Women,100m,W,Bronze
Helsinki,1952,Athletics,Athletics,"JACKSON, Marjorie",AUS,Women,100m,W,Gold
Helsinki,1952,Athletics,Athletics,"ROBB-HASENJÄGER, Daphne Lilian Evelyn",RSA,Women,100m,W,Silver
Helsinki,1952,Athletics,Athletics,"BARNARD, Arthur",USA,Men,110m hurdles,M,Bronze
Helsinki,1952,Athletics,Athletics,"DILLARD, Harrison",USA,Men,110m hurdles,M,Gold
Helsinki,1952,Athletics,Athletics,"DAVIS, Jack",USA,Men,110m hurdles,M,Silver
Helsinki,1952,Athletics,Athletics,"LUEG, Werner",GER,Men,1500m,M,Bronze
Helsinki,1952,Athletics,Athletics,"BARTHEL, Joseph",LUX,Men,1500m,M,Gold
Helsinki,1952,Athletics,Athletics,"MCMILLEN, Robert",USA,Men,1500m,M,Silver
Helsinki,1952,Athletics,Athletics,"GATHERS, James",USA,Men,200m,M,Bronze
Helsinki,1952,Athletics,Athletics,"STANFIELD, Andrew William",USA,Men,200m,M,Gold
Helsinki,1952,Athletics,Athletics,"BAKER, Walter Thane",USA,Men,200m,M,Silver
Helsinki,1952,Athletics,Athletics,"KHNYKINA-DVALISHVILI, Nadezhda",URS,Women,200m,W,Bronze
Helsinki,1952,Athletics,Athletics,"JACKSON, Marjorie",AUS,Women,200m,W,Gold
Helsinki,1952,Athletics,Athletics,"BROUWER, Bertha",NED,Women,200m,W,Silver
Helsinki,1952,Athletics,Athletics,"DISLEY, John Ivor",GBR,Men,3000m steeplechase,M,Bronze
Helsinki,1952,Athletics,Athletics,"ASHENFELTER, Horace III",USA,Men,3000m steeplechase,M,Gold
Helsinki,1952,Athletics,Athletics,"KAZANTSEV, Vladimir",URS,Men,3000m steeplechase,M,Silver
Helsinki,1952,Athletics,Athletics,"MATSON, Oliver Adrian",USA,Men,400m,M,Bronze
Helsinki,1952,Athletics,Athletics,"RHODEN, Vincent George",JAM,Men,400m,M,Gold
Helsinki,1952,Athletics,Athletics,"MCKENLEY, Herbert",JAM,Men,400m,M,Silver
Helsinki,1952,Athletics,Athletics,"HOLLAND, John Macfarlane",NZL,Men,400m hurdles,M,Bronze
Helsinki,1952,Athletics,Athletics,"MOORE, Charles Hewes Jr.",USA,Men,400m hurdles,M,Gold
Helsinki,1952,Athletics,Athletics,"LITUEV, Yuri",URS,Men,400m hurdles,M,Silver
Helsinki,1952,Athletics,Athletics,"CSANYI, György",HUN,Men,4x100m relay,M,Bronze
Helsinki,1952,Athletics,Athletics,"GOLDOVANYI, Bela",HUN,Men,4x100m relay,M,Bronze
Helsinki,1952,Athletics,Athletics,"VARASDI, Geza",HUN,Men,4x100m relay,M,Bronze
Helsinki,1952,Athletics,Athletics,"ZARANDI, Laszlo",HUN,Men,4x100m relay,M,Bronze
Helsinki,1952,Athletics,Athletics,"DILLARD, Harrison",USA,Men,4x100m relay,M,Gold
Helsinki,1952,Athletics,Athletics,"REMIGINO, Lindy",USA,Men,4x100m relay,M,Gold
Helsinki,1952,Athletics,Athletics,"SMITH, Finis Dean",USA,Men,4x100m relay,M,Gold
Helsinki,1952,Athletics,Athletics,"STANFIELD, Andrew William",USA,Men,4x100m relay,M,Gold
Helsinki,1952,Athletics,Athletics,"KALYAEV, Lev",URS,Men,4x100m relay,M,Silver
Helsinki,1952,Athletics,Athletics,"SANADZE, Levan",URS,Men,4x100m relay,M,Silver
Helsinki,1952,Athletics,Athletics,"SUKHAREV, Vladimir",URS,Men,4x100m relay,M,Silver
Helsinki,1952,Athletics,Athletics,"TOKAREV, Boris",URS,Men,4x100m relay,M,Silver
Helsinki,1952,Athletics,Athletics,"ARMITAGE, Heather Joy",GBR,Women,4x100m relay,W,Bronze
Helsinki,1952,Athletics,Athletics,"CHEESEMAN, Sylvia",GBR,Women,4x100m relay,W,Bronze
Helsinki,1952,Athletics,Athletics,"DESFORGES, Jean Catherine",GBR,Women,4x100m relay,W,Bronze
Helsinki,1952,Athletics,Athletics,"FOULDS-PAUL, June Florence",GBR,Women,4x100m relay,W,Bronze
Helsinki,1952,Athletics,Athletics,"FAGGS, Mae Heriwentha",USA,Women,4x100m relay,W,Gold
Helsinki,1952,Athletics,Athletics,"HARDY, Catherine",USA,Women,4x100m relay,W,Gold
Helsinki,1952,Athletics,Athletics,"JONES, Barbara Pearl",USA,Women,4x100m relay,W,Gold
Helsinki,1952,Athletics,Athletics,"MOREAU, Janet Theresa",USA,Women,4x100m relay,W,Gold
Helsinki,1952,Athletics,Athletics,"KLEIN, Helga",GER,Women,4x100m relay,W,Silver
Helsinki,1952,Athletics,Athletics,"KNAB, Ulla",GER,Women,4x100m relay,W,Silver
Helsinki,1952,Athletics,Athletics,"PETERSEN-KALLENSEE, Marga",GER,Women,4x100m relay,W,Silver
Helsinki,1952,Athletics,Athletics,"SANDER-DOMAGELLA, Maria",GER,Women,4x100m relay,W,Silver
Helsinki,1952,Athletics,Athletics,"GEISTER, Hans",GER,Men,4x400m relay,M,Bronze
Helsinki,1952,Athletics,Athletics,"HAAS, Karl-Friedrich",GER,Men,4x400m relay,M,Bronze
Helsinki,1952,Athletics,Athletics,"STEINES, Günther",GER,Men,4x400m relay,M,Bronze
Helsinki,1952,Athletics,Athletics,"ULZHEIMER, Heinz",GER,Men,4x400m relay,M,Bronze
Helsinki,1952,Athletics,Athletics,"LAING, Leslie",JAM,Men,4x400m relay,M,Gold
Helsinki,1952,Athletics,Athletics,"MCKENLEY, Herbert",JAM,Men,4x400m relay,M,Gold
Helsinki,1952,Athletics,Athletics,"RHODEN, Vincent George",JAM,Men,4x400m relay,M,Gold
Helsinki,1952,Athletics,Athletics,"WINT, Arthur",JAM,Men,4x400m relay,M,Gold
Helsinki,1952,Athletics,Athletics,"COLE, Gerrard Eugene",USA,Men,4x400m relay,M,Silver
Helsinki,1952,Athletics,Athletics,"MATSON, Oliver Adrian",USA,Men,4x400m relay,M,Silver
Helsinki,1952,Athletics,Athletics,"MOORE, Charles Hewes Jr.",USA,Men,4x400m relay,M,Silver
Helsinki,1952,Athletics,Athletics,"WHITFIELD, Malvin Groston",USA,Men,4x400m relay,M,Silver
Helsinki,1952,Athletics,Athletics,"SCHADE, Herbert",GER,Men,5000m,M,Bronze
Helsinki,1952,Athletics,Athletics,"ZATOPEK, Emil",TCH,Men,5000m,M,Gold
Helsinki,1952,Athletics,Athletics,"MIMOUN, Alain",FRA,Men,5000m,M,Silver
Helsinki,1952,Athletics,Athletics,"ROKA, Antal",HUN,Men,50km walk,M,Bronze
Helsinki,1952,Athletics,Athletics,"DORDONI, Giuseppe",ITA,Men,50km walk,M,Gold
Helsinki,1952,Athletics,Athletics,"DOLEZAL, Josef",TCH,Men,50km walk,M,Silver
Helsinki,1952,Athletics,Athletics,"ULZHEIMER, Heinz",GER,Men,800m,M,Bronze
Helsinki,1952,Athletics,Athletics,"WHITFIELD, Malvin Groston",USA,Men,800m,M,Gold
Helsinki,1952,Athletics,Athletics,"WINT, Arthur",JAM,Men,800m,M,Silver
Helsinki,1952,Athletics,Athletics,"SANDER-DOMAGELLA, Maria",GER,Women,80m hurdles,W,Bronze
Helsinki,1952,Athletics,Athletics,"STRICKLAND-DE LA HUNTY, Shirley",AUS,Women,80m hurdles,W,Gold
Helsinki,1952,Athletics,Athletics,"GOLUBNICHAYA, Mariya",URS,Women,80m hurdles,W,Silver
Helsinki,1952,Athletics,Athletics,"SIMMONS, Floyd Macon Jr.",USA,Men,decathlon,M,Bronze
Helsinki,1952,Athletics,Athletics,"MATHIAS, Robert",USA,Men,decathlon,M,Gold
Helsinki,1952,Athletics,Athletics,"CAMPBELL, Milton Gray",USA,Men,decathlon,M,Silver
Helsinki,1952,Athletics,Athletics,"DILLION, James Leo",USA,Men,discus throw,M,Bronze
Helsinki,1952,Athletics,Athletics,"INESS, Simeon Garland",USA,Men,discus throw,M,Gold
Helsinki,1952,Athletics,Athletics,"CONSOLINI, Adolfo",ITA,Men,discus throw,M,Silver
Helsinki,1952,Athletics,Athletics,"DUMBADZE, Nina",URS,Women,discus throw,W,Bronze
Helsinki,1952,Athletics,Athletics,"ROMASHKOVA-PONOMAREVA, Nina",URS,Women,discus throw,W,Gold
Helsinki,1952,Athletics,Athletics,"BAGRYANTSEVA, Elizaveta",URS,Women,discus throw,W,Silver
Helsinki,1952,Athletics,Athletics,"NEMETH, Imre",HUN,Men,hammer throw,M,Bronze
Helsinki,1952,Athletics,Athletics,"CSERMAK, Jozsef",HUN,Men,hammer throw,M,Gold
Helsinki,1952,Athletics,Athletics,"STORCH, Karl",GER,Men,hammer throw,M,Silver
Helsinki,1952,Athletics,Athletics,"TELLES DA CONCEICAO, Jose",BRA,Men,high jump,M,Bronze
Helsinki,1952,Athletics,Athletics,"DAVIS, Walter Francis",USA,Men,high jump,M,Gold
Helsinki,1952,Athletics,Athletics,"WIESNER, Kenneth George",USA,Men,high jump,M,Silver
Helsinki,1952,Athletics,Athletics,"CHUDINA, Aleksandra",URS,Women,high jump,W,Bronze
Helsinki,1952,Athletics,Athletics,"BRAND, Esther Cornelia",RSA,Women,high jump,W,Gold
Helsinki,1952,Athletics,Athletics,"LERWILL, Sheila",GBR,Women,high jump,W,Silver
Helsinki,1952,Athletics,Athletics,"HYYTIÄINEN, Toivo Armas",FIN,Men,javelin throw,M,Bronze
Helsinki,1952,Athletics,Athletics,"YOUNG, Cyrus C. Jr.",USA,Men,javelin throw,M,Gold
Helsinki,1952,Athletics,Athletics,"MILLER, William Preston",USA,Men,javelin throw,M,Silver
Helsinki,1952,Athletics,Athletics,"GORCHAKOVA, Elena",URS,Women,javelin throw,W,Bronze
Helsinki,1952,Athletics,Athletics,"INGROVA-ZATOPKOVA, Dana",TCH,Women,javelin throw,W,Gold
Helsinki,1952,Athletics,Athletics,"CHUDINA, Aleksandra",URS,Women,javelin throw,W,Silver
Helsinki,1952,Athletics,Athletics,"FÖLDESSY, Ödön",HUN,Men,long jump,M,Bronze
Helsinki,1952,Athletics,Athletics,"BIFFLE, Jerome Cousins",USA,Men,long jump,M,Gold
Helsinki,1952,Athletics,Athletics,"GOURDINE, Meredith Charles",USA,Men,long jump,M,Silver
Helsinki,1952,Athletics,Athletics,"CAWLEY, Shirley",GBR,Women,long jump,W,Bronze
Helsinki,1952,Athletics,Athletics,"WILLIAMS, Yvette Winefred",NZL,Women,long jump,W,Gold
Helsinki,1952,Athletics,Athletics,"CHUDINA, Aleksandra",URS,Women,long jump,W,Silver
Helsinki,1952,Athletics,Athletics,"JANSSON, Gustaf",SWE,Men,marathon,M,Bronze
Helsinki,1952,Athletics,Athletics,"ZATOPEK, Emil",TCH,Men,marathon,M,Gold
Helsinki,1952,Athletics,Athletics,"GORNO, Reinaldo",ARG,Men,marathon,M,Silver
Helsinki,1952,Athletics,Athletics,"LUNDBERG, Ragnar",SWE,Men,pole vault,M,Bronze
Helsinki,1952,Athletics,Athletics,"RICHARDS, Robert",USA,Men,pole vault,M,Gold
Helsinki,1952,Athletics,Athletics,"LAZ, Donald Robert",USA,Men,pole vault,M,Silver
Helsinki,1952,Athletics,Athletics,"FUCHS, James Emanuel",USA,Men,shot put,M,Bronze
Helsinki,1952,Athletics,Athletics,"O, William Patrick Jr.",USA,Men,shot put,M,Gold
Helsinki,1952,Athletics,Athletics,"HOOPER, Darrow Clarence",USA,Men,shot put,M,Silver
Helsinki,1952,Athletics,Athletics,"TOCHENOVA, Klavdiya",URS,Women,shot put,W,Bronze
Helsinki,1952,Athletics,Athletics,"ZYBINA, Galina",URS,Women,shot put,W,Gold
Helsinki,1952,Athletics,Athletics,"WERNER-SCHULZE-ENTRUP, Marianne",GER,Women,shot put,W,Silver
Helsinki,1952,Athletics,Athletics,"DEVONISH, Arnaldo",VEN,Men,triple jump,M,Bronze
Helsinki,1952,Athletics,Athletics,"FERREIRA DA SILVA, Adhemar",BRA,Men,triple jump,M,Gold
Helsinki,1952,Athletics,Athletics,"SHCHERBAKOV, Leonid",URS,Men,triple jump,M,Silver
Helsinki,1952,Basketball,Basketball,"ACOSTA Y LARA, Martin",URU,Men,basketball,M,Bronze
Helsinki,1952,Basketball,Basketball,"BALINO, Enrique",URU,Men,basketball,M,Bronze
Helsinki,1952,Basketball,Basketball,"CIESLINSKAS, Victorio",URU,Men,basketball,M,Bronze
Helsinki,1952,Basketball,Basketball,"COSTA, Hector J.",URU,Men,basketball,M,Bronze
Helsinki,1952,Basketball,Basketball,"DEMARCO, Nelson",URU,Men,basketball,M,Bronze
Helsinki,1952,Basketball,Basketball,"GARCIA OTERO, Hector",URU,Men,basketball,M,Bronze
Helsinki,1952,Basketball,Basketball,"LARRE BORGES, Tabare",URU,Men,basketball,M,Bronze
Helsinki,1952,Basketball,Basketball,"LOMBARDO, Adesio",URU,Men,basketball,M,Bronze
Helsinki,1952,Basketball,Basketball,"LOVERA, Roberto",URU,Men,basketball,M,Bronze
Helsinki,1952,Basketball,Basketball,"MATTO, Sergio A.",URU,Men,basketball,M,Bronze
Helsinki,1952,Basketball,Basketball,"PELAEZ, Wilfredo",URU,Men,basketball,M,Bronze
Helsinki,1952,Basketball,Basketball,"ROSSELLO, Carlos",URU,Men,basketball,M,Bronze
Helsinki,1952,Basketball,Basketball,"BONTEMPS, Ronald Yngve",USA,Men,basketball,M,Gold
Helsinki,1952,Basketball,Basketball,"FRIEBERGER, Marcus Ross",USA,Men,basketball,M,Gold
Helsinki,1952,Basketball,Basketball,"GLASGOW, Victor Wayne",USA,Men,basketball,M,Gold
Helsinki,1952,Basketball,Basketball,"HOAG, Charles Monroe",USA,Men,basketball,M,Gold
Helsinki,1952,Basketball,Basketball,"HOUGLAND, William Marion",USA,Men,basketball,M,Gold
Helsinki,1952,Basketball,Basketball,"KELLER, John Frederick",USA,Men,basketball,M,Gold
Helsinki,1952,Basketball,Basketball,"KELLEY, Melvin Dean",USA,Men,basketball,M,Gold
Helsinki,1952,Basketball,Basketball,"KENNEY, Robert Earl",USA,Men,basketball,M,Gold
Helsinki,1952,Basketball,Basketball,"KURLAND, Robert Albert",USA,Men,basketball,M,Gold
Helsinki,1952,Basketball,Basketball,"LIENHARD, William Barner",USA,Men,basketball,M,Gold
Helsinki,1952,Basketball,Basketball,"LOVELETTE, Clyde Edward",USA,Men,basketball,M,Gold
Helsinki,1952,Basketball,Basketball,"MCCABE, Frank Reilly",USA,Men,basketball,M,Gold
Helsinki,1952,Basketball,Basketball,"PIPPIN, Daniel Luther",USA,Men,basketball,M,Gold
Helsinki,1952,Basketball,Basketball,"WILLIAMS, Howard Earl",USA,Men,basketball,M,Gold
Helsinki,1952,Basketball,Basketball,"BUTAUTAS, Stiapas",URS,Men,basketball,M,Silver
Helsinki,1952,Basketball,Basketball,"DZHORDZHIKIYA, Nodar",URS,Men,basketball,M,Silver
Helsinki,1952,Basketball,Basketball,"KONYEV, Anatoli",URS,Men,basketball,M,Silver
Helsinki,1952,Basketball,Basketball,"KORKIYA, Otar Mikhailovich",URS,Men,basketball,M,Silver
Helsinki,1952,Basketball,Basketball,"KRUUS, Heino",URS,Men,basketball,M,Silver
Helsinki,1952,Basketball,Basketball,"KULLAM, Ilmar",URS,Men,basketball,M,Silver
Helsinki,1952,Basketball,Basketball,"LAGUNAVICHUS, Justinas",URS,Men,basketball,M,Silver
Helsinki,1952,Basketball,Basketball,"LYSOV, Iogan Fedorovich",URS,Men,basketball,M,Silver
Helsinki,1952,Basketball,Basketball,"MOISEEV, Aleksandr",URS,Men,basketball,M,Silver
Helsinki,1952,Basketball,Basketball,"OZEROV, Yuri",URS,Men,basketball,M,Silver
Helsinki,1952,Basketball,Basketball,"PETKYAVICHUS, Kasis",URS,Men,basketball,M,Silver
Helsinki,1952,Basketball,Basketball,"STONKUS, Stasis",URS,Men,basketball,M,Silver
Helsinki,1952,Basketball,Basketball,"VALDMANIS, Maigonis",URS,Men,basketball,M,Silver
Helsinki,1952,Basketball,Basketball,"VLASOV, Viktor",URS,Men,basketball,M,Silver
Helsinki,1952,Boxing,Boxing,"BULAKOV, Anatoli",URS,Men,- 51kg (flyweight),M,Bronze
Helsinki,1952,Boxing,Boxing,"TOWEEL, William Michael",RSA,Men,- 51kg (flyweight),M,Bronze
Helsinki,1952,Boxing,Boxing,"BROOKS, Nathan Eugene",USA,Men,- 51kg (flyweight),M,Gold
Helsinki,1952,Boxing,Boxing,"BASEL, Edgar",GER,Men,- 51kg (flyweight),M,Silver
Helsinki,1952,Boxing,Boxing,"KOSKI, Ilkka Rickhard",FIN,Men,+ 81kg (heavyweight),M,Bronze
Helsinki,1952,Boxing,Boxing,"NIEMAN, Andries C.",RSA,Men,+ 81kg (heavyweight),M,Bronze
Helsinki,1952,Boxing,Boxing,"SANDERS, Hayes Edward",USA,Men,+ 81kg (heavyweight),M,Gold
Helsinki,1952,Boxing,Boxing,"JOHANSSON, Ingemar (Ingo)",SWE,Men,+ 81kg (heavyweight),M,Silver
Helsinki,1952,Boxing,Boxing,"GARBUZOV, Gennadi",URS,Men,51 - 54kg (bantamweight),M,Bronze
Helsinki,1952,Boxing,Boxing,"KANG, Joon-Ho",KOR,Men,51 - 54kg (bantamweight),M,Bronze
Helsinki,1952,Boxing,Boxing,"HÄMÄLÄINEN, Pentti Olavi",FIN,Men,51 - 54kg (bantamweight),M,Gold
Helsinki,1952,Boxing,Boxing,"MCNALLY, John",IRL,Men,51 - 54kg (bantamweight),M,Silver
Helsinki,1952,Boxing,Boxing,"LEISCHING, Leonard John",RSA,Men,54 - 57kg (featherweight),M,Bronze
Helsinki,1952,Boxing,Boxing,"VENTAJA, Joseph",FRA,Men,54 - 57kg (featherweight),M,Bronze
Helsinki,1952,Boxing,Boxing,"ZACHARA, Jan",TCH,Men,54 - 57kg (featherweight),M,Gold
Helsinki,1952,Boxing,Boxing,"CAPRARI, Sergio",ITA,Men,54 - 57kg (featherweight),M,Silver
Helsinki,1952,Boxing,Boxing,"FIAT, Gheorghe",ROU,Men,57 - 60kg (lightweight),M,Bronze
Helsinki,1952,Boxing,Boxing,"PAKKANEN, Erkki Osvald",FIN,Men,57 - 60kg (lightweight),M,Bronze
Helsinki,1952,Boxing,Boxing,"BOLOGNESI, Aureliano",ITA,Men,57 - 60kg (lightweight),M,Gold
Helsinki,1952,Boxing,Boxing,"ANTKIEWICZ, Aleksy",POL,Men,57 - 60kg (lightweight),M,Silver
Helsinki,1952,Boxing,Boxing,"MALLENIUS, Erkki Aarno",FIN,Men,60 - 63.5kg (light-welterweight),M,Bronze
Helsinki,1952,Boxing,Boxing,"VISINTIN, Bruno",ITA,Men,60 - 63.5kg (light-welterweight),M,Bronze
Helsinki,1952,Boxing,Boxing,"ADKINS, Charles",USA,Men,60 - 63.5kg (light-welterweight),M,Gold
Helsinki,1952,Boxing,Boxing,"MEDNOV, Viktor",URS,Men,60 - 63.5kg (light-welterweight),M,Silver
Helsinki,1952,Boxing,Boxing,"HEIDEMANN, Günther",GER,Men,63.5 - 67kg (welterweight),M,Bronze
Helsinki,1952,Boxing,Boxing,"JÖRGENSEN, Viktor",DEN,Men,63.5 - 67kg (welterweight),M,Bronze
Helsinki,1952,Boxing,Boxing,"CHYCHLA, Zygmunt",POL,Men,63.5 - 67kg (welterweight),M,Gold
Helsinki,1952,Boxing,Boxing,"SHCHERBAKOV, Sergei",URS,Men,63.5 - 67kg (welterweight),M,Silver
Helsinki,1952,Boxing,Boxing,"HERRERA, Eladio Oscar",ARG,Men,67 - 71kg (light-middleweight),M,Bronze
Helsinki,1952,Boxing,Boxing,"TISHIN, Boris",URS,Men,67 - 71kg (light-middleweight),M,Bronze
Helsinki,1952,Boxing,Boxing,"PAPP, Laszlo",HUN,Men,67 - 71kg (light-middleweight),M,Gold
Helsinki,1952,Boxing,Boxing,"VAN SCHALKWYK, Theunis Jacobus",RSA,Men,67 - 71kg (light-middleweight),M,Silver
Helsinki,1952,Boxing,Boxing,"NIKOLOV, Boris Georgiev",BUL,Men,71-75kg,M,Bronze
Helsinki,1952,Boxing,Boxing,"SJÖLIN, Stig",SWE,Men,71-75kg,M,Bronze
Helsinki,1952,Boxing,Boxing,"PATTERSON, Floyd",USA,Men,71-75kg,M,Gold
Helsinki,1952,Boxing,Boxing,"TITA, Vasile",ROU,Men,71-75kg,M,Silver
Helsinki,1952,Boxing,Boxing,"PEROV, Anatoli",URS,Men,75 - 81kg (light-heavyweight),M,Bronze
Helsinki,1952,Boxing,Boxing,"SILJANDER, Harri Walfrid",FIN,Men,75 - 81kg (light-heavyweight),M,Bronze
Helsinki,1952,Boxing,Boxing,"LEE, Norvel Lafayette Ray",USA,Men,75 - 81kg (light-heavyweight),M,Gold
Helsinki,1952,Boxing,Boxing,"PACENZA, Antonio",ARG,Men,75 - 81kg (light-heavyweight),M,Silver
Helsinki,1952,Canoe / Kayak,Canoe / Kayak F,"JINDRA, Alfred",TCH,Men,C-1 10000m,M,Bronze
Helsinki,1952,Canoe / Kayak,Canoe / Kayak F,"HAVENS, Frank",USA,Men,C-1 10000m,M,Gold
Helsinki,1952,Canoe / Kayak,Canoe / Kayak F,"NOVAK, Gabor",HUN,Men,C-1 10000m,M,Silver
Helsinki,1952,Canoe / Kayak,Canoe / Kayak F,"OJANPERA, Arvo Kaarlo Olavi",FIN,Men,C-1 1000m (canoe single),M,Bronze
Helsinki,1952,Canoe / Kayak,Canoe / Kayak F,"HOLECEK, Josef",TCH,Men,C-1 1000m (canoe single),M,Gold
Helsinki,1952,Canoe / Kayak,Canoe / Kayak F,"PARTI, Janos",HUN,Men,C-1 1000m (canoe single),M,Silver
Helsinki,1952,Canoe / Kayak,Canoe / Kayak F,"DREWS, Egon",GER,Men,C-2 10000m,M,Bronze
Helsinki,1952,Canoe / Kayak,Canoe / Kayak F,"SOLTAU, Wilfried",GER,Men,C-2 10000m,M,Bronze
Helsinki,1952,Canoe / Kayak,Canoe / Kayak F,"LAUDET, Jean",FRA,Men,C-2 10000m,M,Gold
Helsinki,1952,Canoe / Kayak,Canoe / Kayak F,"TURLIER, Georges",FRA,Men,C-2 10000m,M,Gold
Helsinki,1952,Canoe / Kayak,Canoe / Kayak F,"HAWGOOD, Donald Trevor",CAN,Men,C-2 10000m,M,Silver
Helsinki,1952,Canoe / Kayak,Canoe / Kayak F,"LANE, Kenneth Ralph",CAN,Men,C-2 10000m,M,Silver
Helsinki,1952,Canoe / Kayak,Canoe / Kayak F,"DREWS, Egon",GER,Men,C-2 1000m (canoe double),M,Bronze
Helsinki,1952,Canoe / Kayak,Canoe / Kayak F,"SOLTAU, Wilfried",GER,Men,C-2 1000m (canoe double),M,Bronze
Helsinki,1952,Canoe / Kayak,Canoe / Kayak F,"HAUNSTOFT, Finn",DEN,Men,C-2 1000m (canoe double),M,Gold
Helsinki,1952,Canoe / Kayak,Canoe / Kayak F,"RASCH, Bent Peder Benjamin",DEN,Men,C-2 1000m (canoe double),M,Gold
Helsinki,1952,Canoe / Kayak,Canoe / Kayak F,"BRZAK-FELIX, Jan",TCH,Men,C-2 1000m (canoe double),M,Silver
Helsinki,1952,Canoe / Kayak,Canoe / Kayak F,"KUDRNA, Bohumil",TCH,Men,C-2 1000m (canoe double),M,Silver
Helsinki,1952,Canoe / Kayak,Canoe / Kayak F,"SCHEUER, Michael",GER,Men,K-1 10000m,M,Bronze
Helsinki,1952,Canoe / Kayak,Canoe / Kayak F,"STRÖMBERG, Thorvald Lennart",FIN,Men,K-1 10000m,M,Gold
Helsinki,1952,Canoe / Kayak,Canoe / Kayak F,"FREDRIKSSON, Gert",SWE,Men,K-1 10000m,M,Silver
Helsinki,1952,Canoe / Kayak,Canoe / Kayak F,"GANTOIS, Louis",FRA,Men,K-1 1000m (kayak single),M,Bronze
Helsinki,1952,Canoe / Kayak,Canoe / Kayak F,"FREDRIKSSON, Gert",SWE,Men,K-1 1000m (kayak single),M,Gold
Helsinki,1952,Canoe / Kayak,Canoe / Kayak F,"STRÖMBERG, Thorvald Lennart",FIN,Men,K-1 1000m (kayak single),M,Silver
Helsinki,1952,Canoe / Kayak,Canoe / Kayak F,"SAVINA, Nina",URS,Women,K-1 500m (kayak single),W,Bronze
Helsinki,1952,Canoe / Kayak,Canoe / Kayak F,"SAIMO, Sylvi Riitta",FIN,Women,K-1 500m (kayak single),W,Gold
Helsinki,1952,Canoe / Kayak,Canoe / Kayak F,"LIEBHART, Gertrude",AUT,Women,K-1 500m (kayak single),W,Silver
Helsinki,1952,Canoe / Kayak,Canoe / Kayak F,"GUROVICS, Jozsef",HUN,Men,K-2 10000m,M,Bronze
Helsinki,1952,Canoe / Kayak,Canoe / Kayak F,"VARGA, Ferenc",HUN,Men,K-2 10000m,M,Bronze
Helsinki,1952,Canoe / Kayak,Canoe / Kayak F,"HIETANEN, Yrjö Jalmari",FIN,Men,K-2 10000m,M,Gold
Helsinki,1952,Canoe / Kayak,Canoe / Kayak F,"WIRES, Kurt Oskar",FIN,Men,K-2 10000m,M,Gold
Helsinki,1952,Canoe / Kayak,Canoe / Kayak F,"AKERLUND, Gunnar",SWE,Men,K-2 10000m,M,Silver
Helsinki,1952,Canoe / Kayak,Canoe / Kayak F,"WETTERSTRÖM, Hans",SWE,Men,K-2 10000m,M,Silver
Helsinki,1952,Canoe / Kayak,Canoe / Kayak F,"RAUB, Maximilian",AUT,Men,K-2 1000m (kayak double),M,Bronze
Helsinki,1952,Canoe / Kayak,Canoe / Kayak F,"WIEDERMANN, Herbert",AUT,Men,K-2 1000m (kayak double),M,Bronze
Helsinki,1952,Canoe / Kayak,Canoe / Kayak F,"HIETANEN, Yrjö Jalmari",FIN,Men,K-2 1000m (kayak double),M,Gold
Helsinki,1952,Canoe / Kayak,Canoe / Kayak F,"WIRES, Kurt Oskar",FIN,Men,K-2 1000m (kayak double),M,Gold
Helsinki,1952,Canoe / Kayak,Canoe / Kayak F,"GLASSER, Lars",SWE,Men,K-2 1000m (kayak double),M,Silver
Helsinki,1952,Canoe / Kayak,Canoe / Kayak F,"HEDBERG, Ingemar",SWE,Men,K-2 1000m (kayak double),M,Silver
Helsinki,1952,Cycling,Cycling Road,"ZIEGLER, Edwin (Edy)",GER,Men,individual road race,M,Bronze
Helsinki,1952,Cycling,Cycling Road,"NOYELLE, Andre Alfons",BEL,Men,individual road race,M,Gold
Helsinki,1952,Cycling,Cycling Road,"GRONDELAERS, Robert",BEL,Men,individual road race,M,Silver
Helsinki,1952,Cycling,Cycling Road,"ANQUETIL, Jacques",FRA,Men,team time trial,M,Bronze
Helsinki,1952,Cycling,Cycling Road,"ROUER, Claude Paul Lucien",FRA,Men,team time trial,M,Bronze
Helsinki,1952,Cycling,Cycling Road,"TONELLO, Alfred",FRA,Men,team time trial,M,Bronze
Helsinki,1952,Cycling,Cycling Road,"GRONDELAERS, Robert",BEL,Men,team time trial,M,Gold
Helsinki,1952,Cycling,Cycling Road,"NOYELLE, Andre Alfons",BEL,Men,team time trial,M,Gold
Helsinki,1952,Cycling,Cycling Road,"VICTOR, Lucien Honore",BEL,Men,team time trial,M,Gold
Helsinki,1952,Cycling,Cycling Road,"BRUNI, Dino",ITA,Men,team time trial,M,Silver
Helsinki,1952,Cycling,Cycling Road,"GHIDINI, Gianni",ITA,Men,team time trial,M,Silver
Helsinki,1952,Cycling,Cycling Road,"ZUCCONELLI, Vincenzo",ITA,Men,team time trial,M,Silver
Helsinki,1952,Cycling,Cycling Track,"ROBINSON, Raymond Leonard",RSA,Men,1km time trial,M,Bronze
Helsinki,1952,Cycling,Cycling Track,"MOCKRIDGE, Russell",AUS,Men,1km time trial,M,Gold
Helsinki,1952,Cycling,Cycling Track,"MORETTINI, Marino",ITA,Men,1km time trial,M,Silver
Helsinki,1952,Cycling,Cycling Track,"MASPES, Antonio",ITA,Men,2000m tandem,M,Bronze
Helsinki,1952,Cycling,Cycling Track,"PINARELLO, Cesare",ITA,Men,2000m tandem,M,Bronze
Helsinki,1952,Cycling,Cycling Track,"COX, Lionel",AUS,Men,2000m tandem,M,Gold
Helsinki,1952,Cycling,Cycling Track,"MOCKRIDGE, Russell",AUS,Men,2000m tandem,M,Gold
Helsinki,1952,Cycling,Cycling Track,"ROBINSON, Raymond Leonard",RSA,Men,2000m tandem,M,Silver
Helsinki,1952,Cycling,Cycling Track,"SHARDELOW, Thomas Frederick",RSA,Men,2000m tandem,M,Silver
Helsinki,1952,Cycling,Cycling Track,"POTZERNHEIM, Werner",GER,Men,Sprint indivual,M,Bronze
Helsinki,1952,Cycling,Cycling Track,"SACCHI, Enzo",ITA,Men,Sprint indivual,M,Gold
Helsinki,1952,Cycling,Cycling Track,"COX, Lionel",AUS,Men,Sprint indivual,M,Silver
Helsinki,1952,Cycling,Cycling Track,"BURGESS, Donald Christopher",GBR,Men,Team Pursuit (4000m),M,Bronze
Helsinki,1952,Cycling,Cycling Track,"NEWBERRY, George Albert",GBR,Men,Team Pursuit (4000m),M,Bronze
Helsinki,1952,Cycling,Cycling Track,"NEWTON, Alan",GBR,Men,Team Pursuit (4000m),M,Bronze
Helsinki,1952,Cycling,Cycling Track,"STRETTON, Ronald Charles",GBR,Men,Team Pursuit (4000m),M,Bronze
Helsinki,1952,Cycling,Cycling Track,"CAMPANA, Loris",ITA,Men,Team Pursuit (4000m),M,Gold
Helsinki,1952,Cycling,Cycling Track,"DE ROSSI, Mino",ITA,Men,Team Pursuit (4000m),M,Gold
Helsinki,1952,Cycling,Cycling Track,"MESSINA, Guido",ITA,Men,Team Pursuit (4000m),M,Gold
Helsinki,1952,Cycling,Cycling Track,"MORETTINI, Marino",ITA,Men,Team Pursuit (4000m),M,Gold
Helsinki,1952,Cycling,Cycling Track,"ESTMAN, George",RSA,Men,Team Pursuit (4000m),M,Silver
Helsinki,1952,Cycling,Cycling Track,"FOWLER, Robert Gerald",RSA,Men,Team Pursuit (4000m),M,Silver
Helsinki,1952,Cycling,Cycling Track,"SHARDELOW, Thomas Frederick",RSA,Men,Team Pursuit (4000m),M,Silver
Helsinki,1952,Cycling,Cycling Track,"SWIFT, Alfred James",RSA,Men,Team Pursuit (4000m),M,Silver
Helsinki,1952,Equestrian,Dressage,"JOUSSEAUME, Andre Rene",FRA,Men,individual,X,Bronze
Helsinki,1952,Equestrian,Dressage,"SAINT CYR, Henri",SWE,Men,individual,X,Gold
Helsinki,1952,Equestrian,Dressage,"HARTEL, Lis",DEN,Women,individual,X,Silver
Helsinki,1952,Equestrian,Dressage,"POLLAY, Heinz",GER,Men,team,X,Bronze
Helsinki,1952,Equestrian,Dressage,"THIEDEMANN, Fritz",GER,Men,team,X,Bronze
Helsinki,1952,Equestrian,Dressage,"BOLTENSTERN JR., Gustaf Adolf",SWE,Men,team,X,Gold
Helsinki,1952,Equestrian,Dressage,"PERSSON, Gehnäll",SWE,Men,team,X,Gold
Helsinki,1952,Equestrian,Dressage,"SAINT CYR, Henri",SWE,Men,team,X,Gold
Helsinki,1952,Equestrian,Dressage,"CHAMMARTIN, Henri",SUI,Men,team,X,Silver
Helsinki,1952,Equestrian,Dressage,"FISCHER, Gustav",SUI,Men,team,X,Silver
Helsinki,1952,Equestrian,Dressage,"TRACHSEL, Gottfried",SUI,Men,team,X,Silver
Helsinki,1952,Equestrian,Dressage,"VON NAGEL, Ida",GER,Women,team,X,Bronze
Helsinki,1952,Equestrian,Eventing,"BÜSING, Wilhelm ""Willy""",GER,Men,individual,X,Bronze
Helsinki,1952,Equestrian,Eventing,"VON BLIXEN FINECKE JR., Hans",SWE,Men,individual,X,Gold
Helsinki,1952,Equestrian,Eventing,"LEFRANT, Guy Robert Marie",FRA,Men,individual,X,Silver
Helsinki,1952,Equestrian,Eventing,"HOUGH, Charles Gordon Jr.",USA,Men,team,X,Bronze
Helsinki,1952,Equestrian,Eventing,"STALEY, Walter Goodwin Jr.",USA,Men,team,X,Bronze
Helsinki,1952,Equestrian,Eventing,"WOFFORD, John Edwin Brown",USA,Men,team,X,Bronze
Helsinki,1952,Equestrian,Eventing,"FRÖLEN, Folke",SWE,Men,team,X,Gold
Helsinki,1952,Equestrian,Eventing,"STAHRE, Olof",SWE,Men,team,X,Gold
Helsinki,1952,Equestrian,Eventing,"VON BLIXEN FINECKE JR., Hans",SWE,Men,team,X,Gold
Helsinki,1952,Equestrian,Eventing,"BÜSING, Wilhelm ""Willy""",GER,Men,team,X,Silver
Helsinki,1952,Equestrian,Eventing,"ROTHE, Otto",GER,Men,team,X,Silver
Helsinki,1952,Equestrian,Eventing,"WAGNER, Klaus",GER,Men,team,X,Silver
Helsinki,1952,Equestrian,Jumping,"THIEDEMANN, Fritz",GER,Men,individual,X,Bronze
Helsinki,1952,Equestrian,Jumping,"JONQUERES D'ORIOLA, Pierre",FRA,Men,individual,X,Gold
Helsinki,1952,Equestrian,Jumping,"CRISTI-GALLO, Oscar",CHI,Men,individual,X,Silver
Helsinki,1952,Equestrian,Jumping,"MCCASHIN, Arthur Johan",USA,Men,team,X,Bronze
Helsinki,1952,Equestrian,Jumping,"RUSSELL, John William",USA,Men,team,X,Bronze
Helsinki,1952,Equestrian,Jumping,"STEINKRAUS, William Clark",USA,Men,team,X,Bronze
Helsinki,1952,Equestrian,Jumping,"LLEWELLYN, Harry Morton",GBR,Men,team,X,Gold
Helsinki,1952,Equestrian,Jumping,"STEWART, Douglas Norman",GBR,Men,team,X,Gold
Helsinki,1952,Equestrian,Jumping,"WHITE, Wilfred Harry",GBR,Men,team,X,Gold
Helsinki,1952,Equestrian,Jumping,"CRISTI-GALLO, Oscar",CHI,Men,team,X,Silver
Helsinki,1952,Equestrian,Jumping,"ECHEVERRIA, Ricardo",CHI,Men,team,X,Silver
Helsinki,1952,Equestrian,Jumping,"MENDOZA, Cesar",CHI,Men,team,X,Silver
Helsinki,1952,Fencing,Fencing,"ZAPPELLI, Oswald",SUI,Men,épée individual,M,Bronze
Helsinki,1952,Fencing,Fencing,"MANGIAROTTI, Edoardo",ITA,Men,épée individual,M,Gold
Helsinki,1952,Fencing,Fencing,"MANGIAROTTI, Dario",ITA,Men,épée individual,M,Silver
Helsinki,1952,Fencing,Fencing,"BARTH, Paul",SUI,Men,épée team,M,Bronze
Helsinki,1952,Fencing,Fencing,"FITTING, Willy",SUI,Men,épée team,M,Bronze
Helsinki,1952,Fencing,Fencing,"MEISTER, Paul",SUI,Men,épée team,M,Bronze
Helsinki,1952,Fencing,Fencing,"RÜFENACHT, Otto",SUI,Men,épée team,M,Bronze
Helsinki,1952,Fencing,Fencing,"VALOTA, Mario",SUI,Men,épée team,M,Bronze
Helsinki,1952,Fencing,Fencing,"ZAPPELLI, Oswald",SUI,Men,épée team,M,Bronze
Helsinki,1952,Fencing,Fencing,"BATTAGLIA, Roberto",ITA,Men,épée team,M,Gold
Helsinki,1952,Fencing,Fencing,"BERTINETTI, Franco",ITA,Men,épée team,M,Gold
Helsinki,1952,Fencing,Fencing,"DELFINO, Giuseppe",ITA,Men,épée team,M,Gold
Helsinki,1952,Fencing,Fencing,"MANGIAROTTI, Dario",ITA,Men,épée team,M,Gold
Helsinki,1952,Fencing,Fencing,"MANGIAROTTI, Edoardo",ITA,Men,épée team,M,Gold
Helsinki,1952,Fencing,Fencing,"PAVESI, Carlo",ITA,Men,épée team,M,Gold
Helsinki,1952,Fencing,Fencing,"CARLESON, Per Hjalmar",SWE,Men,épée team,M,Silver
Helsinki,1952,Fencing,Fencing,"FAHLMAN, Sven",SWE,Men,épée team,M,Silver
Helsinki,1952,Fencing,Fencing,"FORSSELL, Carl",SWE,Men,épée team,M,Silver
Helsinki,1952,Fencing,Fencing,"LJUNGQUIST, Bengt",SWE,Men,épée team,M,Silver
Helsinki,1952,Fencing,Fencing,"MAGNUSSON, Lennart",SWE,Men,épée team,M,Silver
Helsinki,1952,Fencing,Fencing,"REHBINDER, Berndt-Otto",SWE,Men,épée team,M,Silver
Helsinki,1952,Fencing,Fencing,"DI ROSA, Manlio",ITA,Men,foil individual,M,Bronze
Helsinki,1952,Fencing,Fencing,"D'ORIOLA, Christian",FRA,Men,foil individual,M,Gold
Helsinki,1952,Fencing,Fencing,"MANGIAROTTI, Edoardo",ITA,Men,foil individual,M,Silver
Helsinki,1952,Fencing,Fencing,"LACHMANN, Karen Vilhelmine",DEN,Women,foil individual,W,Bronze
Helsinki,1952,Fencing,Fencing,"CAMBER, Irene",ITA,Women,foil individual,W,Gold
Helsinki,1952,Fencing,Fencing,"ELEK, Ilona",HUN,Women,foil individual,W,Silver
Helsinki,1952,Fencing,Fencing,"BERCZELLY, Tibor",HUN,Men,foil team,M,Bronze
Helsinki,1952,Fencing,Fencing,"GEREVICH, Aladar",HUN,Men,foil team,M,Bronze
Helsinki,1952,Fencing,Fencing,"MASZLAY, Lajos",HUN,Men,foil team,M,Bronze
Helsinki,1952,Fencing,Fencing,"PALOCZ, Endre",HUN,Men,foil team,M,Bronze
Helsinki,1952,Fencing,Fencing,"SAKOVICS, Jozsef",HUN,Men,foil team,M,Bronze
Helsinki,1952,Fencing,Fencing,"TILLI, Endre",HUN,Men,foil team,M,Bronze
Helsinki,1952,Fencing,Fencing,"BUHAN, Jehan",FRA,Men,foil team,M,Gold
Helsinki,1952,Fencing,Fencing,"D'ORIOLA, Christian",FRA,Men,foil team,M,Gold
Helsinki,1952,Fencing,Fencing,"LATASTE, Jacques",FRA,Men,foil team,M,Gold
Helsinki,1952,Fencing,Fencing,"NETTER, Claude",FRA,Men,foil team,M,Gold
Helsinki,1952,Fencing,Fencing,"NOËL, Jacques",FRA,Men,foil team,M,Gold
Helsinki,1952,Fencing,Fencing,"ROMMEL, Adrien",FRA,Men,foil team,M,Gold
Helsinki,1952,Fencing,Fencing,"BERGAMINI, Giancarlo",ITA,Men,foil team,M,Silver
Helsinki,1952,Fencing,Fencing,"DI ROSA, Manlio",ITA,Men,foil team,M,Silver
Helsinki,1952,Fencing,Fencing,"MANGIAROTTI, Edoardo",ITA,Men,foil team,M,Silver
Helsinki,1952,Fencing,Fencing,"NOSTINI, Renzo",ITA,Men,foil team,M,Silver
Helsinki,1952,Fencing,Fencing,"PELLINI, Giorgio",ITA,Men,foil team,M,Silver
Helsinki,1952,Fencing,Fencing,"SPALLINO, Antonio",ITA,Men,foil team,M,Silver
Helsinki,1952,Fencing,Fencing,"BERCZELLY, Tibor",HUN,Men,sabre individual,M,Bronze
Helsinki,1952,Fencing,Fencing,"KOVACS, Pal Adam",HUN,Men,sabre individual,M,Gold
Helsinki,1952,Fencing,Fencing,"GEREVICH, Aladar",HUN,Men,sabre individual,M,Silver
Helsinki,1952,Fencing,Fencing,"LAROYENNE, Jean",FRA,Men,sabre team,M,Bronze
Helsinki,1952,Fencing,Fencing,"LEFEVRE, Jacques",FRA,Men,sabre team,M,Bronze
Helsinki,1952,Fencing,Fencing,"LEVAVASSEUR, Jean",FRA,Men,sabre team,M,Bronze
Helsinki,1952,Fencing,Fencing,"MOREL, Bernard",FRA,Men,sabre team,M,Bronze
Helsinki,1952,Fencing,Fencing,"PIOT, Maurice",FRA,Men,sabre team,M,Bronze
Helsinki,1952,Fencing,Fencing,"TOURNON, Jean Francois",FRA,Men,sabre team,M,Bronze
Helsinki,1952,Fencing,Fencing,"BERCZELLY, Tibor",HUN,Men,sabre team,M,Gold
Helsinki,1952,Fencing,Fencing,"GEREVICH, Aladar",HUN,Men,sabre team,M,Gold
Helsinki,1952,Fencing,Fencing,"KARPATI, Rudolf",HUN,Men,sabre team,M,Gold
Helsinki,1952,Fencing,Fencing,"KOVACS, Pal Adam",HUN,Men,sabre team,M,Gold
Helsinki,1952,Fencing,Fencing,"PAPP, Bertalan",HUN,Men,sabre team,M,Gold
Helsinki,1952,Fencing,Fencing,"RAJCSANYI, Laszlo",HUN,Men,sabre team,M,Gold
Helsinki,1952,Fencing,Fencing,"DARE, Gastone",ITA,Men,sabre team,M,Silver
Helsinki,1952,Fencing,Fencing,"FERRARI, Roberto",ITA,Men,sabre team,M,Silver
Helsinki,1952,Fencing,Fencing,"NOSTINI, Renzo",ITA,Men,sabre team,M,Silver
Helsinki,1952,Fencing,Fencing,"PELLINI, Giorgio",ITA,Men,sabre team,M,Silver
Helsinki,1952,Fencing,Fencing,"PINTON, Vincenzo",ITA,Men,sabre team,M,Silver
Helsinki,1952,Fencing,Fencing,"RACCA, Mauro",ITA,Men,sabre team,M,Silver
Helsinki,1952,Football,Football,"AHLUND, Olof ""Olle""",SWE,Men,football,M,Bronze
Helsinki,1952,Football,Football,"BENGTSSON, Sylve",SWE,Men,football,M,Bronze
Helsinki,1952,Football,Football,"BRODD, Yngve",SWE,Men,football,M,Bronze
