Los Angeles,1984,Handball,Handball,"PTUJEC, Jasna",YUG,Women,handball,W,Gold
Los Angeles,1984,Handball,Handball,"VISNJIC, Biserka",YUG,Women,handball,W,Gold
Los Angeles,1984,Handball,Handball,"HAN, Hwa-Soo",KOR,Women,handball,W,Silver
Los Angeles,1984,Handball,Handball,"JEONG, Hyoi-Soon",KOR,Women,handball,W,Silver
Los Angeles,1984,Handball,Handball,"JEONG, Soon-Bok",KOR,Women,handball,W,Silver
Los Angeles,1984,Handball,Handball,"KIM, Choon-Rye",KOR,Women,handball,W,Silver
Los Angeles,1984,Handball,Handball,"KIM, Kyung-Soon",KOR,Women,handball,W,Silver
Los Angeles,1984,Handball,Handball,"KIM, Mi-Sook",KOR,Women,handball,W,Silver
Los Angeles,1984,Handball,Handball,"KIM, Ok-Hwa",KOR,Women,handball,W,Silver
Los Angeles,1984,Handball,Handball,"LEE, Soon-Ei",KOR,Women,handball,W,Silver
Los Angeles,1984,Handball,Handball,"LEE, Young-Ja",KOR,Women,handball,W,Silver
Los Angeles,1984,Handball,Handball,"SON, Mi-Ha",KOR,Women,handball,W,Silver
Los Angeles,1984,Handball,Handball,"SUNG, Kyung-Hwa",KOR,Women,handball,W,Silver
Los Angeles,1984,Handball,Handball,"YOON, Byung-Soon",KOR,Women,handball,W,Silver
Los Angeles,1984,Handball,Handball,"YOON, Soo-Kyung",KOR,Women,handball,W,Silver
Los Angeles,1984,Hockey,Hockey,"BARBER, Paul Jason",GBR,Men,hockey,M,Bronze
Los Angeles,1984,Hockey,Hockey,"BATCHELOR, Steven James",GBR,Men,hockey,M,Bronze
Los Angeles,1984,Hockey,Hockey,"BHAURA, Kulbir Singh",GBR,Men,hockey,M,Bronze
Los Angeles,1984,Hockey,Hockey,"CATTRALL, Robert Lewis",GBR,Men,hockey,M,Bronze
Los Angeles,1984,Hockey,Hockey,"DODDS, Richard David Allan",GBR,Men,hockey,M,Bronze
Los Angeles,1984,Hockey,Hockey,"DUTHIE, James Livingstone",GBR,Men,hockey,M,Bronze
Los Angeles,1984,Hockey,Hockey,"HUGHES, Norman",GBR,Men,hockey,M,Bronze
Los Angeles,1984,Hockey,Hockey,"KERLY, Sean Robin",GBR,Men,hockey,M,Bronze
Los Angeles,1984,Hockey,Hockey,"LEMAN, Richard Alexander",GBR,Men,hockey,M,Bronze
Los Angeles,1984,Hockey,Hockey,"MARTIN, Stephen Alexander.",GBR,Men,hockey,M,Bronze
Los Angeles,1984,Hockey,Hockey,"MCCONNELL, William David Robert",GBR,Men,hockey,M,Bronze
Los Angeles,1984,Hockey,Hockey,"PAPPIN, Veryan Guy Henry",GBR,Men,hockey,M,Bronze
Los Angeles,1984,Hockey,Hockey,"POTTER, Jonathan Nicholas M.",GBR,Men,hockey,M,Bronze
Los Angeles,1984,Hockey,Hockey,"PRECIOUS, Mark",GBR,Men,hockey,M,Bronze
Los Angeles,1984,Hockey,Hockey,"TAYLOR, Ian Charles Boucher",GBR,Men,hockey,M,Bronze
Los Angeles,1984,Hockey,Hockey,"WESTCOTT, David Guy",GBR,Men,hockey,M,Bronze
Los Angeles,1984,Hockey,Hockey,"ABDUL, Rashid IV",PAK,Men,hockey,M,Gold
Los Angeles,1984,Hockey,Hockey,"DAR, Tauqeer",PAK,Men,hockey,M,Gold
Los Angeles,1984,Hockey,Hockey,"HASSAN, Sardar",PAK,Men,hockey,M,Gold
Los Angeles,1984,Hockey,Hockey,"ISHTIAQ, Ahmed",PAK,Men,hockey,M,Gold
Los Angeles,1984,Hockey,Hockey,"KALEEM, Ullah",PAK,Men,hockey,M,Gold
Los Angeles,1984,Hockey,Hockey,"KHALID, Hameed",PAK,Men,hockey,M,Gold
Los Angeles,1984,Hockey,Hockey,"KHAN, Hanir",PAK,Men,hockey,M,Gold
Los Angeles,1984,Hockey,Hockey,"KHAN, Shahid Ali",PAK,Men,hockey,M,Gold
Los Angeles,1984,Hockey,Hockey,"MANZOOR, Hussain",PAK,Men,hockey,M,Gold
Los Angeles,1984,Hockey,Hockey,"MEHMOOD, Ayaz",PAK,Men,hockey,M,Gold
Los Angeles,1984,Hockey,Hockey,"MOIN UD DIN, Ghulam",PAK,Men,hockey,M,Gold
Los Angeles,1984,Hockey,Hockey,"MUSHTAQ, Ahmed",PAK,Men,hockey,M,Gold
Los Angeles,1984,Hockey,Hockey,"NAEEM, Akhtar",PAK,Men,hockey,M,Gold
Los Angeles,1984,Hockey,Hockey,"NASIR, Ali",PAK,Men,hockey,M,Gold
Los Angeles,1984,Hockey,Hockey,"QASIM, Zia",PAK,Men,hockey,M,Gold
Los Angeles,1984,Hockey,Hockey,"SHERWANI, Saleem",PAK,Men,hockey,M,Gold
Los Angeles,1984,Hockey,Hockey,"BASSEMIR, Christian",FRG,Men,hockey,M,Silver
Los Angeles,1984,Hockey,Hockey,"BLÖCHER, Stefan",FRG,Men,hockey,M,Silver
Los Angeles,1984,Hockey,Hockey,"BRINKMANN, Dirk",FRG,Men,hockey,M,Silver
Los Angeles,1984,Hockey,Hockey,"DOPP, Heiner",FRG,Men,hockey,M,Silver
Los Angeles,1984,Hockey,Hockey,"FISCHER, Carsten",FRG,Men,hockey,M,Silver
Los Angeles,1984,Hockey,Hockey,"FRANK, Tobias",FRG,Men,hockey,M,Silver
Los Angeles,1984,Hockey,Hockey,"FRIED, Volker",FRG,Men,hockey,M,Silver
Los Angeles,1984,Hockey,Hockey,"GUNST, Thomas",FRG,Men,hockey,M,Silver
Los Angeles,1984,Hockey,Hockey,"HANEL, Horst-Ulrich",FRG,Men,hockey,M,Silver
Los Angeles,1984,Hockey,Hockey,"HURTER, Karl-Joachim",FRG,Men,hockey,M,Silver
Los Angeles,1984,Hockey,Hockey,"KELLER, Andreas",FRG,Men,hockey,M,Silver
Los Angeles,1984,Hockey,Hockey,"KRULL, Reinhard",FRG,Men,hockey,M,Silver
Los Angeles,1984,Hockey,Hockey,"PETER, Michael",FRG,Men,hockey,M,Silver
Los Angeles,1984,Hockey,Hockey,"RECK, Thomas Werner",FRG,Men,hockey,M,Silver
Los Angeles,1984,Hockey,Hockey,"SCHMIDT-OPPER, Ekkhard",FRG,Men,hockey,M,Silver
Los Angeles,1984,Hockey,Hockey,"SLAWYK, Markku",FRG,Men,hockey,M,Silver
Los Angeles,1984,Hockey,Hockey,"ANDERS, Elizabeth Rambo",USA,Women,hockey,W,Bronze
Los Angeles,1984,Hockey,Hockey,"BEGLIN, Elizabeth Anne",USA,Women,hockey,W,Bronze
Los Angeles,1984,Hockey,Hockey,"BUGGY, Regina E.",USA,Women,hockey,W,Bronze
Los Angeles,1984,Hockey,Hockey,"CHEESEMAN, Gwen Wentz",USA,Women,hockey,W,Bronze
Los Angeles,1984,Hockey,Hockey,"JOHNSON, Sheryl Ann",USA,Women,hockey,W,Bronze
Los Angeles,1984,Hockey,Hockey,"LARSON-MASON, Christine",USA,Women,hockey,W,Bronze
Los Angeles,1984,Hockey,Hockey,"MCCAHEY, Kathleen Ann",USA,Women,hockey,W,Bronze
Los Angeles,1984,Hockey,Hockey,"MILLER, Anita Corl",USA,Women,hockey,W,Bronze
Los Angeles,1984,Hockey,Hockey,"MILNE, Leslie Woods",USA,Women,hockey,W,Bronze
Los Angeles,1984,Hockey,Hockey,"MORETT, Charlene Frances",USA,Women,hockey,W,Bronze
Los Angeles,1984,Hockey,Hockey,"MOYER, Diane Marie",USA,Women,hockey,W,Bronze
Los Angeles,1984,Hockey,Hockey,"PLACE, Marcella Jeanette",USA,Women,hockey,W,Bronze
Los Angeles,1984,Hockey,Hockey,"SHELTON, Karen Christina",USA,Women,hockey,W,Bronze
Los Angeles,1984,Hockey,Hockey,"STAUFFER, Brenda Lee",USA,Women,hockey,W,Bronze
Los Angeles,1984,Hockey,Hockey,"STAVER, Julia Ann",USA,Women,hockey,W,Bronze
Los Angeles,1984,Hockey,Hockey,"STRONG, Judith Ann",USA,Women,hockey,W,Bronze
Los Angeles,1984,Hockey,Hockey,"BENNINGA, Carina",NED,Women,hockey,W,Gold
Los Angeles,1984,Hockey,Hockey,"BOEKHORST, Josephine",NED,Women,hockey,W,Gold
Los Angeles,1984,Hockey,Hockey,"BOLHUIS-EIJSVOGEL, Maria Yolanda C.",NED,Women,hockey,W,Gold
Los Angeles,1984,Hockey,Hockey,"DE BEUS, Bernadette",NED,Women,hockey,W,Gold
Los Angeles,1984,Hockey,Hockey,"HENDRIKS, Irene",NED,Women,hockey,W,Gold
Los Angeles,1984,Hockey,Hockey,"HILLEN, Francisca",NED,Women,hockey,W,Gold
Los Angeles,1984,Hockey,Hockey,"LE POOLE, Alexandra",NED,Women,hockey,W,Gold
Los Angeles,1984,Hockey,Hockey,"NIEUWEWNHUIZEN, Anne Lucia (Anneloes)",NED,Women,hockey,W,Gold
Los Angeles,1984,Hockey,Hockey,"OHR, Martine",NED,Women,hockey,W,Gold
Los Angeles,1984,Hockey,Hockey,"POS, Alette",NED,Women,hockey,W,Gold
Los Angeles,1984,Hockey,Hockey,"SEVENS, Elisabeth Anthonius",NED,Women,hockey,W,Gold
Los Angeles,1984,Hockey,Hockey,"VAN DOORN, Marieke Birgitta",NED,Women,hockey,W,Gold
Los Angeles,1984,Hockey,Hockey,"VAN MANEN, Aletta",NED,Women,hockey,W,Gold
Los Angeles,1984,Hockey,Hockey,"VON WEILER, Sophie Pauline",NED,Women,hockey,W,Gold
Los Angeles,1984,Hockey,Hockey,"WILLEMSE, Laurien",NED,Women,hockey,W,Gold
Los Angeles,1984,Hockey,Hockey,"ZEGERS, Margriet",NED,Women,hockey,W,Gold
Los Angeles,1984,Hockey,Hockey,"APPEL, Gabriele Marion",FRG,Women,hockey,W,Silver
Los Angeles,1984,Hockey,Hockey,"BREIKEN-BREMER, Dagmar",FRG,Women,hockey,W,Silver
Los Angeles,1984,Hockey,Hockey,"DEININGER, Beate",FRG,Women,hockey,W,Silver
Los Angeles,1984,Hockey,Hockey,"DRULL, Elke",FRG,Women,hockey,W,Silver
Los Angeles,1984,Hockey,Hockey,"HAGEN, Birgit",FRG,Women,hockey,W,Silver
Los Angeles,1984,Hockey,Hockey,"HAHN, Birgit",FRG,Women,hockey,W,Silver
Los Angeles,1984,Hockey,Hockey,"KOCH-HALLMEN, Martina",FRG,Women,hockey,W,Silver
Los Angeles,1984,Hockey,Hockey,"LANDGRAF, Sigrid",FRG,Women,hockey,W,Silver
Los Angeles,1984,Hockey,Hockey,"LINGNAU, Corinna",FRG,Women,hockey,W,Silver
Los Angeles,1984,Hockey,Hockey,"MOSER, Christina",FRG,Women,hockey,W,Silver
Los Angeles,1984,Hockey,Hockey,"OTT, Patricia",FRG,Women,hockey,W,Silver
Los Angeles,1984,Hockey,Hockey,"ROTH, Hella",FRG,Women,hockey,W,Silver
Los Angeles,1984,Hockey,Hockey,"SCHLEY-SCHÖWE, Gabriele",FRG,Women,hockey,W,Silver
Los Angeles,1984,Hockey,Hockey,"SCHMID, Susanne Leonie",FRG,Women,hockey,W,Silver
Los Angeles,1984,Hockey,Hockey,"THIELEMANN, Ursula",FRG,Women,hockey,W,Silver
Los Angeles,1984,Hockey,Hockey,"WEIERMANN-LIETZ, Andrea",FRG,Women,hockey,W,Silver
Los Angeles,1984,Judo,Judo,"ECKERSLEY, Neil",GBR,Men,- 60 kg,M,Bronze
Los Angeles,1984,Judo,Judo,"LIDDIE, Edward J.",USA,Men,- 60 kg,M,Bronze
Los Angeles,1984,Judo,Judo,"HOSOKAWA, Shinji",JPN,Men,- 60 kg,M,Gold
Los Angeles,1984,Judo,Judo,"KIM, Jae-Yup",KOR,Men,- 60 kg,M,Silver
Los Angeles,1984,Judo,Judo,"BERGER, Marc",CAN,Men,+ 95kg (heavyweight),M,Bronze
Los Angeles,1984,Judo,Judo,"CHO, Yong-Chul",KOR,Men,+ 95kg (heavyweight),M,Bronze
Los Angeles,1984,Judo,Judo,"SAITO, Hitoshi",JPN,Men,+ 95kg (heavyweight),M,Gold
Los Angeles,1984,Judo,Judo,"PARISI, Angelo",FRA,Men,+ 95kg (heavyweight),M,Silver
Los Angeles,1984,Judo,Judo,"ALEXANDRE, Marc",FRA,Men,60 - 65kg (half-lightweight),M,Bronze
Los Angeles,1984,Judo,Judo,"REITER, Josef",AUT,Men,60 - 65kg (half-lightweight),M,Bronze
Los Angeles,1984,Judo,Judo,"MATSUOKA, Yoshiyuki",JPN,Men,60 - 65kg (half-lightweight),M,Gold
Los Angeles,1984,Judo,Judo,"HWANG, Jun-Oh",KOR,Men,60 - 65kg (half-lightweight),M,Silver
Los Angeles,1984,Judo,Judo,"BROWN, Kerrith",GBR,Men,65 - 71kg (lightweight),M,Bronze
Los Angeles,1984,Judo,Judo,"YOSHIO ONMURA, Luiz Yoshio",BRA,Men,65 - 71kg (lightweight),M,Bronze
Los Angeles,1984,Judo,Judo,"AHN, Byung-Keun",KOR,Men,65 - 71kg (lightweight),M,Gold
Los Angeles,1984,Judo,Judo,"GAMBA, Ezio",ITA,Men,65 - 71kg (lightweight),M,Silver
Los Angeles,1984,Judo,Judo,"FRATICA, Mircea",ROU,Men,71 - 78kg (half-middleweight),M,Bronze
Los Angeles,1984,Judo,Judo,"NOWAK, Michel",FRA,Men,71 - 78kg (half-middleweight),M,Bronze
Los Angeles,1984,Judo,Judo,"WIENEKE, Frank",FRG,Men,71 - 78kg (half-middleweight),M,Gold
Los Angeles,1984,Judo,Judo,"ADAMS, Neil",GBR,Men,71 - 78kg (half-middleweight),M,Silver
Los Angeles,1984,Judo,Judo,"CARMONA, Walter",BRA,Men,78 - 86kg (middleweight),M,Bronze
Los Angeles,1984,Judo,Judo,"NOSE, Seiki",JPN,Men,78 - 86kg (middleweight),M,Bronze
Los Angeles,1984,Judo,Judo,"SEISENBACHER, Peter",AUT,Men,78 - 86kg (middleweight),M,Gold
Los Angeles,1984,Judo,Judo,"BERLAND, Robert Lee",USA,Men,78 - 86kg (middleweight),M,Silver
Los Angeles,1984,Judo,Judo,"FRIDRIKSSON, Bjarni",ISL,Men,86 - 95kg (half-heavyweight),M,Bronze
Los Angeles,1984,Judo,Judo,"NEUREUTHER, Günther",FRG,Men,86 - 95kg (half-heavyweight),M,Bronze
Los Angeles,1984,Judo,Judo,"HA, Hyung-Zoo",KOR,Men,86 - 95kg (half-heavyweight),M,Gold
Los Angeles,1984,Judo,Judo,"VIEIRA, Douglas",BRA,Men,86 - 95kg (half-heavyweight),M,Silver
Los Angeles,1984,Judo,Judo,"CIOC, Mihai",ROU,Men,open category,M,Bronze
Los Angeles,1984,Judo,Judo,"SCHNABEL, Arthur",FRG,Men,open category,M,Bronze
Los Angeles,1984,Judo,Judo,"YAMASHITA, Yasuhiro",JPN,Men,open category,M,Gold
Los Angeles,1984,Judo,Judo,"RASHWAN, Mohamed",EGY,Men,open category,M,Silver
Los Angeles,1984,Modern Pentathlon,Modern Pentath.,"MASSULLO, Carlo",ITA,Men,Individual competition,M,Bronze
Los Angeles,1984,Modern Pentathlon,Modern Pentath.,"MASALA, Daniele",ITA,Men,Individual competition,M,Gold
Los Angeles,1984,Modern Pentathlon,Modern Pentath.,"RASMUSON, Svante",SWE,Men,Individual competition,M,Silver
Los Angeles,1984,Modern Pentathlon,Modern Pentath.,"BOUBE, Didier",FRA,Men,Team competition,M,Bronze
Los Angeles,1984,Modern Pentathlon,Modern Pentath.,"BOUZOU, Joel",FRA,Men,Team competition,M,Bronze
Los Angeles,1984,Modern Pentathlon,Modern Pentath.,"FOUR, Paul",FRA,Men,Team competition,M,Bronze
Los Angeles,1984,Modern Pentathlon,Modern Pentath.,"CRISTOFORI, Pier Paolo",ITA,Men,Team competition,M,Gold
Los Angeles,1984,Modern Pentathlon,Modern Pentath.,"MASALA, Daniele",ITA,Men,Team competition,M,Gold
Los Angeles,1984,Modern Pentathlon,Modern Pentath.,"MASSULLO, Carlo",ITA,Men,Team competition,M,Gold
Los Angeles,1984,Modern Pentathlon,Modern Pentath.,"GLENESK, Dean William",USA,Men,Team competition,M,Silver
Los Angeles,1984,Modern Pentathlon,Modern Pentath.,"LOSEY, Robert Gregory",USA,Men,Team competition,M,Silver
Los Angeles,1984,Modern Pentathlon,Modern Pentath.,"STORM, Michael Earle",USA,Men,Team competition,M,Silver
Los Angeles,1984,Rowing,Rowing,"GREPPERUD, Hans Magnus",NOR,Men,coxless pair (2-),M,Bronze
Los Angeles,1984,Rowing,Rowing,"LOKEN, Sverre Bertrand",NOR,Men,coxless pair (2-),M,Bronze
Los Angeles,1984,Rowing,Rowing,"IOSUB, Petru",ROU,Men,coxless pair (2-),M,Gold
Los Angeles,1984,Rowing,Rowing,"TOMA, Valer",ROU,Men,coxless pair (2-),M,Gold
Los Angeles,1984,Rowing,Rowing,"CLIMENT HUERTA, Fernando",ESP,Men,coxless pair (2-),M,Silver
Los Angeles,1984,Rowing,Rowing,"LASURTEGUI BERRIDI, Luis Maria",ESP,Men,coxless pair (2-),M,Silver
Los Angeles,1984,Rowing,Rowing,"PANCIC, Zoran",YUG,Men,double sculls (2x),M,Bronze
Los Angeles,1984,Rowing,Rowing,"STANULOV, Milorad",YUG,Men,double sculls (2x),M,Bronze
Los Angeles,1984,Rowing,Rowing,"ENQUIST, Paul N.",USA,Men,double sculls (2x),M,Gold
Los Angeles,1984,Rowing,Rowing,"LEWIS, Bradley Alan",USA,Men,double sculls (2x),M,Gold
Los Angeles,1984,Rowing,Rowing,"CROIS, Dirk",BEL,Men,double sculls (2x),M,Silver
Los Angeles,1984,Rowing,Rowing,"DELOOF, Pierre Marie",BEL,Men,double sculls (2x),M,Silver
Los Angeles,1984,Rowing,Rowing,"LAUMANN, Daniele",CAN,Women,double sculls (2x),W,Bronze
Los Angeles,1984,Rowing,Rowing,"LAUMANN, Silken Suzette",CAN,Women,double sculls (2x),W,Bronze
Los Angeles,1984,Rowing,Rowing,"LIPA, Elisabeta",ROU,Women,double sculls (2x),W,Gold
Los Angeles,1984,Rowing,Rowing,"POPESCU, Marioara",ROU,Women,double sculls (2x),W,Gold
Los Angeles,1984,Rowing,Rowing,"HELLEMANS, Greet",NED,Women,double sculls (2x),W,Silver
Los Angeles,1984,Rowing,Rowing,"HELLEMANS, Nicolette",NED,Women,double sculls (2x),W,Silver
Los Angeles,1984,Rowing,Rowing,"BATTERSBY, James",AUS,Men,eight with coxswain (8+),M,Bronze
Los Angeles,1984,Rowing,Rowing,"EDMUNDS, Ian",AUS,Men,eight with coxswain (8+),M,Bronze
Los Angeles,1984,Rowing,Rowing,"EVANS, Stephen",AUS,Men,eight with coxswain (8+),M,Bronze
Los Angeles,1984,Rowing,Rowing,"HEFER, Clyde",AUS,Men,eight with coxswain (8+),M,Bronze
Los Angeles,1984,Rowing,Rowing,"MULLER, Craig",AUS,Men,eight with coxswain (8+),M,Bronze
Los Angeles,1984,Rowing,Rowing,"PATTEN, Samuel",AUS,Men,eight with coxswain (8+),M,Bronze
Los Angeles,1984,Rowing,Rowing,"POPA, Ion",AUS,Men,eight with coxswain (8+),M,Bronze
Los Angeles,1984,Rowing,Rowing,"THREDGOLD, Gavin",AUS,Men,eight with coxswain (8+),M,Bronze
Los Angeles,1984,Rowing,Rowing,"WILLOUGHBY, Timothy",AUS,Men,eight with coxswain (8+),M,Bronze
Los Angeles,1984,Rowing,Rowing,"CRAWFORD, Dean",CAN,Men,eight with coxswain (8+),M,Gold
Los Angeles,1984,Rowing,Rowing,"EVANS, Mark",CAN,Men,eight with coxswain (8+),M,Gold
Los Angeles,1984,Rowing,Rowing,"EVANS, Michael",CAN,Men,eight with coxswain (8+),M,Gold
Los Angeles,1984,Rowing,Rowing,"HORN, Blair J.H.",CAN,Men,eight with coxswain (8+),M,Gold
Los Angeles,1984,Rowing,Rowing,"MAIN, Gerald Grant",CAN,Men,eight with coxswain (8+),M,Gold
Los Angeles,1984,Rowing,Rowing,"MCMAHON, Robert Brian",CAN,Men,eight with coxswain (8+),M,Gold
Los Angeles,1984,Rowing,Rowing,"NEUFELD, Kevin",CAN,Men,eight with coxswain (8+),M,Gold
Los Angeles,1984,Rowing,Rowing,"STEELE, Paul",CAN,Men,eight with coxswain (8+),M,Gold
Los Angeles,1984,Rowing,Rowing,"TURNER, Patrick",CAN,Men,eight with coxswain (8+),M,Gold
Los Angeles,1984,Rowing,Rowing,"BORCHERT, Earl Frederick",USA,Men,eight with coxswain (8+),M,Silver
Los Angeles,1984,Rowing,Rowing,"CLAPP, Charles Elmer III.",USA,Men,eight with coxswain (8+),M,Silver
Los Angeles,1984,Rowing,Rowing,"DARLING, Thomas Ward",USA,Men,eight with coxswain (8+),M,Silver
Los Angeles,1984,Rowing,Rowing,"IBBETSON, Bruce Bernard",USA,Men,eight with coxswain (8+),M,Silver
Los Angeles,1984,Rowing,Rowing,"JAUGSTETTER, Robert C.",USA,Men,eight with coxswain (8+),M,Silver
Los Angeles,1984,Rowing,Rowing,"LUBSEN, Walter Harry Jr.",USA,Men,eight with coxswain (8+),M,Silver
Los Angeles,1984,Rowing,Rowing,"PENNY, Christopher Gore",USA,Men,eight with coxswain (8+),M,Silver
Los Angeles,1984,Rowing,Rowing,"SUDDUTH, Andrew Hancock",USA,Men,eight with coxswain (8+),M,Silver
Los Angeles,1984,Rowing,Rowing,"TERWILLIGER, John Richard",USA,Men,eight with coxswain (8+),M,Silver
Los Angeles,1984,Rowing,Rowing,"CORNET, Lynda",NED,Women,eight with coxswain (8+),W,Bronze
Los Angeles,1984,Rowing,Rowing,"HELLEMANS, Greet",NED,Women,eight with coxswain (8+),W,Bronze
Los Angeles,1984,Rowing,Rowing,"HELLEMANS, Nicolette",NED,Women,eight with coxswain (8+),W,Bronze
Los Angeles,1984,Rowing,Rowing,"LAURIJSEN, Martha",NED,Women,eight with coxswain (8+),W,Bronze
Los Angeles,1984,Rowing,Rowing,"NEELISSEN, Catalien",NED,Women,eight with coxswain (8+),W,Bronze
Los Angeles,1984,Rowing,Rowing,"QUIST, Anne-Marie",NED,Women,eight with coxswain (8+),W,Bronze
Los Angeles,1984,Rowing,Rowing,"VAANDRAGER, Willemientje",NED,Women,eight with coxswain (8+),W,Bronze
Los Angeles,1984,Rowing,Rowing,"VAN DROGENBROEK, Marieke",NED,Women,eight with coxswain (8+),W,Bronze
Los Angeles,1984,Rowing,Rowing,"VAN ETTEKOVEN, Harriet",NED,Women,eight with coxswain (8+),W,Bronze
Los Angeles,1984,Rowing,Rowing,"BEARD, Elizabeth Ann",USA,Women,eight with coxswain (8+),W,Gold
Los Angeles,1984,Rowing,Rowing,"BOWER, Caroll Ann",USA,Women,eight with coxswain (8+),W,Gold
Los Angeles,1984,Rowing,Rowing,"FLANAGAN, Jeanne Ann",USA,Women,eight with coxswain (8+),W,Gold
Los Angeles,1984,Rowing,Rowing,"GRAVES, Carolyn Brand",USA,Women,eight with coxswain (8+),W,Gold
Los Angeles,1984,Rowing,Rowing,"KEELER, Kathryn Elliott",USA,Women,eight with coxswain (8+),W,Gold
Los Angeles,1984,Rowing,Rowing,"METCALF, Harriet Morris",USA,Women,eight with coxswain (8+),W,Gold
Los Angeles,1984,Rowing,Rowing,"NORELIUS, Kristine Lee",USA,Women,eight with coxswain (8+),W,Gold
Los Angeles,1984,Rowing,Rowing,"O'STEEN, Shyril",USA,Women,eight with coxswain (8+),W,Gold
Los Angeles,1984,Rowing,Rowing,"THORSSNESS, Kristen Joy",USA,Women,eight with coxswain (8+),W,Gold
Los Angeles,1984,Rowing,Rowing,"ARMASESCU, Mihaela",ROU,Women,eight with coxswain (8+),W,Silver
Los Angeles,1984,Rowing,Rowing,"BALAN-SNEP, Doina Lilian",ROU,Women,eight with coxswain (8+),W,Silver
Los Angeles,1984,Rowing,Rowing,"BAZON, Adriana",ROU,Women,eight with coxswain (8+),W,Silver
Los Angeles,1984,Rowing,Rowing,"DIACONESCU, Camelia",ROU,Women,eight with coxswain (8+),W,Silver
Los Angeles,1984,Rowing,Rowing,"IOJA, Viorica",ROU,Women,eight with coxswain (8+),W,Silver
Los Angeles,1984,Rowing,Rowing,"MIHALY, Aneta",ROU,Women,eight with coxswain (8+),W,Silver
Los Angeles,1984,Rowing,Rowing,"PLESCA, Aurora",ROU,Women,eight with coxswain (8+),W,Silver
Los Angeles,1984,Rowing,Rowing,"SAUCA, Lucia",ROU,Women,eight with coxswain (8+),W,Silver
Los Angeles,1984,Rowing,Rowing,"TRASCA, Marioara",ROU,Women,eight with coxswain (8+),W,Silver
Los Angeles,1984,Rowing,Rowing,"CHRISTIANSEN, Erik",DEN,Men,four without coxswain (4-),M,Bronze
Los Angeles,1984,Rowing,Rowing,"JESSEN, Michael",DEN,Men,four without coxswain (4-),M,Bronze
Los Angeles,1984,Rowing,Rowing,"NIELSEN, Lars",DEN,Men,four without coxswain (4-),M,Bronze
Los Angeles,1984,Rowing,Rowing,"RASMUSSEN, Per",DEN,Men,four without coxswain (4-),M,Bronze
Los Angeles,1984,Rowing,Rowing,"O'Brien, Shane",NZL,Men,four without coxswain (4-),M,Gold
Los Angeles,1984,Rowing,Rowing,"O'CONNELL, Leslie",NZL,Men,four without coxswain (4-),M,Gold
Los Angeles,1984,Rowing,Rowing,"ROBERTSON, Conrad",NZL,Men,four without coxswain (4-),M,Gold
Los Angeles,1984,Rowing,Rowing,"TRASK, Keith",NZL,Men,four without coxswain (4-),M,Gold
Los Angeles,1984,Rowing,Rowing,"CLARK, David Robert",USA,Men,four without coxswain (4-),M,Silver
Los Angeles,1984,Rowing,Rowing,"FORNEY, Alan Michael",USA,Men,four without coxswain (4-),M,Silver
Los Angeles,1984,Rowing,Rowing,"SMITH, Jonathan S.",USA,Men,four without coxswain (4-),M,Silver
Los Angeles,1984,Rowing,Rowing,"STEKL, Philip William",USA,Men,four without coxswain (4-),M,Silver
Los Angeles,1984,Rowing,Rowing,"HOLLISTER, Brett",NZL,Men,four-oared shell with coxswain (4-),M,Bronze
Los Angeles,1984,Rowing,Rowing,"LAWTON, Kevin",NZL,Men,four-oared shell with coxswain (4-),M,Bronze
Los Angeles,1984,Rowing,Rowing,"MABBOTT, Barrie",NZL,Men,four-oared shell with coxswain (4-),M,Bronze
Los Angeles,1984,Rowing,Rowing,"SYMON, Donald",NZL,Men,four-oared shell with coxswain (4-),M,Bronze
Los Angeles,1984,Rowing,Rowing,"TONG, Ross",NZL,Men,four-oared shell with coxswain (4-),M,Bronze
Los Angeles,1984,Rowing,Rowing,"BUDGETT, Richard Gordon M.",GBR,Men,four-oared shell with coxswain (4-),M,Gold
Los Angeles,1984,Rowing,Rowing,"CROSS, Martin",GBR,Men,four-oared shell with coxswain (4-),M,Gold
Los Angeles,1984,Rowing,Rowing,"ELLISON, Adrian Charles",GBR,Men,four-oared shell with coxswain (4-),M,Gold
Los Angeles,1984,Rowing,Rowing,"HOLMES, Andrew John",GBR,Men,four-oared shell with coxswain (4-),M,Gold
Los Angeles,1984,Rowing,Rowing,"REDGRAVE, Steven",GBR,Men,four-oared shell with coxswain (4-),M,Gold
Los Angeles,1984,Rowing,Rowing,"BACH, Michael",USA,Men,four-oared shell with coxswain (4-),M,Silver
Los Angeles,1984,Rowing,Rowing,"IVES, Edward Ashley",USA,Men,four-oared shell with coxswain (4-),M,Silver
Los Angeles,1984,Rowing,Rowing,"KIEFER, Thomas Nisbit",USA,Men,four-oared shell with coxswain (4-),M,Silver
Los Angeles,1984,Rowing,Rowing,"SPRINGER, Gregory T.",USA,Men,four-oared shell with coxswain (4-),M,Silver
Los Angeles,1984,Rowing,Rowing,"STILLINGS, John Stuart",USA,Men,four-oared shell with coxswain (4-),M,Silver
Los Angeles,1984,Rowing,Rowing,"BRANCOURT-POLLOCK, Karen",AUS,Women,four-oared shell with coxswain (4-),W,Bronze
Los Angeles,1984,Rowing,Rowing,"CHAPMAN-POPA, Susan",AUS,Women,four-oared shell with coxswain (4-),W,Bronze
Los Angeles,1984,Rowing,Rowing,"FOSTER, Margot",AUS,Women,four-oared shell with coxswain (4-),W,Bronze
Los Angeles,1984,Rowing,Rowing,"GREY-GARDNER, Robyn",AUS,Women,four-oared shell with coxswain (4-),W,Bronze
Los Angeles,1984,Rowing,Rowing,"LEE, Susan",AUS,Women,four-oared shell with coxswain (4-),W,Bronze
Los Angeles,1984,Rowing,Rowing,"APOSTOL, Chira",ROU,Women,four-oared shell with coxswain (4-),W,Gold
Los Angeles,1984,Rowing,Rowing,"HOMEGHI-BULARDA, Olga",ROU,Women,four-oared shell with coxswain (4-),W,Gold
Los Angeles,1984,Rowing,Rowing,"IOJA, Viorica",ROU,Women,four-oared shell with coxswain (4-),W,Gold
Los Angeles,1984,Rowing,Rowing,"LAVRIC, Florica",ROU,Women,four-oared shell with coxswain (4-),W,Gold
Los Angeles,1984,Rowing,Rowing,"TANASA-FRICIOIU, Maria",ROU,Women,four-oared shell with coxswain (4-),W,Gold
Los Angeles,1984,Rowing,Rowing,"ARMBRUST, Barbara",CAN,Women,four-oared shell with coxswain (4-),W,Silver
Los Angeles,1984,Rowing,Rowing,"BRAIN, Marilyn",CAN,Women,four-oared shell with coxswain (4-),W,Silver
Los Angeles,1984,Rowing,Rowing,"SCHNEIDER, Angela",CAN,Women,four-oared shell with coxswain (4-),W,Silver
Los Angeles,1984,Rowing,Rowing,"THOMPSON, Lesley Allison",CAN,Women,four-oared shell with coxswain (4-),W,Silver
Los Angeles,1984,Rowing,Rowing,"TREGUNNO, Jane",CAN,Women,four-oared shell with coxswain (4-),W,Silver
Los Angeles,1984,Rowing,Rowing,"BECKER, Ellen",FRG,Women,pair without coxswain (2-),W,Bronze
Los Angeles,1984,Rowing,Rowing,"VOLKNER, Iris",FRG,Women,pair without coxswain (2-),W,Bronze
Los Angeles,1984,Rowing,Rowing,"OPREA-HORVAT, Elena",ROU,Women,pair without coxswain (2-),W,Gold
Los Angeles,1984,Rowing,Rowing,"PUSCATU-ARBA, Rodica",ROU,Women,pair without coxswain (2-),W,Gold
Los Angeles,1984,Rowing,Rowing,"CRAIG, Elizabeth",CAN,Women,pair without coxswain (2-),W,Silver
Los Angeles,1984,Rowing,Rowing,"SMITH, Patricia",CAN,Women,pair without coxswain (2-),W,Silver
Los Angeles,1984,Rowing,Rowing,"ESPESETH, Robert Douglas, Jr.",USA,Men,pair-oared shell with coxswain (2+),M,Bronze
Los Angeles,1984,Rowing,Rowing,"HERLAND, Douglas John",USA,Men,pair-oared shell with coxswain (2+),M,Bronze
Los Angeles,1984,Rowing,Rowing,"STILL, Kevin Raymond",USA,Men,pair-oared shell with coxswain (2+),M,Bronze
Los Angeles,1984,Rowing,Rowing,"ABBAGNALE, Carmine",ITA,Men,pair-oared shell with coxswain (2+),M,Gold
Los Angeles,1984,Rowing,Rowing,"ABBAGNALE, Giuseppe",ITA,Men,pair-oared shell with coxswain (2+),M,Gold
Los Angeles,1984,Rowing,Rowing,"DI CAPUA, Giuseppe",ITA,Men,pair-oared shell with coxswain (2+),M,Gold
Los Angeles,1984,Rowing,Rowing,"POPESCU, Dimitrie",ROU,Men,pair-oared shell with coxswain (2+),M,Silver
Los Angeles,1984,Rowing,Rowing,"RADUCANU, Dumitru",ROU,Men,pair-oared shell with coxswain (2+),M,Silver
Los Angeles,1984,Rowing,Rowing,"TOMOIAGA, Vasile",ROU,Men,pair-oared shell with coxswain (2+),M,Silver
Los Angeles,1984,Rowing,Rowing,"ERIKSEN, Hanne Mandsfeldt",DEN,Women,quadruple sculls with coxswain (4x),W,Bronze
Los Angeles,1984,Rowing,Rowing,"HANEL, Birgitte",DEN,Women,quadruple sculls with coxswain (4x),W,Bronze
Los Angeles,1984,Rowing,Rowing,"KOEFOED, Inger Charlotte",DEN,Women,quadruple sculls with coxswain (4x),W,Bronze
Los Angeles,1984,Rowing,Rowing,"RASMUSSEN, Bodil Steen",DEN,Women,quadruple sculls with coxswain (4x),W,Bronze
Los Angeles,1984,Rowing,Rowing,"SORENSEN, Jette Hejli",DEN,Women,quadruple sculls with coxswain (4x),W,Bronze
Los Angeles,1984,Rowing,Rowing,"BADEA, Ioana",ROU,Women,quadruple sculls with coxswain (4x),W,Gold
Los Angeles,1984,Rowing,Rowing,"CORBAN, Sofia",ROU,Women,quadruple sculls with coxswain (4x),W,Gold
Los Angeles,1984,Rowing,Rowing,"OANCIA, Ecaterina",ROU,Women,quadruple sculls with coxswain (4x),W,Gold
Los Angeles,1984,Rowing,Rowing,"SOROHAN-MINEA, Anisoara",ROU,Women,quadruple sculls with coxswain (4x),W,Gold
Los Angeles,1984,Rowing,Rowing,"TARAN, Titie",ROU,Women,quadruple sculls with coxswain (4x),W,Gold
Los Angeles,1984,Rowing,Rowing,"GILDER, Virginia Marie",USA,Women,quadruple sculls with coxswain (4x),W,Silver
Los Angeles,1984,Rowing,Rowing,"LIND, Joan Louise",USA,Women,quadruple sculls with coxswain (4x),W,Silver
Los Angeles,1984,Rowing,Rowing,"MARDEN, Anne R.",USA,Women,quadruple sculls with coxswain (4x),W,Silver
Los Angeles,1984,Rowing,Rowing,"RICKON, Kelly Anne",USA,Women,quadruple sculls with coxswain (4x),W,Silver
Los Angeles,1984,Rowing,Rowing,"ROHDE, Lisa Diane",USA,Women,quadruple sculls with coxswain (4x),W,Silver
Los Angeles,1984,Rowing,Rowing,"FORD, Bruce",CAN,Men,quadruple sculls without coxswain (4x),M,Bronze
Los Angeles,1984,Rowing,Rowing,"HAMILTON, Douglas",CAN,Men,quadruple sculls without coxswain (4x),M,Bronze
Los Angeles,1984,Rowing,Rowing,"HUGHES, Michael",CAN,Men,quadruple sculls without coxswain (4x),M,Bronze
Los Angeles,1984,Rowing,Rowing,"MONCKTON, Philip",CAN,Men,quadruple sculls without coxswain (4x),M,Bronze
Los Angeles,1984,Rowing,Rowing,"DURSCH, Michael",FRG,Men,quadruple sculls without coxswain (4x),M,Gold
Los Angeles,1984,Rowing,Rowing,"HEDDERICH, Albert",FRG,Men,quadruple sculls without coxswain (4x),M,Gold
Los Angeles,1984,Rowing,Rowing,"HORMANN, Raimund",FRG,Men,quadruple sculls without coxswain (4x),M,Gold
Los Angeles,1984,Rowing,Rowing,"WIEDENMANN, Dieter",FRG,Men,quadruple sculls without coxswain (4x),M,Gold
Los Angeles,1984,Rowing,Rowing,"GULLOCK, Gary",AUS,Men,quadruple sculls without coxswain (4x),M,Silver
Los Angeles,1984,Rowing,Rowing,"LOVRICH, Anthony",AUS,Men,quadruple sculls without coxswain (4x),M,Silver
Los Angeles,1984,Rowing,Rowing,"MCLAREN, Timothy",AUS,Men,quadruple sculls without coxswain (4x),M,Silver
Los Angeles,1984,Rowing,Rowing,"REEDY, Paul",AUS,Men,quadruple sculls without coxswain (4x),M,Silver
Los Angeles,1984,Rowing,Rowing,"MILLS, Robert",CAN,Men,single sculls (1x),M,Bronze
Los Angeles,1984,Rowing,Rowing,"KARPPINEN, Pertti",FIN,Men,single sculls (1x),M,Gold
Los Angeles,1984,Rowing,Rowing,"KOLBE, Peter-Michael",FRG,Men,single sculls (1x),M,Silver
Los Angeles,1984,Rowing,Rowing,"HAESEBROUCK, Ann",BEL,Women,single sculls (1x),W,Bronze
Los Angeles,1984,Rowing,Rowing,"ROSCA-RASILA, Valeria",ROU,Women,single sculls (1x),W,Gold
Los Angeles,1984,Rowing,Rowing,"GEER, Charlotte Mosher",USA,Women,single sculls (1x),W,Silver
Los Angeles,1984,Sailing,Sailing,"PEPONNET, Thierry",FRA,Men,470 - Two Person Dinghy,M,Bronze
Los Angeles,1984,Sailing,Sailing,"PILLOT, Luc",FRA,Men,470 - Two Person Dinghy,M,Bronze
Los Angeles,1984,Sailing,Sailing,"DORESTE, Luis",ESP,Men,470 - Two Person Dinghy,M,Gold
Los Angeles,1984,Sailing,Sailing,"MOLINA CARRASCO, Roberto",ESP,Men,470 - Two Person Dinghy,M,Gold
Los Angeles,1984,Sailing,Sailing,"BENJAMIN, Stephen Delancey",USA,Men,470 - Two Person Dinghy,M,Silver
Los Angeles,1984,Sailing,Sailing,"STEINFELD, Hans Christopher",USA,Men,470 - Two Person Dinghy,M,Silver
Los Angeles,1984,Sailing,Sailing,"KENDALL, Anthony Bruce",NZL,Men,board (windglider),M,Bronze
Los Angeles,1984,Sailing,Sailing,"VAN DEN BERG, Stephan",NED,Men,board (windglider),M,Gold
Los Angeles,1984,Sailing,Sailing,"STEELE, Randal Scott",USA,Men,board (windglider),M,Silver
Los Angeles,1984,Sailing,Sailing,"CALDER, Stephen",CAN,Men,fleet/match race keelboat open (Soling),X,Bronze
Los Angeles,1984,Sailing,Sailing,"FOGH, Hans Marius",CAN,Men,fleet/match race keelboat open (Soling),X,Bronze
Los Angeles,1984,Sailing,Sailing,"KERR, John",CAN,Men,fleet/match race keelboat open (Soling),X,Bronze
Los Angeles,1984,Sailing,Sailing,"DAVIS, Roderick Hopkins",USA,Men,fleet/match race keelboat open (Soling),X,Gold
Los Angeles,1984,Sailing,Sailing,"HAINES, Robert Bentley Jr.",USA,Men,fleet/match race keelboat open (Soling),X,Gold
Los Angeles,1984,Sailing,Sailing,"TREVELYAN, Edward",USA,Men,fleet/match race keelboat open (Soling),X,Gold
Los Angeles,1984,Sailing,Sailing,"ADLER, Daniel",BRA,Men,fleet/match race keelboat open (Soling),X,Silver
Los Angeles,1984,Sailing,Sailing,"GRAEL, Torben",BRA,Men,fleet/match race keelboat open (Soling),X,Silver
Los Angeles,1984,Sailing,Sailing,"SENFFT, Ronaldo",BRA,Men,fleet/match race keelboat open (Soling),X,Silver
Los Angeles,1984,Sailing,Sailing,"ALLAM, Peter Frank",GBR,Men,flying dutchman,X,Bronze
Los Angeles,1984,Sailing,Sailing,"RICHARDS, Jonathan",GBR,Men,flying dutchman,X,Bronze
Los Angeles,1984,Sailing,Sailing,"BUCHAN, William Carl Jr.",USA,Men,flying dutchman,X,Gold
Los Angeles,1984,Sailing,Sailing,"MCKEE, Jonathan Dunn",USA,Men,flying dutchman,X,Gold
Los Angeles,1984,Sailing,Sailing,"BASTET, Evert",CAN,Men,flying dutchman,X,Silver
Los Angeles,1984,Sailing,Sailing,"MCLAUGHLIN, Terence",CAN,Men,flying dutchman,X,Silver
Los Angeles,1984,Sailing,Sailing,"NEILSON, Terence",CAN,Men,single-handed dinghy (Finn),M,Bronze
Los Angeles,1984,Sailing,Sailing,"COUTTS, Russell",NZL,Men,single-handed dinghy (Finn),M,Gold
Los Angeles,1984,Sailing,Sailing,"BERTRAND, John Joseph",USA,Men,single-handed dinghy (Finn),M,Silver
Los Angeles,1984,Sailing,Sailing,"ANDERSON, John Scott",AUS,Men,Tornado - Multihull,X,Bronze
Los Angeles,1984,Sailing,Sailing,"CAIRNS, Christopher",AUS,Men,Tornado - Multihull,X,Bronze
Los Angeles,1984,Sailing,Sailing,"SELLERS, Rex Samuel",NZL,Men,Tornado - Multihull,X,Gold
Los Angeles,1984,Sailing,Sailing,"TIMMS, Christopher",NZL,Men,Tornado - Multihull,X,Gold
Los Angeles,1984,Sailing,Sailing,"GLASER, Jay",USA,Men,Tornado - Multihull,X,Silver
Los Angeles,1984,Sailing,Sailing,"SMYTH, Randy",USA,Men,Tornado - Multihull,X,Silver
Los Angeles,1984,Sailing,Sailing,"GORLA, Giorgio",ITA,Men,two-person keelboat open (Star),X,Bronze
Los Angeles,1984,Sailing,Sailing,"PERABONI, Alfio",ITA,Men,two-person keelboat open (Star),X,Bronze
Los Angeles,1984,Sailing,Sailing,"BUCHAN, William E. Sr.",USA,Men,two-person keelboat open (Star),X,Gold
Los Angeles,1984,Sailing,Sailing,"ERICKSON, Steven Richard",USA,Men,two-person keelboat open (Star),X,Gold
Los Angeles,1984,Sailing,Sailing,"GRIESE, Joachim",FRG,Men,two-person keelboat open (Star),X,Silver
Los Angeles,1984,Sailing,Sailing,"MARCOUR, Michael",FRG,Men,two-person keelboat open (Star),X,Silver
Los Angeles,1984,Shooting,Shooting,"WU, Xiao-Xuan",CHN,Women,10m air rifle (40 shots),W,Bronze
Los Angeles,1984,Shooting,Shooting,"SPURGIN, Karen Patricia",USA,Women,10m air rifle (40 shots),W,Gold
Los Angeles,1984,Shooting,Shooting,"GUFLER, Edith",ITA,Women,10m air rifle (40 shots),W,Silver
Los Angeles,1984,Shooting,Shooting,"DAGGER, Barry Edward",GBR,Men,10m air rifle (60 shots),M,Bronze
Los Angeles,1984,Shooting,Shooting,"HEBERLE, Philippe",FRA,Men,10m air rifle (60 shots),M,Gold
Los Angeles,1984,Shooting,Shooting,"KRONTHALER, Andreas",AUT,Men,10m air rifle (60 shots),M,Silver
Los Angeles,1984,Shooting,Shooting,"DENCH, Patricia",AUS,Women,25m pistol (30+30 shots),W,Bronze
Los Angeles,1984,Shooting,Shooting,"THOM, Linda",CAN,Women,25m pistol (30+30 shots),W,Gold
Los Angeles,1984,Shooting,Shooting,"FOX, Ruby Ellen",USA,Women,25m pistol (30+30 shots),W,Silver
Los Angeles,1984,Shooting,Shooting,"BIES, Rauno",FIN,Men,25m rapid fire pistol (60 shots),M,Bronze
Los Angeles,1984,Shooting,Shooting,"KAMACHI, Takeo",JPN,Men,25m rapid fire pistol (60 shots),M,Gold
Los Angeles,1984,Shooting,Shooting,"ION, Corneliu",ROU,Men,25m rapid fire pistol (60 shots),M,Silver
Los Angeles,1984,Shooting,Shooting,"WANG, Yifu",CHN,Men,50m pistol (60 shots),M,Bronze
Los Angeles,1984,Shooting,Shooting,"XU, Haifeng",CHN,Men,50m pistol (60 shots),M,Gold
Los Angeles,1984,Shooting,Shooting,"SKANÄKER, Ragnar",SWE,Men,50m pistol (60 shots),M,Silver
Los Angeles,1984,Shooting,Shooting,"JEWELL, Wanda Rae",USA,Women,50m rifle 3 positions (3x20 shots),W,Bronze
Los Angeles,1984,Shooting,Shooting,"WU, Xiao-Xuan",CHN,Women,50m rifle 3 positions (3x20 shots),W,Gold
Los Angeles,1984,Shooting,Shooting,"HOLMER, Ulrike",FRG,Women,50m rifle 3 positions (3x20 shots),W,Silver
Los Angeles,1984,Shooting,Shooting,"ALLAN, Alister Millar",GBR,Men,50m rifle 3 positions (3x40 shots),M,Bronze
Los Angeles,1984,Shooting,Shooting,"COOPER, Malcolm Douglas",GBR,Men,50m rifle 3 positions (3x40 shots),M,Gold
Los Angeles,1984,Shooting,Shooting,"NIPKOV, Daniel",SUI,Men,50m rifle 3 positions (3x40 shots),M,Silver
Los Angeles,1984,Shooting,Shooting,"SULLIVAN, Michael",GBR,Men,50m rifle prone (60 shots),M,Bronze
Los Angeles,1984,Shooting,Shooting,"ETZEL, Edward",USA,Men,50m rifle prone (60 shots),M,Gold
Los Angeles,1984,Shooting,Shooting,"BURY, Michel",FRA,Men,50m rifle prone (60 shots),M,Silver
Los Angeles,1984,Shooting,Shooting,"HUANG, Shi-Ping",CHN,Men,50m running target (30+30 shots),M,Bronze
Los Angeles,1984,Shooting,Shooting,"LI, Yu-Wei",CHN,Men,50m running target (30+30 shots),M,Gold
Los Angeles,1984,Shooting,Shooting,"BELLINGRODT, Helmut",COL,Men,50m running target (30+30 shots),M,Silver
Los Angeles,1984,Shooting,Shooting,"SCRIBANI ROSSI, Luca",ITA,Men,skeet (125 targets),X,Bronze
Los Angeles,1984,Shooting,Shooting,"DRYKE, Matthew Alexander",USA,Men,skeet (125 targets),X,Gold
Los Angeles,1984,Shooting,Shooting,"RASMUSSEN, Ole Riber",DEN,Men,skeet (125 targets),X,Silver
Los Angeles,1984,Shooting,Shooting,"CARLISLE, Daniel Thomas",USA,Men,trap (125 targets),X,Bronze
Los Angeles,1984,Shooting,Shooting,"GIOVANNETTI, Luciano",ITA,Men,trap (125 targets),X,Gold
Los Angeles,1984,Shooting,Shooting,"BOZA, Francisco",PER,Men,trap (125 targets),X,Silver
Los Angeles,1984,Volleyball,Volleyball,"BERTOLI, Franco",ITA,Men,volleyball,M,Bronze
Los Angeles,1984,Volleyball,Volleyball,"DALL'OLIO, Grancesco",ITA,Men,volleyball,M,Bronze
Los Angeles,1984,Volleyball,Volleyball,"DAMETTO, Giancarlo",ITA,Men,volleyball,M,Bronze
Los Angeles,1984,Volleyball,Volleyball,"DE LUIGI, Guido",ITA,Men,volleyball,M,Bronze
Los Angeles,1984,Volleyball,Volleyball,"ERRICHIELLO, Giovanni",ITA,Men,volleyball,M,Bronze
Los Angeles,1984,Volleyball,Volleyball,"LANFRANCO, Giovanni",ITA,Men,volleyball,M,Bronze
Los Angeles,1984,Volleyball,Volleyball,"LUCCHETTA, Andrea",ITA,Men,volleyball,M,Bronze
Los Angeles,1984,Volleyball,Volleyball,"LUCCHETTA, Pier Paolo",ITA,Men,volleyball,M,Bronze
Los Angeles,1984,Volleyball,Volleyball,"NEGRI, Marco",ITA,Men,volleyball,M,Bronze
Los Angeles,1984,Volleyball,Volleyball,"REBAUDENGO, Piero",ITA,Men,volleyball,M,Bronze
Los Angeles,1984,Volleyball,Volleyball,"VECCHI, Paolo",ITA,Men,volleyball,M,Bronze
Los Angeles,1984,Volleyball,Volleyball,"VULLO, Fabio",ITA,Men,volleyball,M,Bronze
Los Angeles,1984,Volleyball,Volleyball,"BERZINS, Aldis Imants",USA,Men,volleyball,M,Gold
Los Angeles,1984,Volleyball,Volleyball,"BUCK, Craig Werner",USA,Men,volleyball,M,Gold
Los Angeles,1984,Volleyball,Volleyball,"DUWELIUS, Richard Lloyd",USA,Men,volleyball,M,Gold
Los Angeles,1984,Volleyball,Volleyball,"DVORAK, Douglas Scott",USA,Men,volleyball,M,Gold
Los Angeles,1984,Volleyball,Volleyball,"KIRALY, Charles",USA,Men,volleyball,M,Gold
Los Angeles,1984,Volleyball,Volleyball,"MARLOWE, Christian",USA,Men,volleyball,M,Gold
Los Angeles,1984,Volleyball,Volleyball,"POWERS, Patrick Robert",USA,Men,volleyball,M,Gold
Los Angeles,1984,Volleyball,Volleyball,"SALMONS, Steven Edward",USA,Men,volleyball,M,Gold
Los Angeles,1984,Volleyball,Volleyball,"SAUNDERS, David Patrick",USA,Men,volleyball,M,Gold
Los Angeles,1984,Volleyball,Volleyball,"SUNDERLAND, Paul Benedict",USA,Men,volleyball,M,Gold
Los Angeles,1984,Volleyball,Volleyball,"TIMMONS, Steve Dennis",USA,Men,volleyball,M,Gold
Los Angeles,1984,Volleyball,Volleyball,"WALDIE, Mark",USA,Men,volleyball,M,Gold
Los Angeles,1984,Volleyball,Volleyball,"CAMPOS NASCIMENTO, Rui",BRA,Men,volleyball,M,Silver
Los Angeles,1984,Volleyball,Volleyball,"CARVALHO DA SILVA, William Carvalho",BRA,Men,volleyball,M,Silver
Los Angeles,1984,Volleyball,Volleyball,"DAL ZOTTO, Renan",BRA,Men,volleyball,M,Silver
Los Angeles,1984,Volleyball,Volleyball,"DE AVILA, Fernando",BRA,Men,volleyball,M,Silver
Los Angeles,1984,Volleyball,Volleyball,"FREIRE, Marcus",BRA,Men,volleyball,M,Silver
Los Angeles,1984,Volleyball,Volleyball,"LAMPARIELLO NETO, Domingo",BRA,Men,volleyball,M,Silver
Los Angeles,1984,Volleyball,Volleyball,"MONTANARO, Jose",BRA,Men,volleyball,M,Silver
Los Angeles,1984,Volleyball,Volleyball,"OLIVEIRA NEGO, Mario Xando",BRA,Men,volleyball,M,Silver
Los Angeles,1984,Volleyball,Volleyball,"RAJZMAN, Bernard",BRA,Men,volleyball,M,Silver
Los Angeles,1984,Volleyball,Volleyball,"RIBEIRO, Amauri",BRA,Men,volleyball,M,Silver
Los Angeles,1984,Volleyball,Volleyball,"RIBEIRO, Antonio",BRA,Men,volleyball,M,Silver
Los Angeles,1984,Volleyball,Volleyball,"ROCHA REZENDE, Bernardo Rocha",BRA,Men,volleyball,M,Silver
Los Angeles,1984,Volleyball,Volleyball,"EGAMI, Yumi",JPN,Women,volleyball,W,Bronze
Los Angeles,1984,Volleyball,Volleyball,"HIRO, Norie",JPN,Women,volleyball,W,Bronze
Los Angeles,1984,Volleyball,Volleyball,"HIROSE, Miyoko",JPN,Women,volleyball,W,Bronze
Los Angeles,1984,Volleyball,Volleyball,"ISHIDA, Kyoko",JPN,Women,volleyball,W,Bronze
Los Angeles,1984,Volleyball,Volleyball,"KAGABU, Yoko",JPN,Women,volleyball,W,Bronze
Los Angeles,1984,Volleyball,Volleyball,"MITSUYA, Yuko",JPN,Women,volleyball,W,Bronze
Los Angeles,1984,Volleyball,Volleyball,"MIYAJIMA, Keiko",JPN,Women,volleyball,W,Bronze
Los Angeles,1984,Volleyball,Volleyball,"MORITA, Kimie",JPN,Women,volleyball,W,Bronze
Los Angeles,1984,Volleyball,Volleyball,"NAKADA, Kumi",JPN,Women,volleyball,W,Bronze
Los Angeles,1984,Volleyball,Volleyball,"ODAKA, Emiko",JPN,Women,volleyball,W,Bronze
Los Angeles,1984,Volleyball,Volleyball,"OTANI, Sachiko",JPN,Women,volleyball,W,Bronze
Los Angeles,1984,Volleyball,Volleyball,"SUGIYAMA, Kayoko",JPN,Women,volleyball,W,Bronze
Los Angeles,1984,Volleyball,Volleyball,"HOU, Yu-Zhu",CHN,Women,volleyball,W,Gold
Los Angeles,1984,Volleyball,Volleyball,"JIANG, Ying",CHN,Women,volleyball,W,Gold
Los Angeles,1984,Volleyball,Volleyball,"LANG, Ping",CHN,Women,volleyball,W,Gold
Los Angeles,1984,Volleyball,Volleyball,"LI, Yan-Jun",CHN,Women,volleyball,W,Gold
Los Angeles,1984,Volleyball,Volleyball,"LIANG, Yan",CHN,Women,volleyball,W,Gold
Los Angeles,1984,Volleyball,Volleyball,"SU, Huijuan",CHN,Women,volleyball,W,Gold
Los Angeles,1984,Volleyball,Volleyball,"YANG, Xiao-Jun",CHN,Women,volleyball,W,Gold
Los Angeles,1984,Volleyball,Volleyball,"YANG, Xi-Lan",CHN,Women,volleyball,W,Gold
Los Angeles,1984,Volleyball,Volleyball,"ZHANG, Rong-Fang",CHN,Women,volleyball,W,Gold
Los Angeles,1984,Volleyball,Volleyball,"ZHENG, Mei-Zhu",CHN,Women,volleyball,W,Gold
Los Angeles,1984,Volleyball,Volleyball,"ZHOU, Xiao-Lan",CHN,Women,volleyball,W,Gold
Los Angeles,1984,Volleyball,Volleyball,"ZHU, Ling",CHN,Women,volleyball,W,Gold
Los Angeles,1984,Volleyball,Volleyball,"BEAUPREY, Jeanne Marie",USA,Women,volleyball,W,Silver
Los Angeles,1984,Volleyball,Volleyball,"BECKER, Carolyn Marie",USA,Women,volleyball,W,Silver
Los Angeles,1984,Volleyball,Volleyball,"CHISHOLM, Linda Rae",USA,Women,volleyball,W,Silver
Los Angeles,1984,Volleyball,Volleyball,"CROCKETT, Rita Louise",USA,Women,volleyball,W,Silver
Los Angeles,1984,Volleyball,Volleyball,"FLACHMEIER, Laura Jean",USA,Women,volleyball,W,Silver
Los Angeles,1984,Volleyball,Volleyball,"GREEN, Deborah",USA,Women,volleyball,W,Silver
Los Angeles,1984,Volleyball,Volleyball,"HYMAN, Flora Jean",USA,Women,volleyball,W,Silver
Los Angeles,1984,Volleyball,Volleyball,"MAGERS, Rose Mary",USA,Women,volleyball,W,Silver
Los Angeles,1984,Volleyball,Volleyball,"RUDDINS, Kimberly Grace",USA,Women,volleyball,W,Silver
Los Angeles,1984,Volleyball,Volleyball,"VOLLERTSEN, Julie J.",USA,Women,volleyball,W,Silver
Los Angeles,1984,Volleyball,Volleyball,"WEISHOFF, Paula Jo",USA,Women,volleyball,W,Silver
Los Angeles,1984,Volleyball,Volleyball,"WOODSTRA, Susan Jean",USA,Women,volleyball,W,Silver
Los Angeles,1984,Weightlifting,Weightlifting,"MANABE, Kazushito",JPN,Men,"- 52kg, total (flyweight)",M,Bronze
Los Angeles,1984,Weightlifting,Weightlifting,"ZENG, Guo-Qiang",CHN,Men,"- 52kg, total (flyweight)",M,Gold
Los Angeles,1984,Weightlifting,Weightlifting,"ZHOU, Pei-Shun",CHN,Men,"- 52kg, total (flyweight)",M,Silver
Los Angeles,1984,Weightlifting,Weightlifting,"KOTAKA, Masahiro",JPN,Men,"- 56kg, total (bantamweight)",M,Bronze
Los Angeles,1984,Weightlifting,Weightlifting,"WU, Shu-De",CHN,Men,"- 56kg, total (bantamweight)",M,Gold
Los Angeles,1984,Weightlifting,Weightlifting,"LAI, Run-Ming",CHN,Men,"- 56kg, total (bantamweight)",M,Silver
Los Angeles,1984,Weightlifting,Weightlifting,"NERLINGER, Manfred",FRG,Men,"+ 110kg, total (super heavyweight)",M,Bronze
Los Angeles,1984,Weightlifting,Weightlifting,"LUKIN, Dinko",AUS,Men,"+ 110kg, total (super heavyweight)",M,Gold
Los Angeles,1984,Weightlifting,Weightlifting,"MARTINEZ, Mario",USA,Men,"+ 110kg, total (super heavyweight)",M,Silver
Los Angeles,1984,Weightlifting,Weightlifting,"CARLTON, Guy Albert",USA,Men,"100 - 110kg, total (heavyweight)",M,Bronze
Los Angeles,1984,Weightlifting,Weightlifting,"OBERBURGER, Norberto",ITA,Men,"100 - 110kg, total (heavyweight)",M,Gold
Los Angeles,1984,Weightlifting,Weightlifting,"TASNADI, Stefan",ROU,Men,"100 - 110kg, total (heavyweight)",M,Silver
Los Angeles,1984,Weightlifting,Weightlifting,"TSAI, Wen-Yee",TPE,Men,"56 - 60kg, total (featherweight)",M,Bronze
Los Angeles,1984,Weightlifting,Weightlifting,"CHEN, Wei-Qiang",CHN,Men,"56 - 60kg, total (featherweight)",M,Gold
Los Angeles,1984,Weightlifting,Weightlifting,"RADU, Gelu",ROU,Men,"56 - 60kg, total (featherweight)",M,Silver
Los Angeles,1984,Weightlifting,Weightlifting,"GRONMAN, Jouni Johannes",FIN,Men,"60 - 67.5kg, total (lightweight)",M,Bronze
Los Angeles,1984,Weightlifting,Weightlifting,"YAO, Jing-Yuan",CHN,Men,"60 - 67.5kg, total (lightweight)",M,Gold
Los Angeles,1984,Weightlifting,Weightlifting,"SOCACI, Andrei",ROU,Men,"60 - 67.5kg, total (lightweight)",M,Silver
Los Angeles,1984,Weightlifting,Weightlifting,"CIOROSLAN, Dragomir",ROU,Men,"67.5 - 75kg, total (middleweight)",M,Bronze
Los Angeles,1984,Weightlifting,Weightlifting,"RADSCHINSKY, Karl-Heinz",FRG,Men,"67.5 - 75kg, total (middleweight)",M,Gold
Los Angeles,1984,Weightlifting,Weightlifting,"DEMERS, Jacques",CAN,Men,"67.5 - 75kg, total (middleweight)",M,Silver
Los Angeles,1984,Weightlifting,Weightlifting,"ISAOKA, Ryoji",JPN,Men,"75 - 82.5kg, total (light-heavyweight)",M,Bronze
Los Angeles,1984,Weightlifting,Weightlifting,"BECHERU, Petre",ROU,Men,"75 - 82.5kg, total (light-heavyweight)",M,Gold
Los Angeles,1984,Weightlifting,Weightlifting,"KABBAS, Robert",AUS,Men,"75 - 82.5kg, total (light-heavyweight)",M,Silver
Los Angeles,1984,Weightlifting,Weightlifting,"MERCER, David",GBR,Men,"82.5 - 90kg, total (middle-heavyweight)",M,Bronze
Los Angeles,1984,Weightlifting,Weightlifting,"VLAD, Nicu",ROU,Men,"82.5 - 90kg, total (middle-heavyweight)",M,Gold
Los Angeles,1984,Weightlifting,Weightlifting,"PETRE, Dumitru",ROU,Men,"82.5 - 90kg, total (middle-heavyweight)",M,Silver
Los Angeles,1984,Weightlifting,Weightlifting,"NIEMI, Pekka",FIN,Men,"90 - 100kg, total (first-heavyweight)",M,Bronze
Los Angeles,1984,Weightlifting,Weightlifting,"MILSER, Rolf",FRG,Men,"90 - 100kg, total (first-heavyweight)",M,Gold
Los Angeles,1984,Weightlifting,Weightlifting,"GROAPA, Vasile",ROU,Men,"90 - 100kg, total (first-heavyweight)",M,Silver
Los Angeles,1984,Wrestling,Wrestling Free.,"SON, Gab-Do",KOR,Men,- 48kg (light-flyweight),M,Bronze
Los Angeles,1984,Wrestling,Wrestling Free.,"WEAVER, Robert Brooks",USA,Men,- 48kg (light-flyweight),M,Gold
Los Angeles,1984,Wrestling,Wrestling Free.,"IRIE, Takashi",JPN,Men,- 48kg (light-flyweight),M,Silver
Los Angeles,1984,Wrestling,Wrestling Free.,"TASKIN, Ayhan",TUR,Men,+ 100kg (super heavyweight),M,Bronze
Los Angeles,1984,Wrestling,Wrestling Free.,"BAUMGARTNER, Bruce Robert",USA,Men,+ 100kg (super heavyweight),M,Gold
Los Angeles,1984,Wrestling,Wrestling Free.,"MOLLE, Robert",CAN,Men,+ 100kg (super heavyweight),M,Silver
Los Angeles,1984,Wrestling,Wrestling Free.,"TAKADA, Yuji",JPN,Men,48 - 52kg (flyweight),M,Bronze
Los Angeles,1984,Wrestling,Wrestling Free.,"TRSTENA, Saban",YUG,Men,48 - 52kg (flyweight),M,Gold
Los Angeles,1984,Wrestling,Wrestling Free.,"KIM, Jong-Kyu",KOR,Men,48 - 52kg (flyweight),M,Silver
