Barcelona,1992,Athletics,Athletics,"FORKEL, Karen",GER,Women,javelin throw,W,Bronze
Barcelona,1992,Athletics,Athletics,"RENK, Silke",GER,Women,javelin throw,W,Gold
Barcelona,1992,Athletics,Athletics,"SHIKOLENKO, Natalia",EUN,Women,javelin throw,W,Silver
Barcelona,1992,Athletics,Athletics,"GREENE, Joe",USA,Men,long jump,M,Bronze
Barcelona,1992,Athletics,Athletics,"LEWIS, Carl",USA,Men,long jump,M,Gold
Barcelona,1992,Athletics,Athletics,"POWELL, Michael Anthony",USA,Men,long jump,M,Silver
Barcelona,1992,Athletics,Athletics,"JOYNER-KERSEE, Jackie",USA,Women,long jump,W,Bronze
Barcelona,1992,Athletics,Athletics,"DRECHSLER, Heike",GER,Women,long jump,W,Gold
Barcelona,1992,Athletics,Athletics,"KRAVETS, Inessa",EUN,Women,long jump,W,Silver
Barcelona,1992,Athletics,Athletics,"FREIGANG, Stephan Timo",GER,Men,marathon,M,Bronze
Barcelona,1992,Athletics,Athletics,"HWANG, Young-Cho",KOR,Men,marathon,M,Gold
Barcelona,1992,Athletics,Athletics,"MORISHITA, Koichi",JPN,Men,marathon,M,Silver
Barcelona,1992,Athletics,Athletics,"MOLLER, Lorraine Mary",NZL,Women,marathon,W,Bronze
Barcelona,1992,Athletics,Athletics,"YEGOROVA, Valentina",EUN,Women,marathon,W,Gold
Barcelona,1992,Athletics,Athletics,"ARIMORI, Yuko",JPN,Women,marathon,W,Silver
Barcelona,1992,Athletics,Athletics,"GARCIA CHICO, Javier",ESP,Men,pole vault,M,Bronze
Barcelona,1992,Athletics,Athletics,"TARASOV, Maksim",EUN,Men,pole vault,M,Gold
Barcelona,1992,Athletics,Athletics,"TRANDENKOV, Igor",EUN,Men,pole vault,M,Silver
Barcelona,1992,Athletics,Athletics,"LYKHO, Viatcheslav",EUN,Men,shot put,M,Bronze
Barcelona,1992,Athletics,Athletics,"STULCE, Michael D.",USA,Men,shot put,M,Gold
Barcelona,1992,Athletics,Athletics,"DOEHRING, James",USA,Men,shot put,M,Silver
Barcelona,1992,Athletics,Athletics,"NEIMKE, Kathrin",GER,Women,shot put,W,Bronze
Barcelona,1992,Athletics,Athletics,"KRIVELYOVA, Svetlana",EUN,Women,shot put,W,Gold
Barcelona,1992,Athletics,Athletics,"HUANG, Zhihong",CHN,Women,shot put,W,Silver
Barcelona,1992,Athletics,Athletics,"RUTHERFORD, Frank",BAH,Men,triple jump,M,Bronze
Barcelona,1992,Athletics,Athletics,"CONLEY, Mike",USA,Men,triple jump,M,Gold
Barcelona,1992,Athletics,Athletics,"SIMPKINS, Charles",USA,Men,triple jump,M,Silver
Barcelona,1992,Badminton,Badminton,"LI, Yongbo",CHN,Men,doubles,M,Bronze
Barcelona,1992,Badminton,Badminton,"SIDEK, Rashid",MAS,Men,doubles,M,Bronze
Barcelona,1992,Badminton,Badminton,"SIDEK, Razif",MAS,Men,doubles,M,Bronze
Barcelona,1992,Badminton,Badminton,"TIAN, Bingyi",CHN,Men,doubles,M,Bronze
Barcelona,1992,Badminton,Badminton,"KIM, Moon-Soo",KOR,Men,doubles,M,Gold
Barcelona,1992,Badminton,Badminton,"PARK, Joo-Bong",KOR,Men,doubles,M,Gold
Barcelona,1992,Badminton,Badminton,"GUNAWAN, Rudy",INA,Men,doubles,M,Silver
Barcelona,1992,Badminton,Badminton,"HARTONO, Eddy",INA,Men,doubles,M,Silver
Barcelona,1992,Badminton,Badminton,"GIL, Young-Ah",KOR,Women,doubles,W,Bronze
Barcelona,1992,Badminton,Badminton,"LIN, Yanfen",CHN,Women,doubles,W,Bronze
Barcelona,1992,Badminton,Badminton,"SHIM, Eun-Jung",KOR,Women,doubles,W,Bronze
Barcelona,1992,Badminton,Badminton,"YAO, Fen",CHN,Women,doubles,W,Bronze
Barcelona,1992,Badminton,Badminton,"CHUNG, So-Young",KOR,Women,doubles,W,Gold
Barcelona,1992,Badminton,Badminton,"HWANG, Hae-Young",KOR,Women,doubles,W,Gold
Barcelona,1992,Badminton,Badminton,"GUAN, Weizhen",CHN,Women,doubles,W,Silver
Barcelona,1992,Badminton,Badminton,"NONG, Qunhua",CHN,Women,doubles,W,Silver
Barcelona,1992,Badminton,Badminton,"STUER-LAURIDSEN, Thomas",DEN,Men,singles,M,Bronze
Barcelona,1992,Badminton,Badminton,"SUSANTO, Hermawan",INA,Men,singles,M,Bronze
Barcelona,1992,Badminton,Badminton,"BUDI KUSUMA, Alan",INA,Men,singles,M,Gold
Barcelona,1992,Badminton,Badminton,"WIRANATA, Ardy Bernardus",INA,Men,singles,M,Silver
Barcelona,1992,Badminton,Badminton,"HUANG, Hua",CHN,Women,singles,W,Bronze
Barcelona,1992,Badminton,Badminton,"TANG, Jiuhong",CHN,Women,singles,W,Bronze
Barcelona,1992,Badminton,Badminton,"SUSANTI, Susi",INA,Women,singles,W,Gold
Barcelona,1992,Badminton,Badminton,"BANG, Soo-Hyun",KOR,Women,singles,W,Silver
Barcelona,1992,Baseball,Baseball,"ITO, Tomohito",JPN,Men,baseball,M,Bronze
Barcelona,1992,Baseball,Baseball,"KAWABATA, Shinichiro",JPN,Men,baseball,M,Bronze
Barcelona,1992,Baseball,Baseball,"KOHIYAMA, Masahito",JPN,Men,baseball,M,Bronze
Barcelona,1992,Baseball,Baseball,"KOJIMA, Hirotami",JPN,Men,baseball,M,Bronze
Barcelona,1992,Baseball,Baseball,"KOKUBO, Hiroki",JPN,Men,baseball,M,Bronze
Barcelona,1992,Baseball,Baseball,"MIWA, Takashi",JPN,Men,baseball,M,Bronze
Barcelona,1992,Baseball,Baseball,"NAKAMOTO, Hiroshi",JPN,Men,baseball,M,Bronze
Barcelona,1992,Baseball,Baseball,"NISHI, Masafumi",JPN,Men,baseball,M,Bronze
Barcelona,1992,Baseball,Baseball,"NISHIYAMA, Kazutaka",JPN,Men,baseball,M,Bronze
Barcelona,1992,Baseball,Baseball,"OSHIMA, Koichi",JPN,Men,baseball,M,Bronze
Barcelona,1992,Baseball,Baseball,"SAKAGUCHI, Hiroyuki",JPN,Men,baseball,M,Bronze
Barcelona,1992,Baseball,Baseball,"SATO, Shinichi",JPN,Men,baseball,M,Bronze
Barcelona,1992,Baseball,Baseball,"SATO, Yasuhiro",JPN,Men,baseball,M,Bronze
Barcelona,1992,Baseball,Baseball,"SUGIURA, Masanori",JPN,Men,baseball,M,Bronze
Barcelona,1992,Baseball,Baseball,"SUGIYAMA, Kento",JPN,Men,baseball,M,Bronze
Barcelona,1992,Baseball,Baseball,"TAKAMI, Yasunori",JPN,Men,baseball,M,Bronze
Barcelona,1992,Baseball,Baseball,"TOGO, Akihiro",JPN,Men,baseball,M,Bronze
Barcelona,1992,Baseball,Baseball,"TOKUNAGA, Koji",JPN,Men,baseball,M,Bronze
Barcelona,1992,Baseball,Baseball,"WAKABAYASHI, Shigeki",JPN,Men,baseball,M,Bronze
Barcelona,1992,Baseball,Baseball,"WATANABE, Katsumi",JPN,Men,baseball,M,Bronze
Barcelona,1992,Baseball,Baseball,"AJETE, Omar",CUB,Men,baseball,M,Gold
Barcelona,1992,Baseball,Baseball,"ARROJO AVILA, Rolando",CUB,Men,baseball,M,Gold
Barcelona,1992,Baseball,Baseball,"DELGADO DIEZ, Jose Raul",CUB,Men,baseball,M,Gold
Barcelona,1992,Baseball,Baseball,"DIAZ LOREN, Giorge",CUB,Men,baseball,M,Gold
Barcelona,1992,Baseball,Baseball,"ESTRADA, Jose Antonio",CUB,Men,baseball,M,Gold
Barcelona,1992,Baseball,Baseball,"FERNANDEZ RODRIGUEZ, Osvaldo",CUB,Men,baseball,M,Gold
Barcelona,1992,Baseball,Baseball,"GURRIEL DELGADO, Lourdes",CUB,Men,baseball,M,Gold
Barcelona,1992,Baseball,Baseball,"HERNANDEZ PEDROSO, Orlando",CUB,Men,baseball,M,Gold
Barcelona,1992,Baseball,Baseball,"HERNANDEZ, Alberto",CUB,Men,baseball,M,Gold
Barcelona,1992,Baseball,Baseball,"KINDELAN, Orestes",CUB,Men,baseball,M,Gold
Barcelona,1992,Baseball,Baseball,"LINARES, Omar",CUB,Men,baseball,M,Gold
Barcelona,1992,Baseball,Baseball,"MESA FRESNEDA, German",CUB,Men,baseball,M,Gold
Barcelona,1992,Baseball,Baseball,"MESA MARTINEZ, Victor",CUB,Men,baseball,M,Gold
Barcelona,1992,Baseball,Baseball,"PACHECO, Antonio",CUB,Men,baseball,M,Gold
Barcelona,1992,Baseball,Baseball,"PADILLA, Juan",CUB,Men,baseball,M,Gold
Barcelona,1992,Baseball,Baseball,"PEREZ RONDON, Juan Carlos",CUB,Men,baseball,M,Gold
Barcelona,1992,Baseball,Baseball,"ULACIA, Luis",CUB,Men,baseball,M,Gold
Barcelona,1992,Baseball,Baseball,"URRUTIA QUIROGA, Ermidelio",CUB,Men,baseball,M,Gold
Barcelona,1992,Baseball,Baseball,"VALDES BERRIEL, Jorge Luis",CUB,Men,baseball,M,Gold
Barcelona,1992,Baseball,Baseball,"VARGAS, Lazaro",CUB,Men,baseball,M,Gold
Barcelona,1992,Baseball,Baseball,"CHANG, Cheng-Hsien",TPE,Men,baseball,M,Silver
Barcelona,1992,Baseball,Baseball,"CHANG, Wen-Chung",TPE,Men,baseball,M,Silver
Barcelona,1992,Baseball,Baseball,"CHANG, Yaw-Teing",TPE,Men,baseball,M,Silver
Barcelona,1992,Baseball,Baseball,"CHEN, Chi-Hsin",TPE,Men,baseball,M,Silver
Barcelona,1992,Baseball,Baseball,"CHEN, Wei-Chen",TPE,Men,baseball,M,Silver
Barcelona,1992,Baseball,Baseball,"CHIANG, Tai-Chuan",TPE,Men,baseball,M,Silver
Barcelona,1992,Baseball,Baseball,"HUANG, Chung-Yi",TPE,Men,baseball,M,Silver
Barcelona,1992,Baseball,Baseball,"HUANG, Wen-Po",TPE,Men,baseball,M,Silver
Barcelona,1992,Baseball,Baseball,"JONG, Yeu-Jeng",TPE,Men,baseball,M,Silver
Barcelona,1992,Baseball,Baseball,"KU, Kuo-Chian",TPE,Men,baseball,M,Silver
Barcelona,1992,Baseball,Baseball,"KUO LEE, Chien-Fu",TPE,Men,baseball,M,Silver
Barcelona,1992,Baseball,Baseball,"LIAO, Ming-Hsiung",TPE,Men,baseball,M,Silver
Barcelona,1992,Baseball,Baseball,"LIN, Chao-Huang",TPE,Men,baseball,M,Silver
Barcelona,1992,Baseball,Baseball,"LIN, Kun-Han",TPE,Men,baseball,M,Silver
Barcelona,1992,Baseball,Baseball,"LO, Chen-Jung",TPE,Men,baseball,M,Silver
Barcelona,1992,Baseball,Baseball,"LO, Kuo-Chong",TPE,Men,baseball,M,Silver
Barcelona,1992,Baseball,Baseball,"PAI, Kun-Hong",TPE,Men,baseball,M,Silver
Barcelona,1992,Baseball,Baseball,"TSAI, Ming-Hung",TPE,Men,baseball,M,Silver
Barcelona,1992,Baseball,Baseball,"WANG, Kuang-Shih",TPE,Men,baseball,M,Silver
Barcelona,1992,Baseball,Baseball,"WU, Shih-Hsih",TPE,Men,baseball,M,Silver
Barcelona,1992,Basketball,Basketball,"BRAZDAUSKIS, Romanas",LTU,Men,basketball,M,Bronze
Barcelona,1992,Basketball,Basketball,"CHOMICIUS, Valdemaras",LTU,Men,basketball,M,Bronze
Barcelona,1992,Basketball,Basketball,"DIMAVICIUS, Darius",LTU,Men,basketball,M,Bronze
Barcelona,1992,Basketball,Basketball,"EINIKIS, Gintaras",LTU,Men,basketball,M,Bronze
Barcelona,1992,Basketball,Basketball,"JOVAISA, Sergejus",LTU,Men,basketball,M,Bronze
Barcelona,1992,Basketball,Basketball,"KARNISOVAS, Arturas",LTU,Men,basketball,M,Bronze
Barcelona,1992,Basketball,Basketball,"KRAPIKAS, Gintaras",LTU,Men,basketball,M,Bronze
Barcelona,1992,Basketball,Basketball,"KURTINAITIS, Rimas",LTU,Men,basketball,M,Bronze
Barcelona,1992,Basketball,Basketball,"MARCIULIONIS, Sarunas",LTU,Men,basketball,M,Bronze
Barcelona,1992,Basketball,Basketball,"PAZDRAZDIS, Alvydas",LTU,Men,basketball,M,Bronze
Barcelona,1992,Basketball,Basketball,"SABONIS, Arvydas",LTU,Men,basketball,M,Bronze
Barcelona,1992,Basketball,Basketball,"VISOCKAS, Arunas",LTU,Men,basketball,M,Bronze
Barcelona,1992,Basketball,Basketball,"BARKLEY, Charles",USA,Men,basketball,M,Gold
Barcelona,1992,Basketball,Basketball,"BIRD, Larry",USA,Men,basketball,M,Gold
Barcelona,1992,Basketball,Basketball,"DREXLER, Clyde",USA,Men,basketball,M,Gold
Barcelona,1992,Basketball,Basketball,"EWING, Patrick Aloysius",USA,Men,basketball,M,Gold
Barcelona,1992,Basketball,Basketball,"JOHNSON, Earvin",USA,Men,basketball,M,Gold
Barcelona,1992,Basketball,Basketball,"JORDAN, Michael",USA,Men,basketball,M,Gold
Barcelona,1992,Basketball,Basketball,"LAETTNER, Christian D.",USA,Men,basketball,M,Gold
Barcelona,1992,Basketball,Basketball,"MALONE, Karl",USA,Men,basketball,M,Gold
Barcelona,1992,Basketball,Basketball,"MULLIN, Christopher Paul",USA,Men,basketball,M,Gold
Barcelona,1992,Basketball,Basketball,"PIPPEN, Scottie",USA,Men,basketball,M,Gold
Barcelona,1992,Basketball,Basketball,"ROBINSON, David Maurice",USA,Men,basketball,M,Gold
Barcelona,1992,Basketball,Basketball,"STOCKTON, John Houston",USA,Men,basketball,M,Gold
Barcelona,1992,Basketball,Basketball,"ALANOVIC, Vladan",CRO,Men,basketball,M,Silver
Barcelona,1992,Basketball,Basketball,"ARAPOVIC, Franjo",CRO,Men,basketball,M,Silver
Barcelona,1992,Basketball,Basketball,"CVJETICANIN, Danko",CRO,Men,basketball,M,Silver
Barcelona,1992,Basketball,Basketball,"GREGOV, Alan",CRO,Men,basketball,M,Silver
Barcelona,1992,Basketball,Basketball,"KOMAZEC, Arijan",CRO,Men,basketball,M,Silver
Barcelona,1992,Basketball,Basketball,"KUKOC, Toni",CRO,Men,basketball,M,Silver
Barcelona,1992,Basketball,Basketball,"NAGLIC, Aramis",CRO,Men,basketball,M,Silver
Barcelona,1992,Basketball,Basketball,"PERASOVIC, Velimir",CRO,Men,basketball,M,Silver
Barcelona,1992,Basketball,Basketball,"PETROVIC, Drazen",CRO,Men,basketball,M,Silver
Barcelona,1992,Basketball,Basketball,"RADJA, Dino",CRO,Men,basketball,M,Silver
Barcelona,1992,Basketball,Basketball,"TABAK, Zan",CRO,Men,basketball,M,Silver
Barcelona,1992,Basketball,Basketball,"VRANKOVIC, Stojko",CRO,Men,basketball,M,Silver
Barcelona,1992,Basketball,Basketball,"BULLETT, Victoria",USA,Women,basketball,W,Bronze
Barcelona,1992,Basketball,Basketball,"CHARLES, Daedra",USA,Women,basketball,W,Bronze
Barcelona,1992,Basketball,Basketball,"COOPER, Cynthia",USA,Women,basketball,W,Bronze
Barcelona,1992,Basketball,Basketball,"DAVIS, Clarissa",USA,Women,basketball,W,Bronze
Barcelona,1992,Basketball,Basketball,"DIXON, Medina",USA,Women,basketball,W,Bronze
Barcelona,1992,Basketball,Basketball,"EDWARDS, Teresa",USA,Women,basketball,W,Bronze
Barcelona,1992,Basketball,Basketball,"JACKSON, Tammy",USA,Women,basketball,W,Bronze
Barcelona,1992,Basketball,Basketball,"JONES, Carolyn",USA,Women,basketball,W,Bronze
Barcelona,1992,Basketball,Basketball,"MCCLAIN, Katrina Felicia",USA,Women,basketball,W,Bronze
Barcelona,1992,Basketball,Basketball,"MCCONNELL, Suzanne",USA,Women,basketball,W,Bronze
Barcelona,1992,Basketball,Basketball,"ORR, Victoria",USA,Women,basketball,W,Bronze
Barcelona,1992,Basketball,Basketball,"WEATHERSPOON, Teresa",USA,Women,basketball,W,Bronze
Barcelona,1992,Basketball,Basketball,"BARANOVA, Elena",EUN,Women,basketball,W,Gold
Barcelona,1992,Basketball,Basketball,"BOUNATIANTS, Elen",EUN,Women,basketball,W,Gold
Barcelona,1992,Basketball,Basketball,"CHVAIBOVITCH, Elena",EUN,Women,basketball,W,Gold
Barcelona,1992,Basketball,Basketball,"GERLITS, Irina",EUN,Women,basketball,W,Gold
Barcelona,1992,Basketball,Basketball,"KHOUDACHOVA, Elena",EUN,Women,basketball,W,Gold
Barcelona,1992,Basketball,Basketball,"MINKH, Irina",EUN,Women,basketball,W,Gold
Barcelona,1992,Basketball,Basketball,"SOUMNIKOVA, Irina",EUN,Women,basketball,W,Gold
Barcelona,1992,Basketball,Basketball,"TKACHENKO, Marina",EUN,Women,basketball,W,Gold
Barcelona,1992,Basketball,Basketball,"TORNIKIDOU, Elena",EUN,Women,basketball,W,Gold
Barcelona,1992,Basketball,Basketball,"ZABOLOUEVA, Svetlana",EUN,Women,basketball,W,Gold
Barcelona,1992,Basketball,Basketball,"ZASSOULSKAIA, Natalia",EUN,Women,basketball,W,Gold
Barcelona,1992,Basketball,Basketball,"ZHIRKO, Elena",EUN,Women,basketball,W,Gold
Barcelona,1992,Basketball,Basketball,"CONG, Xuedi",CHN,Women,basketball,W,Silver
Barcelona,1992,Basketball,Basketball,"HE, Jun",CHN,Women,basketball,W,Silver
Barcelona,1992,Basketball,Basketball,"LI, Dongmei",CHN,Women,basketball,W,Silver
Barcelona,1992,Basketball,Basketball,"LI, Xin",CHN,Women,basketball,W,Silver
Barcelona,1992,Basketball,Basketball,"LIU, Jun",CHN,Women,basketball,W,Silver
Barcelona,1992,Basketball,Basketball,"LIU, Qing",CHN,Women,basketball,W,Silver
Barcelona,1992,Basketball,Basketball,"PENG, Ping",CHN,Women,basketball,W,Silver
Barcelona,1992,Basketball,Basketball,"WANG, Fang",CHN,Women,basketball,W,Silver
Barcelona,1992,Basketball,Basketball,"ZHAN, Shuping",CHN,Women,basketball,W,Silver
Barcelona,1992,Basketball,Basketball,"ZHENG, Dongmei",CHN,Women,basketball,W,Silver
Barcelona,1992,Basketball,Basketball,"ZHENG, Haixia",CHN,Women,basketball,W,Silver
Barcelona,1992,Basketball,Basketball,"ZHENG, Xiulin",CHN,Women,basketball,W,Silver
Barcelona,1992,Boxing,Boxing,"QUAST, Jan",GER,Men,- 48kg (light-flyweight),M,Bronze
Barcelona,1992,Boxing,Boxing,"VELASCO, Roel",PHI,Men,- 48kg (light-flyweight),M,Bronze
Barcelona,1992,Boxing,Boxing,"MARCELO GARCIA, Rogelio",CUB,Men,- 48kg (light-flyweight),M,Gold
Barcelona,1992,Boxing,Boxing,"BOJINOV, Daniel Petrov",BUL,Men,- 48kg (light-flyweight),M,Silver
Barcelona,1992,Boxing,Boxing,"NIELSEN, Brian",DEN,Men,+ 91kg (super heavyweight),M,Bronze
Barcelona,1992,Boxing,Boxing,"ROUSSINOV, Svilen Aldinov",BUL,Men,+ 91kg (super heavyweight),M,Bronze
Barcelona,1992,Boxing,Boxing,"BALADO MENDEZ, Roberto",CUB,Men,+ 91kg (super heavyweight),M,Gold
Barcelona,1992,Boxing,Boxing,"IGBINEGHU, Richard",NGR,Men,+ 91kg (super heavyweight),M,Silver
Barcelona,1992,Boxing,Boxing,"AUSTIN, Timothy",USA,Men,48 - 51kg (flyweight),M,Bronze
Barcelona,1992,Boxing,Boxing,"KOVACS, Istvan",HUN,Men,48 - 51kg (flyweight),M,Bronze
Barcelona,1992,Boxing,Boxing,"CHOI, Chol Su",PRK,Men,48 - 51kg (flyweight),M,Gold
Barcelona,1992,Boxing,Boxing,"GONZALEZ SANCHEZ, Raul",CUB,Men,48 - 51kg (flyweight),M,Silver
Barcelona,1992,Boxing,Boxing,"ACHIK, Mohamed",MAR,Men,51 - 54kg (bantamweight),M,Bronze
Barcelona,1992,Boxing,Boxing,"LI, Gwang Sik",PRK,Men,51 - 54kg (bantamweight),M,Bronze
Barcelona,1992,Boxing,Boxing,"CASAMAYOR JOHNSON, Joel",CUB,Men,51 - 54kg (bantamweight),M,Gold
Barcelona,1992,Boxing,Boxing,"MCCULLOUGH, Wayne",IRL,Men,51 - 54kg (bantamweight),M,Silver
Barcelona,1992,Boxing,Boxing,"PALIANI, Ramazi",EUN,Men,54 - 57kg (featherweight),M,Bronze
Barcelona,1992,Boxing,Boxing,"SOLTANI, Hocine",ALG,Men,54 - 57kg (featherweight),M,Bronze
Barcelona,1992,Boxing,Boxing,"TEWS, Andreas",GER,Men,54 - 57kg (featherweight),M,Gold
Barcelona,1992,Boxing,Boxing,"REYES LOPEZ, Faustino",ESP,Men,54 - 57kg (featherweight),M,Silver
Barcelona,1992,Boxing,Boxing,"BAYARSAIKHAN, Namjil",MGL,Men,57 - 60kg (lightweight),M,Bronze
Barcelona,1992,Boxing,Boxing,"HONG, Sung Sik",KOR,Men,57 - 60kg (lightweight),M,Bronze
Barcelona,1992,Boxing,Boxing,"DE LA HOYA, Oscar",USA,Men,57 - 60kg (lightweight),M,Gold
Barcelona,1992,Boxing,Boxing,"RUDOLPH, Marco",GER,Men,57 - 60kg (lightweight),M,Silver
Barcelona,1992,Boxing,Boxing,"DOROFTEI, Leonard Dorin",ROU,Men,60 - 63.5kg (light-welterweight),M,Bronze
Barcelona,1992,Boxing,Boxing,"KJALL, Jyri Göran",FIN,Men,60 - 63.5kg (light-welterweight),M,Bronze
Barcelona,1992,Boxing,Boxing,"VINENT, Hector",CUB,Men,60 - 63.5kg (light-welterweight),M,Gold
Barcelona,1992,Boxing,Boxing,"LEDUC, Mark",CAN,Men,60 - 63.5kg (light-welterweight),M,Silver
Barcelona,1992,Boxing,Boxing,"ACEVEDO SANTIAGO, Anibal",PUR,Men,63.5 - 67kg (welterweight),M,Bronze
Barcelona,1992,Boxing,Boxing,"CHENGLAI, Arkom",THA,Men,63.5 - 67kg (welterweight),M,Bronze
Barcelona,1992,Boxing,Boxing,"CARRUTH, Michael",IRL,Men,63.5 - 67kg (welterweight),M,Gold
Barcelona,1992,Boxing,Boxing,"HERNANDEZ SIERRA, Juan",CUB,Men,63.5 - 67kg (welterweight),M,Silver
Barcelona,1992,Boxing,Boxing,"MIZSEI, Gyorgy",HUN,Men,67 - 71kg (light-middleweight),M,Bronze
Barcelona,1992,Boxing,Boxing,"REID, Robin David",GBR,Men,67 - 71kg (light-middleweight),M,Bronze
Barcelona,1992,Boxing,Boxing,"LEMUS GARCIA, Juan Carlos",CUB,Men,67 - 71kg (light-middleweight),M,Gold
Barcelona,1992,Boxing,Boxing,"DELIBAS, Orhan",NED,Men,67 - 71kg (light-middleweight),M,Silver
Barcelona,1992,Boxing,Boxing,"JOHNSON, Christopher",CAN,Men,71-75kg,M,Bronze
Barcelona,1992,Boxing,Boxing,"LEE, Seung Bae",KOR,Men,71-75kg,M,Bronze
Barcelona,1992,Boxing,Boxing,"HERNANDEZ ASCUY, Ariel",CUB,Men,71-75kg,M,Gold
Barcelona,1992,Boxing,Boxing,"BYRD, Christopher",USA,Men,71-75kg,M,Silver
Barcelona,1992,Boxing,Boxing,"BARTNIK, Wojciech",POL,Men,75 - 81kg (light-heavyweight),M,Bronze
Barcelona,1992,Boxing,Boxing,"BERES, Zoltan",HUN,Men,75 - 81kg (light-heavyweight),M,Bronze
Barcelona,1992,Boxing,Boxing,"MAY, Torsten",GER,Men,75 - 81kg (light-heavyweight),M,Gold
Barcelona,1992,Boxing,Boxing,"ZAOULITCHNI, Rostislav",EUN,Men,75 - 81kg (light-heavyweight),M,Silver
Barcelona,1992,Boxing,Boxing,"TUA, David",NZL,Men,81 - 91kg (heavyweight),M,Bronze
Barcelona,1992,Boxing,Boxing,"VANDERLIJDE, Arnold",NED,Men,81 - 91kg (heavyweight),M,Bronze
Barcelona,1992,Boxing,Boxing,"SAVON, Felix",CUB,Men,81 - 91kg (heavyweight),M,Gold
Barcelona,1992,Boxing,Boxing,"IZONRITEI, David",NGR,Men,81 - 91kg (heavyweight),M,Silver
Barcelona,1992,Canoe / Kayak,Canoe / Kayak F,"ZALA, Gyorgy",HUN,Men,C-1 1000m (canoe single),M,Bronze
Barcelona,1992,Canoe / Kayak,Canoe / Kayak F,"BUKHALOV, Nikolai Petkov",BUL,Men,C-1 1000m (canoe single),M,Gold
Barcelona,1992,Canoe / Kayak,Canoe / Kayak F,"KLEMENTYEV, Ivans",LAT,Men,C-1 1000m (canoe single),M,Silver
Barcelona,1992,Canoe / Kayak,Canoe / Kayak F,"HEUKRODT, Olaf",GER,Men,C-1 500m (canoe single),M,Bronze
Barcelona,1992,Canoe / Kayak,Canoe / Kayak F,"BUKHALOV, Nikolai Petkov",BUL,Men,C-1 500m (canoe single),M,Gold
Barcelona,1992,Canoe / Kayak,Canoe / Kayak F,"SLIWINSKI, Michal",EUN,Men,C-1 500m (canoe single),M,Silver
Barcelona,1992,Canoe / Kayak,Canoe / Kayak F,"BOIVIN, Olivier",FRA,Men,C-2 1000m (canoe double),M,Bronze
Barcelona,1992,Canoe / Kayak,Canoe / Kayak F,"HOYER, Didier",FRA,Men,C-2 1000m (canoe double),M,Bronze
Barcelona,1992,Canoe / Kayak,Canoe / Kayak F,"PAPKE, Ulrich",GER,Men,C-2 1000m (canoe double),M,Gold
Barcelona,1992,Canoe / Kayak,Canoe / Kayak F,"SPELLY, Ingo",GER,Men,C-2 1000m (canoe double),M,Gold
Barcelona,1992,Canoe / Kayak,Canoe / Kayak F,"FREDERIKSEN, Christian Wigeo",DEN,Men,C-2 1000m (canoe double),M,Silver
Barcelona,1992,Canoe / Kayak,Canoe / Kayak F,"NIELSSON, Arne",DEN,Men,C-2 1000m (canoe double),M,Silver
Barcelona,1992,Canoe / Kayak,Canoe / Kayak F,"MARINOV, Martin Guerguiev",BUL,Men,C-2 500m (canoe double),M,Bronze
Barcelona,1992,Canoe / Kayak,Canoe / Kayak F,"STOYANOV, Blagovest Nikolov",BUL,Men,C-2 500m (canoe double),M,Bronze
Barcelona,1992,Canoe / Kayak,Canoe / Kayak F,"DOVGALYONOK, Dmitri",EUN,Men,C-2 500m (canoe double),M,Gold
Barcelona,1992,Canoe / Kayak,Canoe / Kayak F,"MASSEIKOV, Alexandre",EUN,Men,C-2 500m (canoe double),M,Gold
Barcelona,1992,Canoe / Kayak,Canoe / Kayak F,"PAPKE, Ulrich",GER,Men,C-2 500m (canoe double),M,Silver
Barcelona,1992,Canoe / Kayak,Canoe / Kayak F,"SPELLY, Ingo",GER,Men,C-2 500m (canoe double),M,Silver
Barcelona,1992,Canoe / Kayak,Canoe / Kayak F,"BARTON, Gregory Mark",USA,Men,K-1 1000m (kayak single),M,Bronze
Barcelona,1992,Canoe / Kayak,Canoe / Kayak F,"ROBINSON, Clint",AUS,Men,K-1 1000m (kayak single),M,Gold
Barcelona,1992,Canoe / Kayak,Canoe / Kayak F,"HOLMANN, Knut",NOR,Men,K-1 1000m (kayak single),M,Silver
Barcelona,1992,Canoe / Kayak,Canoe / Kayak F,"HOLMANN, Knut",NOR,Men,K-1 500m (kayak single),M,Bronze
Barcelona,1992,Canoe / Kayak,Canoe / Kayak F,"KOLEHMAINEN, Mikko Yrjö",FIN,Men,K-1 500m (kayak single),M,Gold
Barcelona,1992,Canoe / Kayak,Canoe / Kayak F,"GYULAY, Zsolt",HUN,Men,K-1 500m (kayak single),M,Silver
Barcelona,1992,Canoe / Kayak,Canoe / Kayak F,"DYLEWSKA-SWIATOWIAK, Izabella",POL,Women,K-1 500m (kayak single),W,Bronze
Barcelona,1992,Canoe / Kayak,Canoe / Kayak F,"FISCHER, Birgit",GER,Women,K-1 500m (kayak single),W,Gold
Barcelona,1992,Canoe / Kayak,Canoe / Kayak F,"KOBAN, Rita",HUN,Women,K-1 500m (kayak single),W,Silver
Barcelona,1992,Canoe / Kayak,Canoe / Kayak F,"BIALKOWSKI, Dariusz",POL,Men,K-2 1000m (kayak double),M,Bronze
Barcelona,1992,Canoe / Kayak,Canoe / Kayak F,"KOTOWICZ, Grzegorz",POL,Men,K-2 1000m (kayak double),M,Bronze
Barcelona,1992,Canoe / Kayak,Canoe / Kayak F,"BLUHM, Kay",GER,Men,K-2 1000m (kayak double),M,Gold
Barcelona,1992,Canoe / Kayak,Canoe / Kayak F,"GUTSCHE, Torsten Rene",GER,Men,K-2 1000m (kayak double),M,Gold
Barcelona,1992,Canoe / Kayak,Canoe / Kayak F,"OLSSON, Gunnar",SWE,Men,K-2 1000m (kayak double),M,Silver
Barcelona,1992,Canoe / Kayak,Canoe / Kayak F,"SUNDQVIST, Karl",SWE,Men,K-2 1000m (kayak double),M,Silver
Barcelona,1992,Canoe / Kayak,Canoe / Kayak F,"DREOSSI, Bruno",ITA,Men,K-2 500m (kayak double),M,Bronze
Barcelona,1992,Canoe / Kayak,Canoe / Kayak F,"ROSSI, Antonio",ITA,Men,K-2 500m (kayak double),M,Bronze
Barcelona,1992,Canoe / Kayak,Canoe / Kayak F,"BLUHM, Kay",GER,Men,K-2 500m (kayak double),M,Gold
Barcelona,1992,Canoe / Kayak,Canoe / Kayak F,"GUTSCHE, Torsten Rene",GER,Men,K-2 500m (kayak double),M,Gold
Barcelona,1992,Canoe / Kayak,Canoe / Kayak F,"FREIMUT, Maciej",POL,Men,K-2 500m (kayak double),M,Silver
Barcelona,1992,Canoe / Kayak,Canoe / Kayak F,"KURPIEWSKI, Wojciech",POL,Men,K-2 500m (kayak double),M,Silver
Barcelona,1992,Canoe / Kayak,Canoe / Kayak F,"DONUSZ, Eva",HUN,Women,K-2 500m (kayak double),W,Bronze
Barcelona,1992,Canoe / Kayak,Canoe / Kayak F,"KOBAN, Rita",HUN,Women,K-2 500m (kayak double),W,Bronze
Barcelona,1992,Canoe / Kayak,Canoe / Kayak F,"PORTWICH, Ramona",GER,Women,K-2 500m (kayak double),W,Gold
Barcelona,1992,Canoe / Kayak,Canoe / Kayak F,"VON SECK, Anke",GER,Women,K-2 500m (kayak double),W,Gold
Barcelona,1992,Canoe / Kayak,Canoe / Kayak F,"ANDERSSON, Agneta",SWE,Women,K-2 500m (kayak double),W,Silver
Barcelona,1992,Canoe / Kayak,Canoe / Kayak F,"GUNNARSSON, Susanne",SWE,Women,K-2 500m (kayak double),W,Silver
Barcelona,1992,Canoe / Kayak,Canoe / Kayak F,"ANDERSSON, Ramon Dean",AUS,Men,K-4 1000m (kayak four),M,Bronze
Barcelona,1992,Canoe / Kayak,Canoe / Kayak F,"GRAHAM, Kelvin John",AUS,Men,K-4 1000m (kayak four),M,Bronze
Barcelona,1992,Canoe / Kayak,Canoe / Kayak F,"ROWLING, Ian Mark",AUS,Men,K-4 1000m (kayak four),M,Bronze
Barcelona,1992,Canoe / Kayak,Canoe / Kayak F,"WOOD, Steven Michael",AUS,Men,K-4 1000m (kayak four),M,Bronze
Barcelona,1992,Canoe / Kayak,Canoe / Kayak F,"KEGEL, Oliver Michael",GER,Men,K-4 1000m (kayak four),M,Gold
Barcelona,1992,Canoe / Kayak,Canoe / Kayak F,"REINECK, Thomas",GER,Men,K-4 1000m (kayak four),M,Gold
Barcelona,1992,Canoe / Kayak,Canoe / Kayak F,"VON APPEN, Mario",GER,Men,K-4 1000m (kayak four),M,Gold
Barcelona,1992,Canoe / Kayak,Canoe / Kayak F,"WOHLLEBE, Andre Gerhard",GER,Men,K-4 1000m (kayak four),M,Gold
Barcelona,1992,Canoe / Kayak,Canoe / Kayak F,"ABRAHAM, Attila",HUN,Men,K-4 1000m (kayak four),M,Silver
Barcelona,1992,Canoe / Kayak,Canoe / Kayak F,"CSIPES, Ferenc",HUN,Men,K-4 1000m (kayak four),M,Silver
Barcelona,1992,Canoe / Kayak,Canoe / Kayak F,"FIDEL, Laszlo",HUN,Men,K-4 1000m (kayak four),M,Silver
Barcelona,1992,Canoe / Kayak,Canoe / Kayak F,"GYULAY, Zsolt",HUN,Men,K-4 1000m (kayak four),M,Silver
Barcelona,1992,Canoe / Kayak,Canoe / Kayak F,"ANDERSSON, Agneta",SWE,Women,K-4 500m (kayak four),W,Bronze
Barcelona,1992,Canoe / Kayak,Canoe / Kayak F,"HAGLUND, Maria",SWE,Women,K-4 500m (kayak four),W,Bronze
Barcelona,1992,Canoe / Kayak,Canoe / Kayak F,"OLSSON, Anna",SWE,Women,K-4 500m (kayak four),W,Bronze
Barcelona,1992,Canoe / Kayak,Canoe / Kayak F,"ROSENQVIST, Susanne",SWE,Women,K-4 500m (kayak four),W,Bronze
Barcelona,1992,Canoe / Kayak,Canoe / Kayak F,"CZIGANY, Kinga",HUN,Women,K-4 500m (kayak four),W,Gold
Barcelona,1992,Canoe / Kayak,Canoe / Kayak F,"DONUSZ, Eva",HUN,Women,K-4 500m (kayak four),W,Gold
Barcelona,1992,Canoe / Kayak,Canoe / Kayak F,"KOBAN, Rita",HUN,Women,K-4 500m (kayak four),W,Gold
Barcelona,1992,Canoe / Kayak,Canoe / Kayak F,"MESZAROS, Erika",HUN,Women,K-4 500m (kayak four),W,Gold
Barcelona,1992,Canoe / Kayak,Canoe / Kayak F,"BORCHERT, Katrin",GER,Women,K-4 500m (kayak four),W,Silver
Barcelona,1992,Canoe / Kayak,Canoe / Kayak F,"FISCHER, Birgit",GER,Women,K-4 500m (kayak four),W,Silver
Barcelona,1992,Canoe / Kayak,Canoe / Kayak F,"PORTWICH, Ramona",GER,Women,K-4 500m (kayak four),W,Silver
Barcelona,1992,Canoe / Kayak,Canoe / Kayak F,"VON SECK, Anke",GER,Women,K-4 500m (kayak four),W,Silver
Barcelona,1992,Canoe / Kayak,Canoe / Kayak S,"AVRIL, Jacky",FRA,Men,C-1 (canoe single),M,Bronze
Barcelona,1992,Canoe / Kayak,Canoe / Kayak S,"POLLERT, Lukas",TCH,Men,C-1 (canoe single),M,Gold
Barcelona,1992,Canoe / Kayak,Canoe / Kayak S,"MARRIOTT, Gareth John",GBR,Men,C-1 (canoe single),M,Silver
Barcelona,1992,Canoe / Kayak,Canoe / Kayak S,"ADISSON, Franck",FRA,Men,C-2 (canoe double),M,Bronze
Barcelona,1992,Canoe / Kayak,Canoe / Kayak S,"FORGUES, Wilfrid",FRA,Men,C-2 (canoe double),M,Bronze
Barcelona,1992,Canoe / Kayak,Canoe / Kayak S,"JACOBI, Joe",USA,Men,C-2 (canoe double),M,Gold
Barcelona,1992,Canoe / Kayak,Canoe / Kayak S,"STRAUSBAUGH, Scott",USA,Men,C-2 (canoe double),M,Gold
Barcelona,1992,Canoe / Kayak,Canoe / Kayak S,"ROHAN, Jiri",TCH,Men,C-2 (canoe double),M,Silver
Barcelona,1992,Canoe / Kayak,Canoe / Kayak S,"SIMEK, Miroslav",TCH,Men,C-2 (canoe double),M,Silver
Barcelona,1992,Canoe / Kayak,Canoe / Kayak S,"LETTMANN, Jochen",GER,Men,K-1 (kayak single),M,Bronze
Barcelona,1992,Canoe / Kayak,Canoe / Kayak S,"FERRAZZI, Pierpaolo",ITA,Men,K-1 (kayak single),M,Gold
Barcelona,1992,Canoe / Kayak,Canoe / Kayak S,"CURINIER, Sylvain",FRA,Men,K-1 (kayak single),M,Silver
Barcelona,1992,Canoe / Kayak,Canoe / Kayak S,"CHLADEK, Dana",USA,Women,K-1 (kayak single),W,Bronze
Barcelona,1992,Canoe / Kayak,Canoe / Kayak S,"MICHELER-JONES, Elisabeth",GER,Women,K-1 (kayak single),W,Gold
Barcelona,1992,Canoe / Kayak,Canoe / Kayak S,"WOODWARD, Danielle Anne",AUS,Women,K-1 (kayak single),W,Silver
Barcelona,1992,Cycling,Cycling Road,"OZOLS, Dainis",LAT,Men,individual road race,M,Bronze
Barcelona,1992,Cycling,Cycling Road,"CASARTELLI, Fabio",ITA,Men,individual road race,M,Gold
Barcelona,1992,Cycling,Cycling Road,"DEKKER, Erik",NED,Men,individual road race,M,Silver
Barcelona,1992,Cycling,Cycling Road,"KNOL, Monique",NED,Women,individual road race,W,Bronze
Barcelona,1992,Cycling,Cycling Road,"WATT, Kathryn Anne",AUS,Women,individual road race,W,Gold
Barcelona,1992,Cycling,Cycling Road,"LONGO-CIPRELLI, Jeannie",FRA,Women,individual road race,W,Silver
Barcelona,1992,Cycling,Cycling Road,"BOUSSARD, Herve",FRA,Men,team time trial,M,Bronze
Barcelona,1992,Cycling,Cycling Road,"FAIVRE-PIERRET, Didier",FRA,Men,team time trial,M,Bronze
Barcelona,1992,Cycling,Cycling Road,"GAUMONT, Philippe",FRA,Men,team time trial,M,Bronze
Barcelona,1992,Cycling,Cycling Road,"HAREL, Jean-Louis",FRA,Men,team time trial,M,Bronze
Barcelona,1992,Cycling,Cycling Road,"DITTERT, Bernd",GER,Men,team time trial,M,Gold
Barcelona,1992,Cycling,Cycling Road,"MEYER, Christian",GER,Men,team time trial,M,Gold
Barcelona,1992,Cycling,Cycling Road,"PESCHEL, Uwe",GER,Men,team time trial,M,Gold
Barcelona,1992,Cycling,Cycling Road,"RICH, Michael",GER,Men,team time trial,M,Gold
Barcelona,1992,Cycling,Cycling Road,"ANASTASIA, Flavio",ITA,Men,team time trial,M,Silver
Barcelona,1992,Cycling,Cycling Road,"COLOMBO, Luca",ITA,Men,team time trial,M,Silver
Barcelona,1992,Cycling,Cycling Road,"CONTRI, Gianfranco",ITA,Men,team time trial,M,Silver
Barcelona,1992,Cycling,Cycling Road,"PERON, Andrea",ITA,Men,team time trial,M,Silver
Barcelona,1992,Cycling,Cycling Track,"HARTWELL, Erin W.",USA,Men,1km time trial,M,Bronze
Barcelona,1992,Cycling,Cycling Track,"MORENO PERINAN, Jose Manuel",ESP,Men,1km time trial,M,Gold
Barcelona,1992,Cycling,Cycling Track,"KELLY, Shane",AUS,Men,1km time trial,M,Silver
Barcelona,1992,Cycling,Cycling Track,"ANDERSON, Gary John",NZL,Men,Individual Pursuit,M,Bronze
Barcelona,1992,Cycling,Cycling Track,"BOARDMAN, Christopher Miles",GBR,Men,Individual Pursuit,M,Gold
Barcelona,1992,Cycling,Cycling Track,"LEHMANN, Jens",GER,Men,Individual Pursuit,M,Silver
Barcelona,1992,Cycling,Cycling Track,"TWIGG, Rebecca Lynne",USA,Women,individual pursuit,W,Bronze
Barcelona,1992,Cycling,Cycling Track,"ROSSNER, Petra",GER,Women,individual pursuit,W,Gold
Barcelona,1992,Cycling,Cycling Track,"WATT, Kathryn Anne",AUS,Women,individual pursuit,W,Silver
Barcelona,1992,Cycling,Cycling Track,"MATHY, Cedric",BEL,Men,Points Race,M,Bronze
Barcelona,1992,Cycling,Cycling Track,"LOMBARDI, Giovanni",ITA,Men,Points Race,M,Gold
Barcelona,1992,Cycling,Cycling Track,"VAN BON, Leon",NED,Men,Points Race,M,Silver
Barcelona,1992,Cycling,Cycling Track,"HARINGA, Ingrid",NED,Women,sprint,W,Bronze
Barcelona,1992,Cycling,Cycling Track,"SALUMAE, Erika",EST,Women,sprint,W,Gold
Barcelona,1992,Cycling,Cycling Track,"NEUMANN, Annett",GER,Women,sprint,W,Silver
Barcelona,1992,Cycling,Cycling Track,"HARNETT, Curtis",CAN,Men,Sprint indivual,M,Bronze
Barcelona,1992,Cycling,Cycling Track,"FIEDLER, Jens",GER,Men,Sprint indivual,M,Gold
Barcelona,1992,Cycling,Cycling Track,"NEIWAND, Garry Malcolm",AUS,Men,Sprint indivual,M,Silver
Barcelona,1992,Cycling,Cycling Track,"FROST, Ken",DEN,Men,Team Pursuit (4000m),M,Bronze
Barcelona,1992,Cycling,Cycling Track,"MADSEN, Jimmi",DEN,Men,Team Pursuit (4000m),M,Bronze
Barcelona,1992,Cycling,Cycling Track,"NILSEN, Klaus Kynde",DEN,Men,Team Pursuit (4000m),M,Bronze
Barcelona,1992,Cycling,Cycling Track,"PETERSEN, Jan Bo",DEN,Men,Team Pursuit (4000m),M,Bronze
Barcelona,1992,Cycling,Cycling Track,"SANDSTOD, Michael",DEN,Men,Team Pursuit (4000m),M,Bronze
Barcelona,1992,Cycling,Cycling Track,"FULST, Guido",GER,Men,Team Pursuit (4000m),M,Gold
Barcelona,1992,Cycling,Cycling Track,"GLÖCKNER, Michael",GER,Men,Team Pursuit (4000m),M,Gold
Barcelona,1992,Cycling,Cycling Track,"LEHMANN, Jens",GER,Men,Team Pursuit (4000m),M,Gold
Barcelona,1992,Cycling,Cycling Track,"STEINWEG, Stefan",GER,Men,Team Pursuit (4000m),M,Gold
Barcelona,1992,Cycling,Cycling Track,"WALZER, Andreas",GER,Men,Team Pursuit (4000m),M,Gold
Barcelona,1992,Cycling,Cycling Track,"AITKEN, Brett",AUS,Men,Team Pursuit (4000m),M,Silver
Barcelona,1992,Cycling,Cycling Track,"MCGLEDE, Stephen John",AUS,Men,Team Pursuit (4000m),M,Silver
Barcelona,1992,Cycling,Cycling Track,"O'BRIEN, Shaun William",AUS,Men,Team Pursuit (4000m),M,Silver
Barcelona,1992,Cycling,Cycling Track,"O'GRADY, Stuart",AUS,Men,Team Pursuit (4000m),M,Silver
Barcelona,1992,Equestrian,Dressage,"BALKENHOL, Klaus",GER,Men,individual,X,Bronze
Barcelona,1992,Equestrian,Dressage,"UPHOFF-BECKER, Nicole",GER,Women,individual,X,Gold
Barcelona,1992,Equestrian,Dressage,"WERTH, Isabell",GER,Women,individual,X,Silver
Barcelona,1992,Equestrian,Dressage,"DOVER, Robert Jeffrey",USA,Men,team,X,Bronze
Barcelona,1992,Equestrian,Dressage,"POULIN, Michael",USA,Men,team,X,Bronze
Barcelona,1992,Equestrian,Dressage,"BALKENHOL, Klaus",GER,Men,team,X,Gold
Barcelona,1992,Equestrian,Dressage,"BREDAHL, Charlotte",USA,Women,team,X,Bronze
Barcelona,1992,Equestrian,Dressage,"LAVELL, Carol",USA,Women,team,X,Bronze
Barcelona,1992,Equestrian,Dressage,"TEODORESCU, Monica",GER,Women,team,X,Gold
Barcelona,1992,Equestrian,Dressage,"UPHOFF-BECKER, Nicole",GER,Women,team,X,Gold
Barcelona,1992,Equestrian,Dressage,"WERTH, Isabell",GER,Women,team,X,Gold
Barcelona,1992,Equestrian,Dressage,"BARTELS DE VRIES, Maria Anna",NED,Women,team,X,Silver
Barcelona,1992,Equestrian,Dressage,"BONTJE, Ellen",NED,Women,team,X,Silver
Barcelona,1992,Equestrian,Dressage,"SANDERS-KEYZER, Annemarie",NED,Women,team,X,Silver
Barcelona,1992,Equestrian,Dressage,"VAN GRUNSVEN, Anky",NED,Women,team,X,Silver
Barcelona,1992,Equestrian,Eventing,"TAIT, Blyth",NZL,Men,individual,X,Bronze
Barcelona,1992,Equestrian,Eventing,"RYAN, Matthew Morgan",AUS,Men,individual,X,Gold
Barcelona,1992,Equestrian,Eventing,"BLÖCKER, Herbert",GER,Men,individual,X,Silver
Barcelona,1992,Equestrian,Eventing,"BAUMANN, Matthias Andreas",GER,Men,team,X,Bronze
Barcelona,1992,Equestrian,Eventing,"BLÖCKER, Herbert",GER,Men,team,X,Bronze
Barcelona,1992,Equestrian,Eventing,"EHRENBRINK, Ralf",GER,Men,team,X,Bronze
Barcelona,1992,Equestrian,Eventing,"MYSEGAES, Cord Hermann",GER,Men,team,X,Bronze
Barcelona,1992,Equestrian,Eventing,"GREEN, David Michael",AUS,Men,team,X,Gold
Barcelona,1992,Equestrian,Eventing,"HOY, Andrew",AUS,Men,team,X,Gold
Barcelona,1992,Equestrian,Eventing,"RYAN, Matthew Morgan",AUS,Men,team,X,Gold
Barcelona,1992,Equestrian,Eventing,"NICHOLSON, Andrew",NZL,Men,team,X,Silver
Barcelona,1992,Equestrian,Eventing,"TAIT, Blyth",NZL,Men,team,X,Silver
Barcelona,1992,Equestrian,Eventing,"TODD, Mark",NZL,Men,team,X,Silver
Barcelona,1992,Equestrian,Eventing,"ROLTON, Gillian",AUS,Women,team,X,Gold
Barcelona,1992,Equestrian,Eventing,"LATTA, Victoria Jean",NZL,Women,team,X,Silver
Barcelona,1992,Equestrian,Jumping,"DELLO JOIO, Norman",USA,Men,individual,X,Bronze
Barcelona,1992,Equestrian,Jumping,"BEERBAUM, Ludger",GER,Men,individual,X,Gold
Barcelona,1992,Equestrian,Jumping,"RAYMAKERS, Piet",NED,Men,individual,X,Silver
Barcelona,1992,Equestrian,Jumping,"BOURDY, Hubert",FRA,Men,team,X,Bronze
Barcelona,1992,Equestrian,Jumping,"GODIGNON, Herve",FRA,Men,team,X,Bronze
Barcelona,1992,Equestrian,Jumping,"NAVET, Eric",FRA,Men,team,X,Bronze
Barcelona,1992,Equestrian,Jumping,"ROBERT, Michel",FRA,Men,team,X,Bronze
Barcelona,1992,Equestrian,Jumping,"LANSINK, Jos",NED,Men,team,X,Gold
Barcelona,1992,Equestrian,Jumping,"RAYMAKERS, Piet",NED,Men,team,X,Gold
Barcelona,1992,Equestrian,Jumping,"ROMP, Bert",NED,Men,team,X,Gold
Barcelona,1992,Equestrian,Jumping,"TOPS, Jan",NED,Men,team,X,Gold
Barcelona,1992,Equestrian,Jumping,"BOOR, Boris",AUT,Men,team,X,Silver
Barcelona,1992,Equestrian,Jumping,"FRUHMANN, Thomas",AUT,Men,team,X,Silver
Barcelona,1992,Equestrian,Jumping,"MUNZNER, Joerg",AUT,Men,team,X,Silver
Barcelona,1992,Equestrian,Jumping,"SIMON, Hugo",AUT,Men,team,X,Silver
Barcelona,1992,Fencing,Fencing,"HENRY, Jean-Michel",FRA,Men,épée individual,M,Bronze
Barcelona,1992,Fencing,Fencing,"SRECKI, Eric",FRA,Men,épée individual,M,Gold
Barcelona,1992,Fencing,Fencing,"KOLOBKOV, Pavel",EUN,Men,épée individual,M,Silver
Barcelona,1992,Fencing,Fencing,"CHOUVALOV, Andrei",EUN,Men,épée team,M,Bronze
Barcelona,1992,Fencing,Fencing,"KOLOBKOV, Pavel",EUN,Men,épée team,M,Bronze
Barcelona,1992,Fencing,Fencing,"KOSTAREV, Serguei",EUN,Men,épée team,M,Bronze
Barcelona,1992,Fencing,Fencing,"KRAVTCHOUK, Serguei",EUN,Men,épée team,M,Bronze
Barcelona,1992,Fencing,Fencing,"ZAKHAREVITCH, Valeri",EUN,Men,épée team,M,Bronze
Barcelona,1992,Fencing,Fencing,"BORRMANN, Elmar",GER,Men,épée team,M,Gold
Barcelona,1992,Fencing,Fencing,"FELISIAK, Robert",GER,Men,épée team,M,Gold
Barcelona,1992,Fencing,Fencing,"PROSKE, Uwe Gerhard",GER,Men,épée team,M,Gold
Barcelona,1992,Fencing,Fencing,"REZNITCHENKO, Vladimir",GER,Men,épée team,M,Gold
Barcelona,1992,Fencing,Fencing,"SCHMITT, Arnd Rüdiger",GER,Men,épée team,M,Gold
Barcelona,1992,Fencing,Fencing,"HEGEDUS, Ferenc",HUN,Men,épée team,M,Silver
Barcelona,1992,Fencing,Fencing,"KOLCZONAI, Erno",HUN,Men,épée team,M,Silver
Barcelona,1992,Fencing,Fencing,"KOVACS, Ivan",HUN,Men,épée team,M,Silver
Barcelona,1992,Fencing,Fencing,"KULCSAR, Krisztian",HUN,Men,épée team,M,Silver
Barcelona,1992,Fencing,Fencing,"TOTOLA, Gabor",HUN,Men,épée team,M,Silver
Barcelona,1992,Fencing,Fencing,"GREGORY, Elvis",CUB,Men,foil individual,M,Bronze
Barcelona,1992,Fencing,Fencing,"OMNES, Philippe",FRA,Men,foil individual,M,Gold
Barcelona,1992,Fencing,Fencing,"GOLUBYTSKY, Serguei",EUN,Men,foil individual,M,Silver
Barcelona,1992,Fencing,Fencing,"SADOVSKAIA, Tatiana",EUN,Women,foil individual,W,Bronze
Barcelona,1992,Fencing,Fencing,"TRILLINI, Giovanna",ITA,Women,foil individual,W,Gold
Barcelona,1992,Fencing,Fencing,"WANG, Huifeng",CHN,Women,foil individual,W,Silver
Barcelona,1992,Fencing,Fencing,"KIELPIKOWSKI, Piotr",POL,Men,foil team,M,Bronze
Barcelona,1992,Fencing,Fencing,"KRZESINSKI, Adam",POL,Men,foil team,M,Bronze
Barcelona,1992,Fencing,Fencing,"SIESS, Cezary",POL,Men,foil team,M,Bronze
Barcelona,1992,Fencing,Fencing,"SOBCZAK, Ryszard",POL,Men,foil team,M,Bronze
Barcelona,1992,Fencing,Fencing,"SYPNIEWSKI, Marian",POL,Men,foil team,M,Bronze
Barcelona,1992,Fencing,Fencing,"KOCH, Alexander",GER,Men,foil team,M,Gold
Barcelona,1992,Fencing,Fencing,"SCHRECK, Ulrich Rainer",GER,Men,foil team,M,Gold
Barcelona,1992,Fencing,Fencing,"WAGNER, Udo",GER,Men,foil team,M,Gold
Barcelona,1992,Fencing,Fencing,"WEIDNER, Thorsten",GER,Men,foil team,M,Gold
Barcelona,1992,Fencing,Fencing,"WEISSENBORN, Ingo",GER,Men,foil team,M,Gold
Barcelona,1992,Fencing,Fencing,"BETANCOURT SCULL, Guillermo",CUB,Men,foil team,M,Silver
Barcelona,1992,Fencing,Fencing,"DIAZ BABIER, Tulio",CUB,Men,foil team,M,Silver
Barcelona,1992,Fencing,Fencing,"GARCIA MARTURELL, Hermenegildo",CUB,Men,foil team,M,Silver
Barcelona,1992,Fencing,Fencing,"GARCIA PEREZ, Oscar",CUB,Men,foil team,M,Silver
Barcelona,1992,Fencing,Fencing,"GREGORY, Elvis",CUB,Men,foil team,M,Silver
Barcelona,1992,Fencing,Fencing,"CARLESCU BADEA, Laura Gabriela",ROU,Women,foil team,W,Bronze
Barcelona,1992,Fencing,Fencing,"DUMITRESCU, Roxana Daniela",ROU,Women,foil team,W,Bronze
Barcelona,1992,Fencing,Fencing,"GRIGORESCU, Claudia Laura",ROU,Women,foil team,W,Bronze
Barcelona,1992,Fencing,Fencing,"SZABO-LAZAR, Reka Zsofia",ROU,Women,foil team,W,Bronze
Barcelona,1992,Fencing,Fencing,"TUFAN, Elisabeta",ROU,Women,foil team,W,Bronze
Barcelona,1992,Fencing,Fencing,"BIANCHEDI, Diana",ITA,Women,foil team,W,Gold
Barcelona,1992,Fencing,Fencing,"BORTOLOZZI BORELLA, Francesca",ITA,Women,foil team,W,Gold
Barcelona,1992,Fencing,Fencing,"TRILLINI, Giovanna",ITA,Women,foil team,W,Gold
Barcelona,1992,Fencing,Fencing,"VACCARONI, Dorina",ITA,Women,foil team,W,Gold
Barcelona,1992,Fencing,Fencing,"ZALAFFI, Margherita",ITA,Women,foil team,W,Gold
Barcelona,1992,Fencing,Fencing,"BAU, Sabine Christiane",GER,Women,foil team,W,Silver
Barcelona,1992,Fencing,Fencing,"DOBMEIER, Annette",GER,Women,foil team,W,Silver
Barcelona,1992,Fencing,Fencing,"FICHTEL-MAURITZ, Anja",GER,Women,foil team,W,Silver
Barcelona,1992,Fencing,Fencing,"FUNKENHAUSER, Zita-Eva",GER,Women,foil team,W,Silver
Barcelona,1992,Fencing,Fencing,"WEBER-KOSZTO, Monika",GER,Women,foil team,W,Silver
Barcelona,1992,Fencing,Fencing,"LAMOUR, Jean-Francois",FRA,Men,sabre individual,M,Bronze
Barcelona,1992,Fencing,Fencing,"SZABO, Bence",HUN,Men,sabre individual,M,Gold
Barcelona,1992,Fencing,Fencing,"MARIN, Marco",ITA,Men,sabre individual,M,Silver
Barcelona,1992,Fencing,Fencing,"DAURELLE, Jean-Philippe",FRA,Men,sabre team,M,Bronze
Barcelona,1992,Fencing,Fencing,"DUCHEIX, Franck",FRA,Men,sabre team,M,Bronze
Barcelona,1992,Fencing,Fencing,"GRANGER-VEYRON, Herve",FRA,Men,sabre team,M,Bronze
Barcelona,1992,Fencing,Fencing,"GUICHOT, Pierre",FRA,Men,sabre team,M,Bronze
Barcelona,1992,Fencing,Fencing,"LAMOUR, Jean-Francois",FRA,Men,sabre team,M,Bronze
Barcelona,1992,Fencing,Fencing,"CHIRCHOV, Aleksander",EUN,Men,sabre team,M,Gold
Barcelona,1992,Fencing,Fencing,"GUTTSAYT, Vadim",EUN,Men,sabre team,M,Gold
Barcelona,1992,Fencing,Fencing,"KIRIYENKO, Grigorii",EUN,Men,sabre team,M,Gold
Barcelona,1992,Fencing,Fencing,"POGOSSOV, Gueorgui",EUN,Men,sabre team,M,Gold
Barcelona,1992,Fencing,Fencing,"POZDNYAKOV, Stanislav",EUN,Men,sabre team,M,Gold
Barcelona,1992,Fencing,Fencing,"ABAY, Peter",HUN,Men,sabre team,M,Silver
Barcelona,1992,Fencing,Fencing,"BUJDOSO, Imre",HUN,Men,sabre team,M,Silver
Barcelona,1992,Fencing,Fencing,"KOVES, Csaba",HUN,Men,sabre team,M,Silver
Barcelona,1992,Fencing,Fencing,"NEBALD, György",HUN,Men,sabre team,M,Silver
Barcelona,1992,Fencing,Fencing,"SZABO, Bence",HUN,Men,sabre team,M,Silver
Barcelona,1992,Football,Football,"ACHEAMPONG, Joachin Yaw",GHA,Men,football,M,Bronze
Barcelona,1992,Football,Football,"ADDO, Simon",GHA,Men,football,M,Bronze
Barcelona,1992,Football,Football,"ADJEI, Sammi",GHA,Men,football,M,Bronze
Barcelona,1992,Football,Football,"AMANKWAH, Frank",GHA,Men,football,M,Bronze
Barcelona,1992,Football,Football,"ARYEE, Bernard Nii",GHA,Men,football,M,Bronze
Barcelona,1992,Football,Football,"ASARE, Isaac",GHA,Men,football,M,Bronze
Barcelona,1992,Football,Football,"AYEW, Kwame",GHA,Men,football,M,Bronze
Barcelona,1992,Football,Football,"DOSSEY, Ibrahim",GHA,Men,football,M,Bronze
Barcelona,1992,Football,Football,"GARGO, Mohammed",GHA,Men,football,M,Bronze
Barcelona,1992,Football,Football,"KUMAH, Samuel Ablade",GHA,Men,football,M,Bronze
Barcelona,1992,Football,Football,"LAMPTEY, Nii Odartey",GHA,Men,football,M,Bronze
Barcelona,1992,Football,Football,"PREKO, Yaw",GHA,Men,football,M,Bronze
Barcelona,1992,Football,Football,"QUAYE, Shamo",GHA,Men,football,M,Bronze
Barcelona,1992,Football,Football,"AMAVISCA GARATE, Jose",ESP,Men,football,M,Gold
Barcelona,1992,Football,Football,"BERGES MARIN, Rafael",ESP,Men,football,M,Gold
Barcelona,1992,Football,Football,"FERNANDEZ ANTUÑA, Abelardo",ESP,Men,football,M,Gold
Barcelona,1992,Football,Football,"FERRER LLOPIS, Albert",ESP,Men,football,M,Gold
Barcelona,1992,Football,Football,"GUARDIOLA SALA, Josep",ESP,Men,football,M,Gold
