Athens,2004,Aquatics,Water polo,"LARA, Georgia",GRE,Women,water polo,W,Silver
Athens,2004,Aquatics,Water polo,"LIOSI, Kyriaki",GRE,Women,water polo,W,Silver
Athens,2004,Aquatics,Water polo,"MELIDONI, Aniopi",GRE,Women,water polo,W,Silver
Athens,2004,Aquatics,Water polo,"MORAITI, Antonia",GRE,Women,water polo,W,Silver
Athens,2004,Aquatics,Water polo,"MORAITIDOU, Evangelia",GRE,Women,water polo,W,Silver
Athens,2004,Aquatics,Water polo,"MYLONAKI, Anthoula",GRE,Women,water polo,W,Silver
Athens,2004,Aquatics,Water polo,"OIKONOMOPOULOU, Aikaterini",GRE,Women,water polo,W,Silver
Athens,2004,Aquatics,Water polo,"ROUMPESI, Antigoni",GRE,Women,water polo,W,Silver
Athens,2004,Archery,Archery,"CUDDIHY, Tim",AUS,Men,individual (FITA Olympic round - 70m),M,Bronze
Athens,2004,Archery,Archery,"GALIAZZO, Marco",ITA,Men,individual (FITA Olympic round - 70m),M,Gold
Athens,2004,Archery,Archery,"YAMAMOTO, Hiroshi",JPN,Men,individual (FITA Olympic round - 70m),M,Silver
Athens,2004,Archery,Archery,"WILLIAMSON, Alison",GBR,Women,individual (FITA Olympic round - 70m),W,Bronze
Athens,2004,Archery,Archery,"PARK, Sung-Hyun",KOR,Women,individual (FITA Olympic round - 70m),W,Gold
Athens,2004,Archery,Archery,"LEE, Sung Jin",KOR,Women,individual (FITA Olympic round - 70m),W,Silver
Athens,2004,Archery,Archery,"HRACHOV, Dmytro",UKR,Men,team (FITA Olympic round - 70m),M,Bronze
Athens,2004,Archery,Archery,"RUBAN, Viktor",UKR,Men,team (FITA Olympic round - 70m),M,Bronze
Athens,2004,Archery,Archery,"SERDYUK, Oleksandr",UKR,Men,team (FITA Olympic round - 70m),M,Bronze
Athens,2004,Archery,Archery,"IM, Dong Hyun",KOR,Men,team (FITA Olympic round - 70m),M,Gold
Athens,2004,Archery,Archery,"JANG, Yong-Ho",KOR,Men,team (FITA Olympic round - 70m),M,Gold
Athens,2004,Archery,Archery,"PARK, Kyung Mo",KOR,Men,team (FITA Olympic round - 70m),M,Gold
Athens,2004,Archery,Archery,"CHEN, Szu Yuan",TPE,Men,team (FITA Olympic round - 70m),M,Silver
Athens,2004,Archery,Archery,"LIU, Ming Huang",TPE,Men,team (FITA Olympic round - 70m),M,Silver
Athens,2004,Archery,Archery,"WANG, Cheng Pang",TPE,Men,team (FITA Olympic round - 70m),M,Silver
Athens,2004,Archery,Archery,"CHEN, Li Ju",TPE,Women,team (FITA Olympic round - 70m),W,Bronze
Athens,2004,Archery,Archery,"WU, Hui Ju",TPE,Women,team (FITA Olympic round - 70m),W,Bronze
Athens,2004,Archery,Archery,"YUAN, Shu Chi",TPE,Women,team (FITA Olympic round - 70m),W,Bronze
Athens,2004,Archery,Archery,"LEE, Sung Jin",KOR,Women,team (FITA Olympic round - 70m),W,Gold
Athens,2004,Archery,Archery,"PARK, Sung-Hyun",KOR,Women,team (FITA Olympic round - 70m),W,Gold
Athens,2004,Archery,Archery,"YUN, Mi-Jin",KOR,Women,team (FITA Olympic round - 70m),W,Gold
Athens,2004,Archery,Archery,"HE, Ying",CHN,Women,team (FITA Olympic round - 70m),W,Silver
Athens,2004,Archery,Archery,"LIN, Sang",CHN,Women,team (FITA Olympic round - 70m),W,Silver
Athens,2004,Archery,Archery,"ZHANG, Juan Juan",CHN,Women,team (FITA Olympic round - 70m),W,Silver
Athens,2004,Athletics,Athletics,"TADESSE, Zersenay",ERI,Men,10000m,M,Bronze
Athens,2004,Athletics,Athletics,"BEKELE, Kenenisa",ETH,Men,10000m,M,Gold
Athens,2004,Athletics,Athletics,"SIHINE, Sileshi",ETH,Men,10000m,M,Silver
Athens,2004,Athletics,Athletics,"TULU, Derartu",ETH,Women,10000m,W,Bronze
Athens,2004,Athletics,Athletics,"XING, Huina",CHN,Women,10000m,W,Gold
Athens,2004,Athletics,Athletics,"DIBABA, Ejegayehu",ETH,Women,10000m,W,Silver
Athens,2004,Athletics,Athletics,"GREENE, Maurice",USA,Men,100m,M,Bronze
Athens,2004,Athletics,Athletics,"GATLIN, Justin",USA,Men,100m,M,Gold
Athens,2004,Athletics,Athletics,"OBIKWELU, Francis",POR,Men,100m,M,Silver
Athens,2004,Athletics,Athletics,"CAMPBELL-BROWN, Veronica",JAM,Women,100m,W,Bronze
Athens,2004,Athletics,Athletics,"NESTERENKO, Yuliya",BLR,Women,100m,W,Gold
Athens,2004,Athletics,Athletics,"WILLIAMS, Lauryn",USA,Women,100m,W,Silver
Athens,2004,Athletics,Athletics,"MORRISON, Melissa",USA,Women,100m hurdles,W,Bronze
Athens,2004,Athletics,Athletics,"HAYES, Joanna",USA,Women,100m hurdles,W,Gold
Athens,2004,Athletics,Athletics,"KRASOVSKA, Olena",UKR,Women,100m hurdles,W,Silver
Athens,2004,Athletics,Athletics,"GARCIA, Anier",CUB,Men,110m hurdles,M,Bronze
Athens,2004,Athletics,Athletics,"LIU, Xiang",CHN,Men,110m hurdles,M,Gold
Athens,2004,Athletics,Athletics,"TRAMMELL, Terrence",USA,Men,110m hurdles,M,Silver
Athens,2004,Athletics,Athletics,"SILVA, Rui",POR,Men,1500m,M,Bronze
Athens,2004,Athletics,Athletics,"EL GUERROUJ, Hicham",MAR,Men,1500m,M,Gold
Athens,2004,Athletics,Athletics,"LAGAT, Bernard",KEN,Men,1500m,M,Silver
Athens,2004,Athletics,Athletics,"CIONCAN, Maria",ROU,Women,1500m,W,Bronze
Athens,2004,Athletics,Athletics,"HOLMES, Kelly",GBR,Women,1500m,W,Gold
Athens,2004,Athletics,Athletics,"TOMASHEVA, Tatyana",RUS,Women,1500m,W,Silver
Athens,2004,Athletics,Athletics,"GATLIN, Justin",USA,Men,200m,M,Bronze
Athens,2004,Athletics,Athletics,"CRAWFORD, Shawn",USA,Men,200m,M,Gold
Athens,2004,Athletics,Athletics,"WILLIAMS, Bernard",USA,Men,200m,M,Silver
Athens,2004,Athletics,Athletics,"FERGUSON-MCKENZIE, Debbie",BAH,Women,200m,W,Bronze
Athens,2004,Athletics,Athletics,"CAMPBELL-BROWN, Veronica",JAM,Women,200m,W,Gold
Athens,2004,Athletics,Athletics,"FELIX, Allyson",USA,Women,200m,W,Silver
Athens,2004,Athletics,Athletics,"SAVILLE, Jane",AUS,Women,20km race walk,W,Bronze
Athens,2004,Athletics,Athletics,"TSOUMELEKA, Athanasia",GRE,Women,20km race walk,W,Gold
Athens,2004,Athletics,Athletics,"IVANOVA, Olimpiada",RUS,Women,20km race walk,W,Silver
Athens,2004,Athletics,Athletics,"DEAKES, Nathan",AUS,Men,20km walk,M,Bronze
Athens,2004,Athletics,Athletics,"BRUGNETTI, Ivano",ITA,Men,20km walk,M,Gold
Athens,2004,Athletics,Athletics,"FERNANDEZ, Francisco Javier",ESP,Men,20km walk,M,Silver
Athens,2004,Athletics,Athletics,"KOECH, Paul Kipsiele",KEN,Men,3000m steeplechase,M,Bronze
Athens,2004,Athletics,Athletics,"KEMBOI, Ezekiel",KEN,Men,3000m steeplechase,M,Gold
Athens,2004,Athletics,Athletics,"KIPRUTO, Brimin Kiprop",KEN,Men,3000m steeplechase,M,Silver
Athens,2004,Athletics,Athletics,"BREW, Derrick",USA,Men,400m,M,Bronze
Athens,2004,Athletics,Athletics,"WARINER, Jeremy",USA,Men,400m,M,Gold
Athens,2004,Athletics,Athletics,"HARRIS, Otis",USA,Men,400m,M,Silver
Athens,2004,Athletics,Athletics,"ANTYUKH, Natalya",RUS,Women,400m,W,Bronze
Athens,2004,Athletics,Athletics,"WILLIAMS-DARLING, Tonique",BAH,Women,400m,W,Gold
Athens,2004,Athletics,Athletics,"GUEVARA, Ana",MEX,Women,400m,W,Silver
Athens,2004,Athletics,Athletics,"KEITA, Naman",FRA,Men,400m hurdles,M,Bronze
Athens,2004,Athletics,Athletics,"SANCHEZ, Felix",DOM,Men,400m hurdles,M,Gold
Athens,2004,Athletics,Athletics,"MCFARLANE, Danny",JAM,Men,400m hurdles,M,Silver
Athens,2004,Athletics,Athletics,"TERESHCHUK-ANTIPOVA, Tetiana",UKR,Women,400m hurdles,W,Bronze
Athens,2004,Athletics,Athletics,"CHALKIA, Fani",GRE,Women,400m hurdles,W,Gold
Athens,2004,Athletics,Athletics,"TIRLEA-MANOLACHE, Ionela",ROU,Women,400m hurdles,W,Silver
Athens,2004,Athletics,Athletics,"ALIU, Deji",NGR,Men,4x100m relay,M,Bronze
Athens,2004,Athletics,Athletics,"EGBELE, Aaron",NGR,Men,4x100m relay,M,Bronze
Athens,2004,Athletics,Athletics,"EMEDOLU, Uchenna",NGR,Men,4x100m relay,M,Bronze
Athens,2004,Athletics,Athletics,"FASUBA, Olusoji",NGR,Men,4x100m relay,M,Bronze
Athens,2004,Athletics,Athletics,"CAMPBELL, Darren",GBR,Men,4x100m relay,M,Gold
Athens,2004,Athletics,Athletics,"DEVONISH, Marlon",GBR,Men,4x100m relay,M,Gold
Athens,2004,Athletics,Athletics,"GARDENER, Jason",GBR,Men,4x100m relay,M,Gold
Athens,2004,Athletics,Athletics,"LEWIS-FRANCIS, Mark",GBR,Men,4x100m relay,M,Gold
Athens,2004,Athletics,Athletics,"CRAWFORD, Shawn",USA,Men,4x100m relay,M,Silver
Athens,2004,Athletics,Athletics,"GATLIN, Justin",USA,Men,4x100m relay,M,Silver
Athens,2004,Athletics,Athletics,"GREENE, Maurice",USA,Men,4x100m relay,M,Silver
Athens,2004,Athletics,Athletics,"MILLER, Coby",USA,Men,4x100m relay,M,Silver
Athens,2004,Athletics,Athletics,"PATTON, Darvis",USA,Men,4x100m relay,M,Silver
Athens,2004,Athletics,Athletics,"ARRON, Christine",FRA,Women,4x100m relay,W,Bronze
Athens,2004,Athletics,Athletics,"FELIX, Sylviane",FRA,Women,4x100m relay,W,Bronze
Athens,2004,Athletics,Athletics,"HURTIS-HOUAIRI, Muriel",FRA,Women,4x100m relay,W,Bronze
Athens,2004,Athletics,Athletics,"MANG, Veronique",FRA,Women,4x100m relay,W,Bronze
Athens,2004,Athletics,Athletics,"BAILEY, Aleen",JAM,Women,4x100m relay,W,Gold
Athens,2004,Athletics,Athletics,"CAMPBELL-BROWN, Veronica",JAM,Women,4x100m relay,W,Gold
Athens,2004,Athletics,Athletics,"LAWRENCE, Tanya",JAM,Women,4x100m relay,W,Gold
Athens,2004,Athletics,Athletics,"MCDONALD, Beverly",JAM,Women,4x100m relay,W,Gold
Athens,2004,Athletics,Athletics,"SIMPSON, Sherone",JAM,Women,4x100m relay,W,Gold
Athens,2004,Athletics,Athletics,"FYODOROVA, Olga",RUS,Women,4x100m relay,W,Silver
Athens,2004,Athletics,Athletics,"KHABAROVA, Irina",RUS,Women,4x100m relay,W,Silver
Athens,2004,Athletics,Athletics,"KRUGLOVA, Larisa",RUS,Women,4x100m relay,W,Silver
Athens,2004,Athletics,Athletics,"TABAKOVA, Yuliya",RUS,Women,4x100m relay,W,Silver
Athens,2004,Athletics,Athletics,"AUDU, Musa",NGR,Men,4x400m relay,M,Bronze
Athens,2004,Athletics,Athletics,"GODDAY, James",NGR,Men,4x400m relay,M,Bronze
Athens,2004,Athletics,Athletics,"UDO OBONG, Enefiok",NGR,Men,4x400m relay,M,Bronze
Athens,2004,Athletics,Athletics,"WEIGOPWA, Saul",NGR,Men,4x400m relay,M,Bronze
Athens,2004,Athletics,Athletics,"BREW, Derrick",USA,Men,4x400m relay,M,Gold
Athens,2004,Athletics,Athletics,"HARRIS, Otis",USA,Men,4x400m relay,M,Gold
Athens,2004,Athletics,Athletics,"WARINER, Jeremy",USA,Men,4x400m relay,M,Gold
Athens,2004,Athletics,Athletics,"WILLIAMSON, Darold",USA,Men,4x400m relay,M,Gold
Athens,2004,Athletics,Athletics,"WILLIE, Kelly",USA,Men,4x400m relay,M,Gold
Athens,2004,Athletics,Athletics,"DWYER, Patrick",AUS,Men,4x400m relay,M,Silver
Athens,2004,Athletics,Athletics,"HILL, Clinton",AUS,Men,4x400m relay,M,Silver
Athens,2004,Athletics,Athletics,"ORMROD, Mark",AUS,Men,4x400m relay,M,Silver
Athens,2004,Athletics,Athletics,"ROCK, Andrew",AUS,Men,4x400m relay,M,Silver
Athens,2004,Athletics,Athletics,"STEFFENSEN, John",AUS,Men,4x400m relay,M,Silver
Athens,2004,Athletics,Athletics,"BURGHER, Michelle",JAM,Women,4x400m relay,W,Bronze
Athens,2004,Athletics,Athletics,"DAVY, Nadia",JAM,Women,4x400m relay,W,Bronze
Athens,2004,Athletics,Athletics,"RICHARDS, Sandie",JAM,Women,4x400m relay,W,Bronze
Athens,2004,Athletics,Athletics,"SMITH, Ronetta",JAM,Women,4x400m relay,W,Bronze
Athens,2004,Athletics,Athletics,"WILLIAMS, Novelene",JAM,Women,4x400m relay,W,Bronze
Athens,2004,Athletics,Athletics,"COX, Crystal",USA,Women,4x400m relay,W,Gold
Athens,2004,Athletics,Athletics,"HENDERSON, Monique",USA,Women,4x400m relay,W,Gold
Athens,2004,Athletics,Athletics,"HENNAGAN, Monique",USA,Women,4x400m relay,W,Gold
Athens,2004,Athletics,Athletics,"RICHARDS, Sanya",USA,Women,4x400m relay,W,Gold
Athens,2004,Athletics,Athletics,"ROBINSON, Moushaumi",USA,Women,4x400m relay,W,Gold
Athens,2004,Athletics,Athletics,"TROTTER, Deedee",USA,Women,4x400m relay,W,Gold
Athens,2004,Athletics,Athletics,"ANTYUKH, Natalya",RUS,Women,4x400m relay,W,Silver
Athens,2004,Athletics,Athletics,"FIROVA, Tatyana",RUS,Women,4x400m relay,W,Silver
Athens,2004,Athletics,Athletics,"IVANOVA, Natalya",RUS,Women,4x400m relay,W,Silver
Athens,2004,Athletics,Athletics,"KRASNOMOVETS, Olesya",RUS,Women,4x400m relay,W,Silver
Athens,2004,Athletics,Athletics,"NAZAROVA, Natalya",RUS,Women,4x400m relay,W,Silver
Athens,2004,Athletics,Athletics,"ZYKINA, Olesya",RUS,Women,4x400m relay,W,Silver
Athens,2004,Athletics,Athletics,"KIPCHOGE, Eliud",KEN,Men,5000m,M,Bronze
Athens,2004,Athletics,Athletics,"EL GUERROUJ, Hicham",MAR,Men,5000m,M,Gold
Athens,2004,Athletics,Athletics,"BEKELE, Kenenisa",ETH,Men,5000m,M,Silver
Athens,2004,Athletics,Athletics,"DIBABA, Tirunesh",ETH,Women,5000m,W,Bronze
Athens,2004,Athletics,Athletics,"DEFAR, Meseret",ETH,Women,5000m,W,Gold
Athens,2004,Athletics,Athletics,"OCHICHI, Isabella",KEN,Women,5000m,W,Silver
Athens,2004,Athletics,Athletics,"VOYEVODIN, Aleksey",RUS,Men,50km walk,M,Bronze
Athens,2004,Athletics,Athletics,"KORZENIOWSKI, Robert",POL,Men,50km walk,M,Gold
Athens,2004,Athletics,Athletics,"NIZHEGORODOV, Denis",RUS,Men,50km walk,M,Silver
Athens,2004,Athletics,Athletics,"KIPKETER, Wilson",DEN,Men,800m,M,Bronze
Athens,2004,Athletics,Athletics,"BORZAKOVSKIY, Yuriy",RUS,Men,800m,M,Gold
Athens,2004,Athletics,Athletics,"MULAUDZI, Mbulaeni",RSA,Men,800m,M,Silver
Athens,2004,Athletics,Athletics,"CEPLAK, Jolanda",SLO,Women,800m,W,Bronze
Athens,2004,Athletics,Athletics,"HOLMES, Kelly",GBR,Women,800m,W,Gold
Athens,2004,Athletics,Athletics,"BENHASSI, Hasna",MAR,Women,800m,W,Silver
Athens,2004,Athletics,Athletics,"KARPOV, Dmitriy",KAZ,Men,decathlon,M,Bronze
Athens,2004,Athletics,Athletics,"SEBRLE, Roman",CZE,Men,decathlon,M,Gold
Athens,2004,Athletics,Athletics,"CLAY, Bryan",USA,Men,decathlon,M,Silver
Athens,2004,Athletics,Athletics,"TAMMERT, Aleksander",EST,Men,discus throw,M,Bronze
Athens,2004,Athletics,Athletics,"ALEKNA, Virgilijus",LTU,Men,discus throw,M,Gold
Athens,2004,Athletics,Athletics,"KOVAGO, Zoltan",HUN,Men,discus throw,M,Silver
Athens,2004,Athletics,Athletics,"YATCHENKO, Iryna",BLR,Women,discus throw,W,Bronze
Athens,2004,Athletics,Athletics,"SADOVA, Natalya",RUS,Women,discus throw,W,Gold
Athens,2004,Athletics,Athletics,"KELESIDOU, Anastasia",GRE,Women,discus throw,W,Silver
Athens,2004,Athletics,Athletics,"APAK, Esref",TUR,Men,hammer throw,M,Bronze
Athens,2004,Athletics,Athletics,"MUROFUSHI, Koji",JPN,Men,hammer throw,M,Gold
Athens,2004,Athletics,Athletics,"TIKHON, Ivan",BLR,Men,hammer throw,M,Silver
Athens,2004,Athletics,Athletics,"CRAWFORD, Yunaika",CUB,Women,hammer throw,W,Bronze
Athens,2004,Athletics,Athletics,"KUZENKOVA, Olga",RUS,Women,hammer throw,W,Gold
Athens,2004,Athletics,Athletics,"MORENO, Yipsi",CUB,Women,hammer throw,W,Silver
Athens,2004,Athletics,Athletics,"SOTHERTON, Kelly",GBR,Women,heptathlon,W,Bronze
Athens,2004,Athletics,Athletics,"KLUFT, Carolina",SWE,Women,heptathlon,W,Gold
Athens,2004,Athletics,Athletics,"SKUJYTE, Austra",LTU,Women,heptathlon,W,Silver
Athens,2004,Athletics,Athletics,"BABA, Jaroslav",CZE,Men,high jump,M,Bronze
Athens,2004,Athletics,Athletics,"HOLM, Stefan",SWE,Men,high jump,M,Gold
Athens,2004,Athletics,Athletics,"HEMINGWAY, Matt",USA,Men,high jump,M,Silver
Athens,2004,Athletics,Athletics,"STYOPINA, Viktoriya",UKR,Women,high jump,W,Bronze
Athens,2004,Athletics,Athletics,"SLESARENKO, Elena",RUS,Women,high jump,W,Gold
Athens,2004,Athletics,Athletics,"CLOETE, Hestrie",RSA,Women,high jump,W,Silver
Athens,2004,Athletics,Athletics,"MAKAROV, Sergey",RUS,Men,javelin throw,M,Bronze
Athens,2004,Athletics,Athletics,"THORKILDSEN, Andreas",NOR,Men,javelin throw,M,Gold
Athens,2004,Athletics,Athletics,"VASILEVSKIS, Vadims",LAT,Men,javelin throw,M,Silver
Athens,2004,Athletics,Athletics,"MANIANI-TZELILI, Mirella",GRE,Women,javelin throw,W,Bronze
Athens,2004,Athletics,Athletics,"MENENDEZ, Osleidys",CUB,Women,javelin throw,W,Gold
Athens,2004,Athletics,Athletics,"NERIUS, Steffi",GER,Women,javelin throw,W,Silver
Athens,2004,Athletics,Athletics,"MARTINEZ, Joan Lino",ESP,Men,long jump,M,Bronze
Athens,2004,Athletics,Athletics,"PHILLIPS, Dwight",USA,Men,long jump,M,Gold
Athens,2004,Athletics,Athletics,"MOFFITT, John",USA,Men,long jump,M,Silver
Athens,2004,Athletics,Athletics,"KOTOVA, Tatyana",RUS,Women,long jump,W,Bronze
Athens,2004,Athletics,Athletics,"LEBEDEVA, Tatyana",RUS,Women,long jump,W,Gold
Athens,2004,Athletics,Athletics,"SIMAGINA, Irina",RUS,Women,long jump,W,Silver
Athens,2004,Athletics,Athletics,"DE LIMA, Vanderlei",BRA,Men,marathon,M,Bronze
Athens,2004,Athletics,Athletics,"BALDINI, Stefano",ITA,Men,marathon,M,Gold
Athens,2004,Athletics,Athletics,"KEFLEZIGHI, Mebrahtom",USA,Men,marathon,M,Silver
Athens,2004,Athletics,Athletics,"KASTOR, Deena",USA,Women,marathon,W,Bronze
Athens,2004,Athletics,Athletics,"NOGUCHI, Mizuki",JPN,Women,marathon,W,Gold
Athens,2004,Athletics,Athletics,"NDEREBA, Catherine",KEN,Women,marathon,W,Silver
Athens,2004,Athletics,Athletics,"GIBILISCO, Giuseppe",ITA,Men,pole vault,M,Bronze
Athens,2004,Athletics,Athletics,"MACK, Timothy",USA,Men,pole vault,M,Gold
Athens,2004,Athletics,Athletics,"STEVENSON, Toby",USA,Men,pole vault,M,Silver
Athens,2004,Athletics,Athletics,"ROGOWSKA, Anna",POL,Women,pole vault,W,Bronze
Athens,2004,Athletics,Athletics,"ISINBAEVA, Elena",RUS,Women,pole vault,W,Gold
Athens,2004,Athletics,Athletics,"FEOFANOVA, Svetlana",RUS,Women,pole vault,W,Silver
Athens,2004,Athletics,Athletics,"OLSEN, Joachim Broechner",DEN,Men,shot put,M,Bronze
Athens,2004,Athletics,Athletics,"BILONOG, Yuriy",UKR,Men,shot put,M,Gold
Athens,2004,Athletics,Athletics,"NELSON, Adam",USA,Men,shot put,M,Silver
Athens,2004,Athletics,Athletics,"KRIVELYOVA, Svetlana",RUS,Women,shot put,W,Bronze
Athens,2004,Athletics,Athletics,"CUMBA, Yumileidi",CUB,Women,shot put,W,Gold
Athens,2004,Athletics,Athletics,"KLEINERT, Nadine",GER,Women,shot put,W,Silver
Athens,2004,Athletics,Athletics,"BURKENYA, Danila",RUS,Men,triple jump,M,Bronze
Athens,2004,Athletics,Athletics,"OLSSON, Christian",SWE,Men,triple jump,M,Gold
Athens,2004,Athletics,Athletics,"OPREA, Marian",ROU,Men,triple jump,M,Silver
Athens,2004,Athletics,Athletics,"LEBEDEVA, Tatyana",RUS,Women,triple jump,W,Bronze
Athens,2004,Athletics,Athletics,"MBANGO ETONE, Francoise",CMR,Women,triple jump,W,Gold
Athens,2004,Athletics,Athletics,"DEVETZI, Hrysopiyi",GRE,Women,triple jump,W,Silver
Athens,2004,Badminton,Badminton,"HIAN, Eng",INA,Men,doubles,M,Bronze
Athens,2004,Badminton,Badminton,"LIMPELE, Flandy",INA,Men,doubles,M,Bronze
Athens,2004,Badminton,Badminton,"ERIKSEN, Jens Dyrloev",DEN,Men,doubles,X,Bronze
Athens,2004,Badminton,Badminton,"HA, Tae-Kwon",KOR,Men,doubles,M,Gold
Athens,2004,Badminton,Badminton,"KIM, Dong Moon",KOR,Men,doubles,M,Gold
Athens,2004,Badminton,Badminton,"ZHANG, Jun",CHN,Men,doubles,X,Gold
Athens,2004,Badminton,Badminton,"LEE, Dong Soo",KOR,Men,doubles,M,Silver
Athens,2004,Badminton,Badminton,"YOO, Yong-Sung",KOR,Men,doubles,M,Silver
Athens,2004,Badminton,Badminton,"ROBERTSON, Nathan",GBR,Men,doubles,X,Silver
Athens,2004,Badminton,Badminton,"LEE, Kyungwon",KOR,Women,doubles,W,Bronze
Athens,2004,Badminton,Badminton,"RA, Kyung-Min",KOR,Women,doubles,W,Bronze
Athens,2004,Badminton,Badminton,"SCHJOLDAGER, Mette",DEN,Women,doubles,X,Bronze
Athens,2004,Badminton,Badminton,"YANG, Wei",CHN,Women,doubles,W,Gold
Athens,2004,Badminton,Badminton,"ZHANG, Jiewen",CHN,Women,doubles,W,Gold
Athens,2004,Badminton,Badminton,"GAO, Ling",CHN,Women,doubles,X,Gold
Athens,2004,Badminton,Badminton,"GAO, Ling",CHN,Women,doubles,W,Silver
Athens,2004,Badminton,Badminton,"HUANG, Sui",CHN,Women,doubles,W,Silver
Athens,2004,Badminton,Badminton,"EMMS, Gail",GBR,Women,doubles,X,Silver
Athens,2004,Badminton,Badminton,"KUNCORO, Soni Dwi",INA,Men,singles,M,Bronze
Athens,2004,Badminton,Badminton,"HIDAYAT, Taufik",INA,Men,singles,M,Gold
Athens,2004,Badminton,Badminton,"SHON, Seung Mo",KOR,Men,singles,M,Silver
Athens,2004,Badminton,Badminton,"ZHOU, Mi",CHN,Women,singles,W,Bronze
Athens,2004,Badminton,Badminton,"ZHANG, Ning",CHN,Women,singles,W,Gold
Athens,2004,Badminton,Badminton,"AUDINA, Mia",NED,Women,singles,W,Silver
Athens,2004,Baseball,Baseball,"AIKAWA, Ryoji",JPN,Men,baseball,M,Bronze
Athens,2004,Baseball,Baseball,"ANDO, Yuya",JPN,Men,baseball,M,Bronze
Athens,2004,Baseball,Baseball,"FUJIMOTO, Atsushi",JPN,Men,baseball,M,Bronze
Athens,2004,Baseball,Baseball,"FUKUDOME, Kosuke",JPN,Men,baseball,M,Bronze
Athens,2004,Baseball,Baseball,"ISHII, Hirotoshi",JPN,Men,baseball,M,Bronze
Athens,2004,Baseball,Baseball,"IWAKUMA, Hisashi",JPN,Men,baseball,M,Bronze
Athens,2004,Baseball,Baseball,"IWASE, Hitoki",JPN,Men,baseball,M,Bronze
Athens,2004,Baseball,Baseball,"JOJIMA, Kenji",JPN,Men,baseball,M,Bronze
Athens,2004,Baseball,Baseball,"KANEKO, Makoto",JPN,Men,baseball,M,Bronze
Athens,2004,Baseball,Baseball,"KIMURA, Takuya",JPN,Men,baseball,M,Bronze
Athens,2004,Baseball,Baseball,"KOBAYASHI, Masahide",JPN,Men,baseball,M,Bronze
Athens,2004,Baseball,Baseball,"KURODA, Hiroki",JPN,Men,baseball,M,Bronze
Athens,2004,Baseball,Baseball,"MATSUZAKA, Daisuke",JPN,Men,baseball,M,Bronze
Athens,2004,Baseball,Baseball,"MIURA, Daisuke",JPN,Men,baseball,M,Bronze
Athens,2004,Baseball,Baseball,"MIYAMOTO, Shinya",JPN,Men,baseball,M,Bronze
Athens,2004,Baseball,Baseball,"MURAMATSU, Arihito",JPN,Men,baseball,M,Bronze
Athens,2004,Baseball,Baseball,"NAKAMURA, Norihiro",JPN,Men,baseball,M,Bronze
Athens,2004,Baseball,Baseball,"OGASAWARA, Michihiro",JPN,Men,baseball,M,Bronze
Athens,2004,Baseball,Baseball,"SHIMIZU, Naoyuki",JPN,Men,baseball,M,Bronze
Athens,2004,Baseball,Baseball,"TAKAHASHI, Yoshinobu",JPN,Men,baseball,M,Bronze
Athens,2004,Baseball,Baseball,"TANI, Yoshitomo",JPN,Men,baseball,M,Bronze
Athens,2004,Baseball,Baseball,"UEHARA, Koji",JPN,Men,baseball,M,Bronze
Athens,2004,Baseball,Baseball,"WADA, Kazuhiro",JPN,Men,baseball,M,Bronze
Athens,2004,Baseball,Baseball,"WADA, Tsuyoshi",JPN,Men,baseball,M,Bronze
Athens,2004,Baseball,Baseball,"BETANCOURT CHACON, Danny",CUB,Men,baseball,M,Gold
Athens,2004,Baseball,Baseball,"BORROTO JIMENEZ, Luis",CUB,Men,baseball,M,Gold
Athens,2004,Baseball,Baseball,"CEPEDA CRUZ, Frederich",CUB,Men,baseball,M,Gold
Athens,2004,Baseball,Baseball,"CHARLES MARTINEZ, Yorelvis",CUB,Men,baseball,M,Gold
Athens,2004,Baseball,Baseball,"ENRIQUEZ TAMAYO, Michel",CUB,Men,baseball,M,Gold
Athens,2004,Baseball,Baseball,"GONZALEZ, Norberto",CUB,Men,baseball,M,Gold
Athens,2004,Baseball,Baseball,"GOURRIEL CASTILLO, Yulieski",CUB,Men,baseball,M,Gold
Athens,2004,Baseball,Baseball,"LAZO, Pedro Luis",CUB,Men,baseball,M,Gold
Athens,2004,Baseball,Baseball,"MACHADO MORALES, Roger",CUB,Men,baseball,M,Gold
Athens,2004,Baseball,Baseball,"MARTINEZ MARTINEZ, Jonder",CUB,Men,baseball,M,Gold
Athens,2004,Baseball,Baseball,"MONTIETH HERRERA, Frank Andy",CUB,Men,baseball,M,Gold
Athens,2004,Baseball,Baseball,"ODELIN SANAME, Vicyohandri",CUB,Men,baseball,M,Gold
Athens,2004,Baseball,Baseball,"PALMA, Adiel",CUB,Men,baseball,M,Gold
Athens,2004,Baseball,Baseball,"PARET, Eduardo",CUB,Men,baseball,M,Gold
Athens,2004,Baseball,Baseball,"PESTANO, Ariel",CUB,Men,baseball,M,Gold
Athens,2004,Baseball,Baseball,"RAMIREZ RODRIGUEZ, Alexei",CUB,Men,baseball,M,Gold
Athens,2004,Baseball,Baseball,"SANCHEZ, Eriel",CUB,Men,baseball,M,Gold
Athens,2004,Baseball,Baseball,"SCULL, Antonio",CUB,Men,baseball,M,Gold
Athens,2004,Baseball,Baseball,"TABARES PADILLA, Carlos Alberto",CUB,Men,baseball,M,Gold
Athens,2004,Baseball,Baseball,"URGELLES, Yoandry",CUB,Men,baseball,M,Gold
Athens,2004,Baseball,Baseball,"URRUTIA, Osmanis",CUB,Men,baseball,M,Gold
Athens,2004,Baseball,Baseball,"VEGA TAMAYO, Manuel Alberto",CUB,Men,baseball,M,Gold
Athens,2004,Baseball,Baseball,"VERA, Norge Luis",CUB,Men,baseball,M,Gold
Athens,2004,Baseball,Baseball,"ANDERSON, Craig",AUS,Men,baseball,M,Silver
Athens,2004,Baseball,Baseball,"BRICE, Thomas",AUS,Men,baseball,M,Silver
Athens,2004,Baseball,Baseball,"BURNSIDE, Adrian",AUS,Men,baseball,M,Silver
Athens,2004,Baseball,Baseball,"FINGLESON, Gavin",AUS,Men,baseball,M,Silver
Athens,2004,Baseball,Baseball,"GONZALEZ, Paul",AUS,Men,baseball,M,Silver
Athens,2004,Baseball,Baseball,"KIMPTON, Nick",AUS,Men,baseball,M,Silver
Athens,2004,Baseball,Baseball,"KINGMAN, Brendan",AUS,Men,baseball,M,Silver
Athens,2004,Baseball,Baseball,"LEWIS, Craig",AUS,Men,baseball,M,Silver
Athens,2004,Baseball,Baseball,"LLOYD, Graeme",AUS,Men,baseball,M,Silver
Athens,2004,Baseball,Baseball,"NILSSON, David",AUS,Men,baseball,M,Silver
Athens,2004,Baseball,Baseball,"OELTJEN, Trent",AUS,Men,baseball,M,Silver
Athens,2004,Baseball,Baseball,"OUGH, Wayne",AUS,Men,baseball,M,Silver
Athens,2004,Baseball,Baseball,"OXSPRING, Chris",AUS,Men,baseball,M,Silver
Athens,2004,Baseball,Baseball,"RONEBERG, Brett",AUS,Men,baseball,M,Silver
Athens,2004,Baseball,Baseball,"ROWLAND SMITH, Ryan",AUS,Men,baseball,M,Silver
Athens,2004,Baseball,Baseball,"STEPHENS, John",AUS,Men,baseball,M,Silver
Athens,2004,Baseball,Baseball,"STOCKMAN, Phil",AUS,Men,baseball,M,Silver
Athens,2004,Baseball,Baseball,"TAMBURRINO, Brett",AUS,Men,baseball,M,Silver
Athens,2004,Baseball,Baseball,"THOMPSON, Richard",AUS,Men,baseball,M,Silver
Athens,2004,Baseball,Baseball,"UTTING, Andrew",AUS,Men,baseball,M,Silver
Athens,2004,Baseball,Baseball,"VAN BUIZEN, Rodney",AUS,Men,baseball,M,Silver
Athens,2004,Baseball,Baseball,"WIGMORE, Ben",AUS,Men,baseball,M,Silver
Athens,2004,Baseball,Baseball,"WILLIAMS, Glenn",AUS,Men,baseball,M,Silver
Athens,2004,Baseball,Baseball,"WILLIAMS, Jeff",AUS,Men,baseball,M,Silver
Athens,2004,Basketball,Basketball,"ANTHONY, Carmelo",USA,Men,basketball,M,Bronze
Athens,2004,Basketball,Basketball,"BOOZER, Carlos",USA,Men,basketball,M,Bronze
Athens,2004,Basketball,Basketball,"DUNCAN, Timothy",USA,Men,basketball,M,Bronze
Athens,2004,Basketball,Basketball,"IVERSON, Allen",USA,Men,basketball,M,Bronze
Athens,2004,Basketball,Basketball,"JAMES, Lebron",USA,Men,basketball,M,Bronze
Athens,2004,Basketball,Basketball,"JEFFERSON, Richard",USA,Men,basketball,M,Bronze
Athens,2004,Basketball,Basketball,"MARBURY, Stephon",USA,Men,basketball,M,Bronze
Athens,2004,Basketball,Basketball,"MARION, Shawn",USA,Men,basketball,M,Bronze
Athens,2004,Basketball,Basketball,"ODOM, Lamar",USA,Men,basketball,M,Bronze
Athens,2004,Basketball,Basketball,"OKAFOR, Emeka",USA,Men,basketball,M,Bronze
Athens,2004,Basketball,Basketball,"STOUDEMIRE, Amare",USA,Men,basketball,M,Bronze
Athens,2004,Basketball,Basketball,"WADE JR, Dwyane",USA,Men,basketball,M,Bronze
Athens,2004,Basketball,Basketball,"DELFINO, Carlos Francisco",ARG,Men,basketball,M,Gold
Athens,2004,Basketball,Basketball,"FERNANDEZ, Gabriel Diego",ARG,Men,basketball,M,Gold
Athens,2004,Basketball,Basketball,"GINOBILI, Emanuel David",ARG,Men,basketball,M,Gold
Athens,2004,Basketball,Basketball,"GUTIERREZ, Leonardo Martin",ARG,Men,basketball,M,Gold
Athens,2004,Basketball,Basketball,"HERRMANN, Walter",ARG,Men,basketball,M,Gold
Athens,2004,Basketball,Basketball,"MONTECCHIA, Alejandro Ariel",ARG,Men,basketball,M,Gold
Athens,2004,Basketball,Basketball,"NOCIONI, Andres Marcelo",ARG,Men,basketball,M,Gold
Athens,2004,Basketball,Basketball,"OBERTO, Fabricio",ARG,Men,basketball,M,Gold
Athens,2004,Basketball,Basketball,"SANCHEZ, Juan Ignacio",ARG,Men,basketball,M,Gold
Athens,2004,Basketball,Basketball,"SCOLA, Luis Alberto",ARG,Men,basketball,M,Gold
Athens,2004,Basketball,Basketball,"SCONOCHINI, Hugo Ariel",ARG,Men,basketball,M,Gold
Athens,2004,Basketball,Basketball,"WOLKOWYSKI, Ruben",ARG,Men,basketball,M,Gold
Athens,2004,Basketball,Basketball,"BASILE, Gianluca",ITA,Men,basketball,M,Silver
Athens,2004,Basketball,Basketball,"BULLERI, Massimo",ITA,Men,basketball,M,Silver
Athens,2004,Basketball,Basketball,"CHIACIG, Roberto",ITA,Men,basketball,M,Silver
Athens,2004,Basketball,Basketball,"GALANDA, Giacomo",ITA,Men,basketball,M,Silver
Athens,2004,Basketball,Basketball,"GARRI, Luca",ITA,Men,basketball,M,Silver
Athens,2004,Basketball,Basketball,"MARCONATO, Denis",ITA,Men,basketball,M,Silver
Athens,2004,Basketball,Basketball,"MIAN, Michele",ITA,Men,basketball,M,Silver
Athens,2004,Basketball,Basketball,"RADULOVIC, Nikola",ITA,Men,basketball,M,Silver
Athens,2004,Basketball,Basketball,"RIGHETTI, Alex",ITA,Men,basketball,M,Silver
Athens,2004,Basketball,Basketball,"ROMBALDONI, Rodolfo",ITA,Men,basketball,M,Silver
Athens,2004,Basketball,Basketball,"SORAGNA, Matteo",ITA,Men,basketball,M,Silver
Athens,2004,Basketball,Basketball,"ARKHIPOVA, Anna",RUS,Women,basketball,W,Bronze
Athens,2004,Basketball,Basketball,"ARTESHINA, Olga",RUS,Women,basketball,W,Bronze
Athens,2004,Basketball,Basketball,"BARANOVA, Elena",RUS,Women,basketball,W,Bronze
Athens,2004,Basketball,Basketball,"GUSTILINA, Diana",RUS,Women,basketball,W,Bronze
Athens,2004,Basketball,Basketball,"KALMYKOVA, Maria",RUS,Women,basketball,W,Bronze
Athens,2004,Basketball,Basketball,"KORSTIN, Ilona",RUS,Women,basketball,W,Bronze
Athens,2004,Basketball,Basketball,"OSIPOVA, Irina",RUS,Women,basketball,W,Bronze
Athens,2004,Basketball,Basketball,"RAKHMATULINA, Oxana",RUS,Women,basketball,W,Bronze
Athens,2004,Basketball,Basketball,"SHCHEGOLEVA, Tatiana",RUS,Women,basketball,W,Bronze
Athens,2004,Basketball,Basketball,"STEPANOVA, Maria",RUS,Women,basketball,W,Bronze
Athens,2004,Basketball,Basketball,"VODOPYANOVA, Natalia",RUS,Women,basketball,W,Bronze
Athens,2004,Basketball,Basketball,"BIRD, Suzanne",USA,Women,basketball,W,Gold
Athens,2004,Basketball,Basketball,"CASH, Swintayla",USA,Women,basketball,W,Gold
Athens,2004,Basketball,Basketball,"CATCHINGS, Tamika",USA,Women,basketball,W,Gold
Athens,2004,Basketball,Basketball,"GRIFFITH, Yolanda",USA,Women,basketball,W,Gold
Athens,2004,Basketball,Basketball,"JOHNSON, Shannon",USA,Women,basketball,W,Gold
Athens,2004,Basketball,Basketball,"LESLIE, Lisa",USA,Women,basketball,W,Gold
Athens,2004,Basketball,Basketball,"RILEY, Ruth",USA,Women,basketball,W,Gold
Athens,2004,Basketball,Basketball,"SMITH, Katie",USA,Women,basketball,W,Gold
Athens,2004,Basketball,Basketball,"STALEY, Dawn",USA,Women,basketball,W,Gold
Athens,2004,Basketball,Basketball,"SWOOPES, Sheryl",USA,Women,basketball,W,Gold
Athens,2004,Basketball,Basketball,"TAURASI, Diana",USA,Women,basketball,W,Gold
Athens,2004,Basketball,Basketball,"THOMPSON, Tina",USA,Women,basketball,W,Gold
Athens,2004,Basketball,Basketball,"BATKOVIC, Suzy",AUS,Women,basketball,W,Silver
Athens,2004,Basketball,Basketball,"BRONDELLO, Sandra",AUS,Women,basketball,W,Silver
Athens,2004,Basketball,Basketball,"FALLON, Trish",AUS,Women,basketball,W,Silver
Athens,2004,Basketball,Basketball,"HARROWER, Kristi",AUS,Women,basketball,W,Silver
Athens,2004,Basketball,Basketball,"JACKSON, Lauren",AUS,Women,basketball,W,Silver
Athens,2004,Basketball,Basketball,"PORTER, Natalie",AUS,Women,basketball,W,Silver
Athens,2004,Basketball,Basketball,"POTO, Alicia",AUS,Women,basketball,W,Silver
Athens,2004,Basketball,Basketball,"SNELL, Belinda",AUS,Women,basketball,W,Silver
Athens,2004,Basketball,Basketball,"SPORN, Rachael",AUS,Women,basketball,W,Silver
Athens,2004,Basketball,Basketball,"SUMMERTON, Laura",AUS,Women,basketball,W,Silver
Athens,2004,Basketball,Basketball,"TAYLOR, Penny",AUS,Women,basketball,W,Silver
Athens,2004,Basketball,Basketball,"TRANQUILLI, Allison",AUS,Women,basketball,W,Silver
Athens,2004,Boxing,Boxing,"CAMMARELLE, Roberto",ITA,Men,+ 91kg (super heavyweight),M,Bronze
Athens,2004,Boxing,Boxing,"LOPEZ NUNEZ, Michel",CUB,Men,+ 91kg (super heavyweight),M,Bronze
Athens,2004,Boxing,Boxing,"POVETKIN, Alexander",RUS,Men,+ 91kg (super heavyweight),M,Gold
Athens,2004,Boxing,Boxing,"ALY, Mohamed",EGY,Men,+ 91kg (super heavyweight),M,Silver
Athens,2004,Boxing,Boxing,"ASLANOV, Fuad",AZE,Men,48 - 51kg (flyweight),M,Bronze
Athens,2004,Boxing,Boxing,"RAHIMOV, Rustamhodza",GER,Men,48 - 51kg (flyweight),M,Bronze
Athens,2004,Boxing,Boxing,"GAMBOA TOLEDANO, Yuriorkis",CUB,Men,48 - 51kg (flyweight),M,Gold
Athens,2004,Boxing,Boxing,"THOMAS, Jerome",FRA,Men,48 - 51kg (flyweight),M,Silver
Athens,2004,Boxing,Boxing,"KAZAKOV, Sergey",RUS,Men,48kg (light flywieght),M,Bronze
Athens,2004,Boxing,Boxing,"ZOU, Shiming",CHN,Men,48kg (light flywieght),M,Bronze
Athens,2004,Boxing,Boxing,"BHARTELEMY VARELA, Yan",CUB,Men,48kg (light flywieght),M,Gold
Athens,2004,Boxing,Boxing,"YALCINKAYA, Atagun",TUR,Men,48kg (light flywieght),M,Silver
Athens,2004,Boxing,Boxing,"MAMMADOV, Aghasi",AZE,Men,51 - 54kg (bantamweight),M,Bronze
Athens,2004,Boxing,Boxing,"SOOLTONOV, Bahodirjon",UZB,Men,51 - 54kg (bantamweight),M,Bronze
Athens,2004,Boxing,Boxing,"RIGONDEAUX ORTIZ, Guillermo",CUB,Men,51 - 54kg (bantamweight),M,Gold
Athens,2004,Boxing,Boxing,"PETCHKOOM, Worapoj",THA,Men,51 - 54kg (bantamweight),M,Silver
Athens,2004,Boxing,Boxing,"JO, Seok Hwan",KOR,Men,54 - 57kg (featherweight),M,Bronze
Athens,2004,Boxing,Boxing,"TAJBERT, Vitali",GER,Men,54 - 57kg (featherweight),M,Bronze
Athens,2004,Boxing,Boxing,"TISHCHENKO, Alexey",RUS,Men,54 - 57kg (featherweight),M,Gold
Athens,2004,Boxing,Boxing,"KIM, Song Guk",PRK,Men,54 - 57kg (featherweight),M,Silver
Athens,2004,Boxing,Boxing,"KHRACHEV, Murat",RUS,Men,57 - 60kg (lightweight),M,Bronze
Athens,2004,Boxing,Boxing,"YELEUOV, Serik",KAZ,Men,57 - 60kg (lightweight),M,Bronze
Athens,2004,Boxing,Boxing,"KINDELAN MESA, Mario Cesar",CUB,Men,57 - 60kg (lightweight),M,Gold
Athens,2004,Boxing,Boxing,"KHAN, Amir",GBR,Men,57 - 60kg (lightweight),M,Silver
Athens,2004,Boxing,Boxing,"GEORGIEV, Boris",BUL,Men,60 - 64 kg,M,Bronze
Athens,2004,Boxing,Boxing,"GHEORGHE, Ionut",ROU,Men,60 - 64 kg,M,Bronze
Athens,2004,Boxing,Boxing,"BOONJUMNONG, Manus",THA,Men,60 - 64 kg,M,Gold
Athens,2004,Boxing,Boxing,"JOHNSON CEDENO, Yudel",CUB,Men,60 - 64 kg,M,Silver
Athens,2004,Boxing,Boxing,"KIM, Jung Joo",KOR,Men,64 - 69 kg,M,Bronze
Athens,2004,Boxing,Boxing,"SAITOV, Oleg",RUS,Men,64 - 69 kg,M,Bronze
Athens,2004,Boxing,Boxing,"ARTAYEV, Bakhtiyar",KAZ,Men,64 - 69 kg,M,Gold
Athens,2004,Boxing,Boxing,"ARAGON, Lorenzo",CUB,Men,64 - 69 kg,M,Silver
Athens,2004,Boxing,Boxing,"DIRRELL, Andre",USA,Men,69 - 75 kg,M,Bronze
Athens,2004,Boxing,Boxing,"PRASATHINPHIMAI, Suriya",THA,Men,69 - 75 kg,M,Bronze
Athens,2004,Boxing,Boxing,"GAYDARBEKOV, Gaydarbek",RUS,Men,69 - 75 kg,M,Gold
Athens,2004,Boxing,Boxing,"GOLOVKIN, Gennadiy",KAZ,Men,69 - 75 kg,M,Silver
Athens,2004,Boxing,Boxing,"HAYDAROV, Utkirbek",UZB,Men,75 - 81kg (light-heavyweight),M,Bronze
Athens,2004,Boxing,Boxing,"ISMAIL, Ahmed",EGY,Men,75 - 81kg (light-heavyweight),M,Bronze
Athens,2004,Boxing,Boxing,"WARD, Andre",USA,Men,75 - 81kg (light-heavyweight),M,Gold
Athens,2004,Boxing,Boxing,"ARIPGADJIEV, Magomed",BLR,Men,75 - 81kg (light-heavyweight),M,Silver
Athens,2004,Boxing,Boxing,"AL SHAMI, Naser",SYR,Men,81 - 91kg (heavyweight),M,Bronze
Athens,2004,Boxing,Boxing,"ELSAYED, Mohamed",EGY,Men,81 - 91kg (heavyweight),M,Bronze
Athens,2004,Boxing,Boxing,"SOLIS FONTE, Odlanier",CUB,Men,81 - 91kg (heavyweight),M,Gold
Athens,2004,Boxing,Boxing,"ZUYEV, Viktar",BLR,Men,81 - 91kg (heavyweight),M,Silver
Athens,2004,Canoe / Kayak,Canoe / Kayak F,"VAJDA, Attila",HUN,Men,C-1 1000m (canoe single),M,Bronze
Athens,2004,Canoe / Kayak,Canoe / Kayak F,"CAL, David",ESP,Men,C-1 1000m (canoe single),M,Gold
Athens,2004,Canoe / Kayak,Canoe / Kayak F,"DITTMER, Andreas",GER,Men,C-1 1000m (canoe single),M,Silver
Athens,2004,Canoe / Kayak,Canoe / Kayak F,"OPALEV, Maxim",RUS,Men,C-1 500m (canoe single),M,Bronze
Athens,2004,Canoe / Kayak,Canoe / Kayak F,"DITTMER, Andreas",GER,Men,C-1 500m (canoe single),M,Gold
Athens,2004,Canoe / Kayak,Canoe / Kayak F,"CAL, David",ESP,Men,C-1 500m (canoe single),M,Silver
Athens,2004,Canoe / Kayak,Canoe / Kayak F,"KOLONICS, Gyorgy",HUN,Men,C-2 1000m (canoe double),M,Bronze
Athens,2004,Canoe / Kayak,Canoe / Kayak F,"KOZMANN, Gyorgy",HUN,Men,C-2 1000m (canoe double),M,Bronze
Athens,2004,Canoe / Kayak,Canoe / Kayak F,"GILLE, Christian",GER,Men,C-2 1000m (canoe double),M,Gold
Athens,2004,Canoe / Kayak,Canoe / Kayak F,"WYLENZEK, Tomasz",GER,Men,C-2 1000m (canoe double),M,Gold
Athens,2004,Canoe / Kayak,Canoe / Kayak F,"KOSTOGLOD, Alexander",RUS,Men,C-2 1000m (canoe double),M,Silver
Athens,2004,Canoe / Kayak,Canoe / Kayak F,"KOVALEV, Alexander",RUS,Men,C-2 1000m (canoe double),M,Silver
Athens,2004,Canoe / Kayak,Canoe / Kayak F,"KOSTOGLOD, Alexander",RUS,Men,C-2 500m (canoe double),M,Bronze
Athens,2004,Canoe / Kayak,Canoe / Kayak F,"KOVALEV, Alexander",RUS,Men,C-2 500m (canoe double),M,Bronze
Athens,2004,Canoe / Kayak,Canoe / Kayak F,"MENG, Guanliang",CHN,Men,C-2 500m (canoe double),M,Gold
Athens,2004,Canoe / Kayak,Canoe / Kayak F,"YANG, Wenjun",CHN,Men,C-2 500m (canoe double),M,Gold
Athens,2004,Canoe / Kayak,Canoe / Kayak F,"BALCEIRO PAJON, Ledis Frank",CUB,Men,C-2 500m (canoe double),M,Silver
Athens,2004,Canoe / Kayak,Canoe / Kayak F,"ROJAS BLANCO, Ibrahim",CUB,Men,C-2 500m (canoe double),M,Silver
Athens,2004,Canoe / Kayak,Canoe / Kayak F,"VAN KOEVERDEN, Adam",CAN,Men,K-1 1000m (kayak single),M,Bronze
Athens,2004,Canoe / Kayak,Canoe / Kayak F,"LARSEN, Eirik Veraas",NOR,Men,K-1 1000m (kayak single),M,Gold
Athens,2004,Canoe / Kayak,Canoe / Kayak F,"FOUHY, Ben",NZL,Men,K-1 1000m (kayak single),M,Silver
Athens,2004,Canoe / Kayak,Canoe / Kayak F,"WYNNE, Ian",GBR,Men,K-1 500m (kayak single),M,Bronze
Athens,2004,Canoe / Kayak,Canoe / Kayak F,"VAN KOEVERDEN, Adam",CAN,Men,K-1 500m (kayak single),M,Gold
Athens,2004,Canoe / Kayak,Canoe / Kayak F,"BAGGALEY, Nathan",AUS,Men,K-1 500m (kayak single),M,Silver
Athens,2004,Canoe / Kayak,Canoe / Kayak F,"BRUNET, Caroline",CAN,Women,K-1 500m (kayak single),W,Bronze
Athens,2004,Canoe / Kayak,Canoe / Kayak F,"JANIC, Natasa",HUN,Women,K-1 500m (kayak single),W,Gold
Athens,2004,Canoe / Kayak,Canoe / Kayak F,"IDEM, Josefa",ITA,Women,K-1 500m (kayak single),W,Silver
Athens,2004,Canoe / Kayak,Canoe / Kayak F,"FJELDHEIM, Nils Olav",NOR,Men,K-2 1000m (kayak double),M,Bronze
Athens,2004,Canoe / Kayak,Canoe / Kayak F,"LARSEN, Eirik Veraas",NOR,Men,K-2 1000m (kayak double),M,Bronze
Athens,2004,Canoe / Kayak,Canoe / Kayak F,"NILSSON, Henrik",SWE,Men,K-2 1000m (kayak double),M,Gold
Athens,2004,Canoe / Kayak,Canoe / Kayak F,"OSCARSSON, Markus",SWE,Men,K-2 1000m (kayak double),M,Gold
Athens,2004,Canoe / Kayak,Canoe / Kayak F,"BONOMI, Beniamino",ITA,Men,K-2 1000m (kayak double),M,Silver
Athens,2004,Canoe / Kayak,Canoe / Kayak F,"ROSSI, Antonio",ITA,Men,K-2 1000m (kayak double),M,Silver
Athens,2004,Canoe / Kayak,Canoe / Kayak F,"MAKHNEU, Vadzim",BLR,Men,K-2 500m (kayak double),M,Bronze
Athens,2004,Canoe / Kayak,Canoe / Kayak F,"PIATRUSHENKA, Raman",BLR,Men,K-2 500m (kayak double),M,Bronze
Athens,2004,Canoe / Kayak,Canoe / Kayak F,"RAUHE, Ronald",GER,Men,K-2 500m (kayak double),M,Gold
Athens,2004,Canoe / Kayak,Canoe / Kayak F,"WIESKOETTER, Tim",GER,Men,K-2 500m (kayak double),M,Gold
Athens,2004,Canoe / Kayak,Canoe / Kayak F,"BAGGALEY, Nathan",AUS,Men,K-2 500m (kayak double),M,Silver
Athens,2004,Canoe / Kayak,Canoe / Kayak F,"ROBINSON, Clint",AUS,Men,K-2 500m (kayak double),M,Silver
Athens,2004,Canoe / Kayak,Canoe / Kayak F,"PASTUSZKA, Aneta",POL,Women,K-2 500m (kayak double),W,Bronze
Athens,2004,Canoe / Kayak,Canoe / Kayak F,"SOKOLOWSKA KULESZA, Beata",POL,Women,K-2 500m (kayak double),W,Bronze
Athens,2004,Canoe / Kayak,Canoe / Kayak F,"JANIC, Natasa",HUN,Women,K-2 500m (kayak double),W,Gold
Athens,2004,Canoe / Kayak,Canoe / Kayak F,"KOVACS, Katalin",HUN,Women,K-2 500m (kayak double),W,Gold
Athens,2004,Canoe / Kayak,Canoe / Kayak F,"FISCHER, Birgit",GER,Women,K-2 500m (kayak double),W,Silver
Athens,2004,Canoe / Kayak,Canoe / Kayak F,"LEONHARDT, Carolin",GER,Women,K-2 500m (kayak double),W,Silver
Athens,2004,Canoe / Kayak,Canoe / Kayak F,"BACA, Juraj",SVK,Men,K-4 1000m (kayak four),M,Bronze
Athens,2004,Canoe / Kayak,Canoe / Kayak F,"RISZDORFER, Michal",SVK,Men,K-4 1000m (kayak four),M,Bronze
Athens,2004,Canoe / Kayak,Canoe / Kayak F,"RISZDORFER, Richard",SVK,Men,K-4 1000m (kayak four),M,Bronze
Athens,2004,Canoe / Kayak,Canoe / Kayak F,"VLCEK, Erik",SVK,Men,K-4 1000m (kayak four),M,Bronze
Athens,2004,Canoe / Kayak,Canoe / Kayak F,"HORVATH, Gabor",HUN,Men,K-4 1000m (kayak four),M,Gold
Athens,2004,Canoe / Kayak,Canoe / Kayak F,"KAMMERER, Zoltan",HUN,Men,K-4 1000m (kayak four),M,Gold
Athens,2004,Canoe / Kayak,Canoe / Kayak F,"STORCZ, Botond",HUN,Men,K-4 1000m (kayak four),M,Gold
Athens,2004,Canoe / Kayak,Canoe / Kayak F,"VERECKEI, Akos",HUN,Men,K-4 1000m (kayak four),M,Gold
Athens,2004,Canoe / Kayak,Canoe / Kayak F,"BACH, Bjoern",GER,Men,K-4 1000m (kayak four),M,Silver
Athens,2004,Canoe / Kayak,Canoe / Kayak F,"IHLE, Andreas",GER,Men,K-4 1000m (kayak four),M,Silver
Athens,2004,Canoe / Kayak,Canoe / Kayak F,"ULM, Stefan",GER,Men,K-4 1000m (kayak four),M,Silver
Athens,2004,Canoe / Kayak,Canoe / Kayak F,"ZABEL, Mark",GER,Men,K-4 1000m (kayak four),M,Silver
Athens,2004,Canoe / Kayak,Canoe / Kayak F,"BALABANOVA, Hanna",UKR,Women,K-4 500m (kayak four),W,Bronze
Athens,2004,Canoe / Kayak,Canoe / Kayak F,"CHEREVATOVA, Olena",UKR,Women,K-4 500m (kayak four),W,Bronze
Athens,2004,Canoe / Kayak,Canoe / Kayak F,"OSYPENKO, Inna",UKR,Women,K-4 500m (kayak four),W,Bronze
Athens,2004,Canoe / Kayak,Canoe / Kayak F,"SEMYKINA, Tetyana",UKR,Women,K-4 500m (kayak four),W,Bronze
Athens,2004,Canoe / Kayak,Canoe / Kayak F,"FISCHER, Birgit",GER,Women,K-4 500m (kayak four),W,Gold
Athens,2004,Canoe / Kayak,Canoe / Kayak F,"LEONHARDT, Carolin",GER,Women,K-4 500m (kayak four),W,Gold
Athens,2004,Canoe / Kayak,Canoe / Kayak F,"NOLLEN, Maike",GER,Women,K-4 500m (kayak four),W,Gold
Athens,2004,Canoe / Kayak,Canoe / Kayak F,"WAGNER-AUGUSTIN, Katrin",GER,Women,K-4 500m (kayak four),W,Gold
Athens,2004,Canoe / Kayak,Canoe / Kayak F,"BOTA, Kinga",HUN,Women,K-4 500m (kayak four),W,Silver
Athens,2004,Canoe / Kayak,Canoe / Kayak F,"KOVACS, Katalin",HUN,Women,K-4 500m (kayak four),W,Silver
Athens,2004,Canoe / Kayak,Canoe / Kayak F,"SZABO, Szilvia",HUN,Women,K-4 500m (kayak four),W,Silver
Athens,2004,Canoe / Kayak,Canoe / Kayak F,"VISKI, Erzsebet",HUN,Women,K-4 500m (kayak four),W,Silver
Athens,2004,Canoe / Kayak,Canoe / Kayak S,"PFANNMOELLER, Stefan",GER,Men,C-1 (canoe single),M,Bronze
Athens,2004,Canoe / Kayak,Canoe / Kayak S,"ESTANGUET, Tony",FRA,Men,C-1 (canoe single),M,Gold
Athens,2004,Canoe / Kayak,Canoe / Kayak S,"MARTIKAN, Michal",SVK,Men,C-1 (canoe single),M,Silver
Athens,2004,Canoe / Kayak,Canoe / Kayak S,"STEPANEK, Ondrej",CZE,Men,C-2 (canoe double),M,Bronze
Athens,2004,Canoe / Kayak,Canoe / Kayak S,"VOLF, Jaroslav",CZE,Men,C-2 (canoe double),M,Bronze
Athens,2004,Canoe / Kayak,Canoe / Kayak S,"HOCHSCHORNER, Pavol",SVK,Men,C-2 (canoe double),M,Gold
Athens,2004,Canoe / Kayak,Canoe / Kayak S,"HOCHSCHORNER, Peter",SVK,Men,C-2 (canoe double),M,Gold
