Athens,2004,Canoe / Kayak,Canoe / Kayak S,"BECKER, Marcus",GER,Men,C-2 (canoe double),M,Silver
Athens,2004,Canoe / Kayak,Canoe / Kayak S,"HENZE, Stefan",GER,Men,C-2 (canoe double),M,Silver
Athens,2004,Canoe / Kayak,Canoe / Kayak S,"LEFEVRE, Fabien",FRA,Men,K-1 (kayak single),M,Bronze
Athens,2004,Canoe / Kayak,Canoe / Kayak S,"PESCHIER, Benoit",FRA,Men,K-1 (kayak single),M,Gold
Athens,2004,Canoe / Kayak,Canoe / Kayak S,"WALSH, Campbell",GBR,Men,K-1 (kayak single),M,Silver
Athens,2004,Canoe / Kayak,Canoe / Kayak S,"REEVES, Helen",GBR,Women,K-1 (kayak single),W,Bronze
Athens,2004,Canoe / Kayak,Canoe / Kayak S,"KALISKA, Elena",SVK,Women,K-1 (kayak single),W,Gold
Athens,2004,Canoe / Kayak,Canoe / Kayak S,"GIDDENS, Rebecca",USA,Women,K-1 (kayak single),W,Silver
Athens,2004,Cycling,Cycling Road,"MERCKX, Axel",BEL,Men,individual road race,M,Bronze
Athens,2004,Cycling,Cycling Road,"BETTINI, Paolo",ITA,Men,individual road race,M,Gold
Athens,2004,Cycling,Cycling Road,"PAULINHO, Sergio",POR,Men,individual road race,M,Silver
Athens,2004,Cycling,Cycling Road,"SLYUSAREVA, Olga",RUS,Women,individual road race,W,Bronze
Athens,2004,Cycling,Cycling Road,"CARRIGAN, Sara",AUS,Women,individual road race,W,Gold
Athens,2004,Cycling,Cycling Road,"ARNDT, Judith",GER,Women,individual road race,W,Silver
Athens,2004,Cycling,Cycling Road,"JULICH, Bobby",USA,Men,individual time trial,M,Bronze
Athens,2004,Cycling,Cycling Road,"HAMILTON, Tyler",USA,Men,individual time trial,M,Gold
Athens,2004,Cycling,Cycling Road,"EKIMOV, Vyacheslav",RUS,Men,individual time trial,M,Silver
Athens,2004,Cycling,Cycling Road,"THUERIG, Karin",SUI,Women,individual time trial,W,Bronze
Athens,2004,Cycling,Cycling Road,"ZIJLAARD-VAN MOORSEL, Leontien",NED,Women,individual time trial,W,Gold
Athens,2004,Cycling,Cycling Road,"DEMET-BARRY, Deirdre",USA,Women,individual time trial,W,Silver
Athens,2004,Cycling,Cycling Track,"NIMKE, Stefan",GER,Men,1km time trial,M,Bronze
Athens,2004,Cycling,Cycling Track,"HOY, Chris",GBR,Men,1km time trial,M,Gold
Athens,2004,Cycling,Cycling Track,"TOURNANT, Arnaud",FRA,Men,1km time trial,M,Silver
Athens,2004,Cycling,Cycling Track,"TSYLINSKAYA, Natallia",BLR,Women,500m time trial,W,Bronze
Athens,2004,Cycling,Cycling Track,"MEARES, Anna",AUS,Women,500m time trial,W,Gold
Athens,2004,Cycling,Cycling Track,"JIANG, Yonghua",CHN,Women,500m time trial,W,Silver
Athens,2004,Cycling,Cycling Track,"ESCOBAR, Sergi",ESP,Men,Individual Pursuit,M,Bronze
Athens,2004,Cycling,Cycling Track,"WIGGINS, Bradley",GBR,Men,Individual Pursuit,M,Gold
Athens,2004,Cycling,Cycling Track,"MCGEE, Bradley",AUS,Men,Individual Pursuit,M,Silver
Athens,2004,Cycling,Cycling Track,"ZIJLAARD-VAN MOORSEL, Leontien",NED,Women,individual pursuit,W,Bronze
Athens,2004,Cycling,Cycling Track,"ULMER, Sarah",NZL,Women,individual pursuit,W,Gold
Athens,2004,Cycling,Cycling Track,"MACTIER, Katie",AUS,Women,individual pursuit,W,Silver
Athens,2004,Cycling,Cycling Track,"KELLY, Shane",AUS,Men,Keirin,M,Bronze
Athens,2004,Cycling,Cycling Track,"BAYLEY, Ryan",AUS,Men,Keirin,M,Gold
Athens,2004,Cycling,Cycling Track,"ESCUREDO, Jose",ESP,Men,Keirin,M,Silver
Athens,2004,Cycling,Cycling Track,"HAYLES, Rob",GBR,Men,Madison,M,Bronze
Athens,2004,Cycling,Cycling Track,"WIGGINS, Bradley",GBR,Men,Madison,M,Bronze
Athens,2004,Cycling,Cycling Track,"BROWN, Graeme",AUS,Men,Madison,M,Gold
Athens,2004,Cycling,Cycling Track,"O'GRADY, Stuart",AUS,Men,Madison,M,Gold
Athens,2004,Cycling,Cycling Track,"MARVULLI, Franco",SUI,Men,Madison,M,Silver
Athens,2004,Cycling,Cycling Track,"RISI, Bruno",SUI,Men,Madison,M,Silver
Athens,2004,Cycling,Cycling Track,"FULST, Guido",GER,Men,Points Race,M,Bronze
Athens,2004,Cycling,Cycling Track,"IGNATYEV, Mikhail",RUS,Men,Points Race,M,Gold
Athens,2004,Cycling,Cycling Track,"LLANERAS, Joan",ESP,Men,Points Race,M,Silver
Athens,2004,Cycling,Cycling Track,"CALLE WILLIAMS, Maria Luisa",COL,Women,points race,W,Bronze
Athens,2004,Cycling,Cycling Track,"SLYUSAREVA, Olga",RUS,Women,points race,W,Gold
Athens,2004,Cycling,Cycling Track,"GUERRERO MENDEZ, Belem",MEX,Women,points race,W,Silver
Athens,2004,Cycling,Cycling Track,"MEARES, Anna",AUS,Women,sprint,W,Bronze
Athens,2004,Cycling,Cycling Track,"MUENZER, Lori-Ann",CAN,Women,sprint,W,Gold
Athens,2004,Cycling,Cycling Track,"ABASSOVA, Tamilla",RUS,Women,sprint,W,Silver
Athens,2004,Cycling,Cycling Track,"WOLFF, Rene",GER,Men,Sprint indivual,M,Bronze
Athens,2004,Cycling,Cycling Track,"BAYLEY, Ryan",AUS,Men,Sprint indivual,M,Gold
Athens,2004,Cycling,Cycling Track,"BOS, Theo",NED,Men,Sprint indivual,M,Silver
Athens,2004,Cycling,Cycling Track,"CASTANO, Carlos",ESP,Men,Team Pursuit (4000m),M,Bronze
Athens,2004,Cycling,Cycling Track,"ESCOBAR, Sergi",ESP,Men,Team Pursuit (4000m),M,Bronze
Athens,2004,Cycling,Cycling Track,"MAEZTU, Asier",ESP,Men,Team Pursuit (4000m),M,Bronze
Athens,2004,Cycling,Cycling Track,"TORRENT, Carlos",ESP,Men,Team Pursuit (4000m),M,Bronze
Athens,2004,Cycling,Cycling Track,"BROWN, Graeme",AUS,Men,Team Pursuit (4000m),M,Gold
Athens,2004,Cycling,Cycling Track,"DAWSON, Peter",AUS,Men,Team Pursuit (4000m),M,Gold
Athens,2004,Cycling,Cycling Track,"LANCASTER, Brett",AUS,Men,Team Pursuit (4000m),M,Gold
Athens,2004,Cycling,Cycling Track,"MCGEE, Bradley",AUS,Men,Team Pursuit (4000m),M,Gold
Athens,2004,Cycling,Cycling Track,"ROBERTS, Luke",AUS,Men,Team Pursuit (4000m),M,Gold
Athens,2004,Cycling,Cycling Track,"WOOLDRIDGE, Stephen",AUS,Men,Team Pursuit (4000m),M,Gold
Athens,2004,Cycling,Cycling Track,"CUMMINGS, Stephen",GBR,Men,Team Pursuit (4000m),M,Silver
Athens,2004,Cycling,Cycling Track,"HAYLES, Rob",GBR,Men,Team Pursuit (4000m),M,Silver
Athens,2004,Cycling,Cycling Track,"MANNING, Paul",GBR,Men,Team Pursuit (4000m),M,Silver
Athens,2004,Cycling,Cycling Track,"NEWTON, Chris",GBR,Men,Team Pursuit (4000m),M,Silver
Athens,2004,Cycling,Cycling Track,"STEEL, Bryan",GBR,Men,Team Pursuit (4000m),M,Silver
Athens,2004,Cycling,Cycling Track,"WIGGINS, Bradley",GBR,Men,Team Pursuit (4000m),M,Silver
Athens,2004,Cycling,Cycling Track,"BOURGAIN, Mickael",FRA,Men,Team Sprint,M,Bronze
Athens,2004,Cycling,Cycling Track,"GANE, Laurent",FRA,Men,Team Sprint,M,Bronze
Athens,2004,Cycling,Cycling Track,"TOURNANT, Arnaud",FRA,Men,Team Sprint,M,Bronze
Athens,2004,Cycling,Cycling Track,"FIEDLER, Jens",GER,Men,Team Sprint,M,Gold
Athens,2004,Cycling,Cycling Track,"NIMKE, Stefan",GER,Men,Team Sprint,M,Gold
Athens,2004,Cycling,Cycling Track,"WOLFF, Rene",GER,Men,Team Sprint,M,Gold
Athens,2004,Cycling,Cycling Track,"FUSHIMI, Toshiaki",JPN,Men,Team Sprint,M,Silver
Athens,2004,Cycling,Cycling Track,"INOUE, Masaki",JPN,Men,Team Sprint,M,Silver
Athens,2004,Cycling,Cycling Track,"NAGATSUKA, Tomohiro",JPN,Men,Team Sprint,M,Silver
Athens,2004,Cycling,Mountain Bike,"BRENTJENS, Bart",NED,Men,cross-country,M,Bronze
Athens,2004,Cycling,Mountain Bike,"ABSALON, Julien",FRA,Men,cross-country,M,Gold
Athens,2004,Cycling,Mountain Bike,"HERMIDA RAMOS, Jose Antonio",ESP,Men,cross-country,M,Silver
Athens,2004,Cycling,Mountain Bike,"SPITZ, Sabine",GER,Women,cross-country,W,Bronze
Athens,2004,Cycling,Mountain Bike,"DAHLE, Gunn-Rita",NOR,Women,cross-country,W,Gold
Athens,2004,Cycling,Mountain Bike,"PREMONT, Marie-Helene",CAN,Women,cross-country,W,Silver
Athens,2004,Equestrian,Dressage,"FERRER-SALAT, Beatriz",ESP,Women,individual,X,Bronze
Athens,2004,Equestrian,Dressage,"VAN GRUNSVEN, Anky",NED,Women,individual,X,Gold
Athens,2004,Equestrian,Dressage,"SALZGEBER, Ulla",GER,Women,individual,X,Silver
Athens,2004,Equestrian,Dressage,"DOVER, Robert",USA,Men,team,X,Bronze
Athens,2004,Equestrian,Dressage,"SEIDEL, Guenter",USA,Men,team,X,Bronze
Athens,2004,Equestrian,Dressage,"SCHAUDT, Martin",GER,Men,team,X,Gold
Athens,2004,Equestrian,Dressage,"SCHMIDT, Hubertus",GER,Men,team,X,Gold
Athens,2004,Equestrian,Dressage,"JIMENEZ, Juan Antonio",ESP,Men,team,X,Silver
Athens,2004,Equestrian,Dressage,"RAMBLA, Ignacio",ESP,Men,team,X,Silver
Athens,2004,Equestrian,Dressage,"SOTO, Rafael",ESP,Men,team,X,Silver
Athens,2004,Equestrian,Dressage,"MCDONALD, Debbie",USA,Women,team,X,Bronze
Athens,2004,Equestrian,Dressage,"WILCOX, Lisa",USA,Women,team,X,Bronze
Athens,2004,Equestrian,Dressage,"KEMMER, Heike",GER,Women,team,X,Gold
Athens,2004,Equestrian,Dressage,"SALZGEBER, Ulla",GER,Women,team,X,Gold
Athens,2004,Equestrian,Dressage,"FERRER-SALAT, Beatriz",ESP,Women,team,X,Silver
Athens,2004,Equestrian,Eventing,"LAW, Leslie",GBR,Men,individual,X,Gold
Athens,2004,Equestrian,Eventing,"FUNNELL, Philippa",GBR,Women,individual,X,Bronze
Athens,2004,Equestrian,Eventing,"SEVERSON, Kimberly",USA,Women,individual,X,Silver
Athens,2004,Equestrian,Eventing,"CHIACCHIA, Darren",USA,Men,team,X,Bronze
Athens,2004,Equestrian,Eventing,"WILLIAMS, John",USA,Men,team,X,Bronze
Athens,2004,Equestrian,Eventing,"BOITEAU, Arnaud",FRA,Men,team,X,Gold
Athens,2004,Equestrian,Eventing,"COURREGES, Didier",FRA,Men,team,X,Gold
Athens,2004,Equestrian,Eventing,"LYARD, Cedric",FRA,Men,team,X,Gold
Athens,2004,Equestrian,Eventing,"TEULERE, Jean",FRA,Men,team,X,Gold
Athens,2004,Equestrian,Eventing,"TOUZAINT, Nicolas",FRA,Men,team,X,Gold
Athens,2004,Equestrian,Eventing,"FOX-PITT, William",GBR,Men,team,X,Silver
Athens,2004,Equestrian,Eventing,"LAW, Leslie",GBR,Men,team,X,Silver
Athens,2004,Equestrian,Eventing,"RICHARDS, Julie",USA,Women,team,X,Bronze
Athens,2004,Equestrian,Eventing,"SEVERSON, Kimberly",USA,Women,team,X,Bronze
Athens,2004,Equestrian,Eventing,"TRYON, Amy",USA,Women,team,X,Bronze
Athens,2004,Equestrian,Eventing,"BRAKEWELL, Jeanette",GBR,Women,team,X,Silver
Athens,2004,Equestrian,Eventing,"FUNNELL, Philippa",GBR,Women,team,X,Silver
Athens,2004,Equestrian,Eventing,"KING, Mary",GBR,Women,team,X,Silver
Athens,2004,Equestrian,Jumping,"KUTSCHER, Marco",GER,Men,individual,X,Bronze
Athens,2004,Equestrian,Jumping,"PESSOA, Rodrigo",BRA,Men,individual,X,Gold
Athens,2004,Equestrian,Jumping,"KAPPLER, Chris",USA,Men,individual,X,Silver
Athens,2004,Equestrian,Jumping,"AHLMANN, Christian",GER,Men,team,X,Bronze
Athens,2004,Equestrian,Jumping,"BECKER, Otto",GER,Men,team,X,Bronze
Athens,2004,Equestrian,Jumping,"KUTSCHER, Marco",GER,Men,team,X,Bronze
Athens,2004,Equestrian,Jumping,"KAPPLER, Chris",USA,Men,team,X,Gold
Athens,2004,Equestrian,Jumping,"WARD, Mclain",USA,Men,team,X,Gold
Athens,2004,Equestrian,Jumping,"WYLDE, Peter",USA,Men,team,X,Gold
Athens,2004,Equestrian,Jumping,"BENGTSSON, Rolf-Goran",SWE,Men,team,X,Silver
Athens,2004,Equestrian,Jumping,"ERIKSSON, Peter",SWE,Men,team,X,Silver
Athens,2004,Equestrian,Jumping,"FREDERICSON, Peder",SWE,Men,team,X,Silver
Athens,2004,Equestrian,Jumping,"MADDEN, Beezie",USA,Women,team,X,Gold
Athens,2004,Equestrian,Jumping,"BARYARD, Malin",SWE,Women,team,X,Silver
Athens,2004,Fencing,Fencing,"KOLOBKOV, Pavel",RUS,Men,épée individual,M,Bronze
Athens,2004,Fencing,Fencing,"FISCHER, Marcel",SUI,Men,épée individual,M,Gold
Athens,2004,Fencing,Fencing,"WANG, Lei",CHN,Men,épée individual,M,Silver
Athens,2004,Fencing,Fencing,"NISIMA, Maureen",FRA,Women,épée individual,W,Bronze
Athens,2004,Fencing,Fencing,"NAGY, Timea",HUN,Women,épée individual,W,Gold
Athens,2004,Fencing,Fencing,"FLESSEL-COLOVIC, Laura",FRA,Women,épée individual,W,Silver
Athens,2004,Fencing,Fencing,"FIEDLER, Joerg",GER,Men,épée team,M,Bronze
Athens,2004,Fencing,Fencing,"SCHMID, Sven",GER,Men,épée team,M,Bronze
Athens,2004,Fencing,Fencing,"STRIGEL, Daniel",GER,Men,épée team,M,Bronze
Athens,2004,Fencing,Fencing,"BOISSE, Eric",FRA,Men,épée team,M,Gold
Athens,2004,Fencing,Fencing,"JEANNET, Fabrice",FRA,Men,épée team,M,Gold
Athens,2004,Fencing,Fencing,"JEANNET, Jerome",FRA,Men,épée team,M,Gold
Athens,2004,Fencing,Fencing,"OBRY, Hughes",FRA,Men,épée team,M,Gold
Athens,2004,Fencing,Fencing,"BOCZKO, Gabor",HUN,Men,épée team,M,Silver
Athens,2004,Fencing,Fencing,"IMRE, Geza",HUN,Men,épée team,M,Silver
Athens,2004,Fencing,Fencing,"KOVACS, Ivan",HUN,Men,épée team,M,Silver
Athens,2004,Fencing,Fencing,"KULCSAR, Krisztian",HUN,Men,épée team,M,Silver
Athens,2004,Fencing,Fencing,"DANINTHE, Sarah",FRA,Women,épée team,W,Bronze
Athens,2004,Fencing,Fencing,"FLESSEL-COLOVIC, Laura",FRA,Women,épée team,W,Bronze
Athens,2004,Fencing,Fencing,"KIRALY PICOT, Hajnalka",FRA,Women,épée team,W,Bronze
Athens,2004,Fencing,Fencing,"NISIMA, Maureen",FRA,Women,épée team,W,Bronze
Athens,2004,Fencing,Fencing,"AZNAVOURIAN, Karina",RUS,Women,épée team,W,Gold
Athens,2004,Fencing,Fencing,"ERMAKOVA, Oxana",RUS,Women,épée team,W,Gold
Athens,2004,Fencing,Fencing,"LOGOUNOVA, Tatiana",RUS,Women,épée team,W,Gold
Athens,2004,Fencing,Fencing,"SIVKOVA, Anna",RUS,Women,épée team,W,Gold
Athens,2004,Fencing,Fencing,"BOKEL, Claudia",GER,Women,épée team,W,Silver
Athens,2004,Fencing,Fencing,"DUPLITZER, Imke",GER,Women,épée team,W,Silver
Athens,2004,Fencing,Fencing,"HEIDEMANN, Britta",GER,Women,épée team,W,Silver
Athens,2004,Fencing,Fencing,"CASSARA, Andrea",ITA,Men,foil individual,M,Bronze
Athens,2004,Fencing,Fencing,"GUYART, Brice",FRA,Men,foil individual,M,Gold
Athens,2004,Fencing,Fencing,"SANZO, Salvatore",ITA,Men,foil individual,M,Silver
Athens,2004,Fencing,Fencing,"GRUCHALA, Sylwia",POL,Women,foil individual,W,Bronze
Athens,2004,Fencing,Fencing,"VEZZALI, Valentina",ITA,Women,foil individual,W,Gold
Athens,2004,Fencing,Fencing,"TRILLINI, Giovanna",ITA,Women,foil individual,W,Silver
Athens,2004,Fencing,Fencing,"GANEEV, Renal",RUS,Men,foil team,M,Bronze
Athens,2004,Fencing,Fencing,"MOLTCHAN, Youri",RUS,Men,foil team,M,Bronze
Athens,2004,Fencing,Fencing,"NASSIBOULLINE, Rouslan",RUS,Men,foil team,M,Bronze
Athens,2004,Fencing,Fencing,"POZDNIAKOV, Viatcheslav",RUS,Men,foil team,M,Bronze
Athens,2004,Fencing,Fencing,"CASSARA, Andrea",ITA,Men,foil team,M,Gold
Athens,2004,Fencing,Fencing,"SANZO, Salvatore",ITA,Men,foil team,M,Gold
Athens,2004,Fencing,Fencing,"VANNI, Simone",ITA,Men,foil team,M,Gold
Athens,2004,Fencing,Fencing,"DONG, Zhaozhi",CHN,Men,foil team,M,Silver
Athens,2004,Fencing,Fencing,"WANG, Haibin",CHN,Men,foil team,M,Silver
Athens,2004,Fencing,Fencing,"WU, Hanxiong",CHN,Men,foil team,M,Silver
Athens,2004,Fencing,Fencing,"YE, Chong",CHN,Men,foil team,M,Silver
Athens,2004,Fencing,Fencing,"TRETIAK, Vladislav",UKR,Men,sabre individual,M,Bronze
Athens,2004,Fencing,Fencing,"MONTANO, Aldo",ITA,Men,sabre individual,M,Gold
Athens,2004,Fencing,Fencing,"NEMCSIK, Zsolt",HUN,Men,sabre individual,M,Silver
Athens,2004,Fencing,Fencing,"JACOBSON, Sada",USA,Women,sabre individual,W,Bronze
Athens,2004,Fencing,Fencing,"ZAGUNIS, Mariel",USA,Women,sabre individual,W,Gold
Athens,2004,Fencing,Fencing,"TAN, Xue",CHN,Women,sabre individual,W,Silver
Athens,2004,Fencing,Fencing,"CHARIKOV, Serguei",RUS,Men,sabre team,M,Bronze
Athens,2004,Fencing,Fencing,"DIATCHENKO, Alexei",RUS,Men,sabre team,M,Bronze
Athens,2004,Fencing,Fencing,"POZDNYAKOV, Stanislav",RUS,Men,sabre team,M,Bronze
Athens,2004,Fencing,Fencing,"YAKIMENKO, Alexey",RUS,Men,sabre team,M,Bronze
Athens,2004,Fencing,Fencing,"PILLET, Julien",FRA,Men,sabre team,M,Gold
Athens,2004,Fencing,Fencing,"TOUYA, Damien",FRA,Men,sabre team,M,Gold
Athens,2004,Fencing,Fencing,"TOUYA, Gael",FRA,Men,sabre team,M,Gold
Athens,2004,Fencing,Fencing,"MONTANO, Aldo",ITA,Men,sabre team,M,Silver
Athens,2004,Fencing,Fencing,"PASTORE, Gianpiero",ITA,Men,sabre team,M,Silver
Athens,2004,Fencing,Fencing,"TARANTINO, Luigi",ITA,Men,sabre team,M,Silver
Athens,2004,Football,Football,"BARZAGLI, Andrea",ITA,Men,football,M,Bronze
Athens,2004,Football,Football,"BONERA, Daniele",ITA,Men,football,M,Bronze
Athens,2004,Football,Football,"BOVO, Cesare",ITA,Men,football,M,Bronze
Athens,2004,Football,Football,"CHIELLINI, Giorgio",ITA,Men,football,M,Bronze
Athens,2004,Football,Football,"DE ROSSI, Daniele",ITA,Men,football,M,Bronze
Athens,2004,Football,Football,"DEL NERO, Simone",ITA,Men,football,M,Bronze
Athens,2004,Football,Football,"DONADEL, Marco",ITA,Men,football,M,Bronze
Athens,2004,Football,Football,"FERRARI, Matteo",ITA,Men,football,M,Bronze
Athens,2004,Football,Football,"GASBARRONI, Andrea",ITA,Men,football,M,Bronze
Athens,2004,Football,Football,"GILARDINO, Alberto",ITA,Men,football,M,Bronze
Athens,2004,Football,Football,"MESTO, Giandomenico",ITA,Men,football,M,Bronze
Athens,2004,Football,Football,"MORETTI, Emiliano",ITA,Men,football,M,Bronze
Athens,2004,Football,Football,"PALOMBO, Angelo",ITA,Men,football,M,Bronze
Athens,2004,Football,Football,"PELIZZOLI, Ivan",ITA,Men,football,M,Bronze
Athens,2004,Football,Football,"PINZI, Giampiero",ITA,Men,football,M,Bronze
Athens,2004,Football,Football,"PIRLO, Andrea",ITA,Men,football,M,Bronze
Athens,2004,Football,Football,"SCULLI, Giuseppe",ITA,Men,football,M,Bronze
Athens,2004,Football,Football,"AYALA, Roberto",ARG,Men,football,M,Gold
Athens,2004,Football,Football,"BURDISSO, Nicolas",ARG,Men,football,M,Gold
Athens,2004,Football,Football,"COLOCCINI, Fabricio",ARG,Men,football,M,Gold
Athens,2004,Football,Football,"D ALESSANDRO, Andres",ARG,Men,football,M,Gold
Athens,2004,Football,Football,"DELGADO, Cesar",ARG,Men,football,M,Gold
Athens,2004,Football,Football,"GONZALEZ, Cristian",ARG,Men,football,M,Gold
Athens,2004,Football,Football,"GONZALEZ, Luis",ARG,Men,football,M,Gold
Athens,2004,Football,Football,"HEINZE, Gabriel",ARG,Men,football,M,Gold
Athens,2004,Football,Football,"LUX, German",ARG,Men,football,M,Gold
Athens,2004,Football,Football,"MASCHERANO, Javier",ARG,Men,football,M,Gold
Athens,2004,Football,Football,"MEDINA, Nicolas",ARG,Men,football,M,Gold
Athens,2004,Football,Football,"RODRIGUEZ, Clemente Juan",ARG,Men,football,M,Gold
Athens,2004,Football,Football,"SAVIOLA, Javier",ARG,Men,football,M,Gold
Athens,2004,Football,Football,"TEVEZ, Carlos",ARG,Men,football,M,Gold
Athens,2004,Football,Football,"BAREIRO, Fredy",PAR,Men,football,M,Silver
Athens,2004,Football,Football,"BARRETO, Diego",PAR,Men,football,M,Silver
Athens,2004,Football,Football,"BARRETO, Edgar",PAR,Men,football,M,Silver
Athens,2004,Football,Football,"BENITEZ, Pedro",PAR,Men,football,M,Silver
Athens,2004,Football,Football,"CARDOZO, Jose",PAR,Men,football,M,Silver
Athens,2004,Football,Football,"CRISTALDO, Ernesto",PAR,Men,football,M,Silver
Athens,2004,Football,Football,"DEVACA, Jose",PAR,Men,football,M,Silver
Athens,2004,Football,Football,"DIAZ, Osvaldo",PAR,Men,football,M,Silver
Athens,2004,Football,Football,"ENCISO, Julio Cesar",PAR,Men,football,M,Silver
Athens,2004,Football,Football,"ESQUIVEL, Celso",PAR,Men,football,M,Silver
Athens,2004,Football,Football,"FIGUEREDO, Diego",PAR,Men,football,M,Silver
Athens,2004,Football,Football,"GAMARRA, Carlos",PAR,Men,football,M,Silver
Athens,2004,Football,Football,"GIMENEZ, Pablo",PAR,Men,football,M,Silver
Athens,2004,Football,Football,"GONZALEZ, Julio",PAR,Men,football,M,Silver
Athens,2004,Football,Football,"MANZUR, Julio",PAR,Men,football,M,Silver
Athens,2004,Football,Football,"MARTINEZ, Emilio",PAR,Men,football,M,Silver
Athens,2004,Football,Football,"TORRES, Aureliano",PAR,Men,football,M,Silver
Athens,2004,Football,Football,"BACHOR, Isabell",GER,Women,football,W,Bronze
Athens,2004,Football,Football,"FUSS, Sonja",GER,Women,football,W,Bronze
Athens,2004,Football,Football,"GAREFREKES, Kerstin",GER,Women,football,W,Bronze
Athens,2004,Football,Football,"GUENTHER, Sarah",GER,Women,football,W,Bronze
Athens,2004,Football,Football,"HINGST, Ariane",GER,Women,football,W,Bronze
Athens,2004,Football,Football,"JONES, Steffi",GER,Women,football,W,Bronze
Athens,2004,Football,Football,"LINGOR, Renate",GER,Women,football,W,Bronze
Athens,2004,Football,Football,"MINNERT, Sandra",GER,Women,football,W,Bronze
Athens,2004,Football,Football,"MUELLER, Martina",GER,Women,football,W,Bronze
Athens,2004,Football,Football,"ODEBRECHT, Viola",GER,Women,football,W,Bronze
Athens,2004,Football,Football,"OMILADE, Navina",GER,Women,football,W,Bronze
Athens,2004,Football,Football,"POHLERS, Conny",GER,Women,football,W,Bronze
Athens,2004,Football,Football,"PRINZ, Birgit",GER,Women,football,W,Bronze
Athens,2004,Football,Football,"ROTTENBERG, Silke",GER,Women,football,W,Bronze
Athens,2004,Football,Football,"STEGEMANN, Kerstin",GER,Women,football,W,Bronze
Athens,2004,Football,Football,"WIMBERSKY, Petra",GER,Women,football,W,Bronze
Athens,2004,Football,Football,"WUNDERLICH, Pia",GER,Women,football,W,Bronze
Athens,2004,Football,Football,"BOXX, Shannon",USA,Women,football,W,Gold
Athens,2004,Football,Football,"CHASTAIN, Brandi",USA,Women,football,W,Gold
Athens,2004,Football,Football,"FAWCETT, Joy",USA,Women,football,W,Gold
Athens,2004,Football,Football,"HAMM, Mia",USA,Women,football,W,Gold
Athens,2004,Football,Football,"HUCLES, Angela",USA,Women,football,W,Gold
Athens,2004,Football,Football,"LILLY, Kristine",USA,Women,football,W,Gold
Athens,2004,Football,Football,"MARKGRAF, Kate",USA,Women,football,W,Gold
Athens,2004,Football,Football,"MITTS, Heather",USA,Women,football,W,Gold
Athens,2004,Football,Football,"O REILLY, Heather",USA,Women,football,W,Gold
Athens,2004,Football,Football,"PARLOW, Cindy",USA,Women,football,W,Gold
Athens,2004,Football,Football,"RAMPONE, Christie",USA,Women,football,W,Gold
Athens,2004,Football,Football,"REDDICK, Cat",USA,Women,football,W,Gold
Athens,2004,Football,Football,"SCURRY, Briana",USA,Women,football,W,Gold
Athens,2004,Football,Football,"TARPLEY, Lindsay",USA,Women,football,W,Gold
Athens,2004,Football,Football,"WAGNER, Aly",USA,Women,football,W,Gold
Athens,2004,Football,Football,"WAMBACH, Abby",USA,Women,football,W,Gold
Athens,2004,Football,Football,ALINE,BRA,Women,football,W,Silver
Athens,2004,Football,Football,ANDREIA,BRA,Women,football,W,Silver
Athens,2004,Football,Football,CRISTIANE,BRA,Women,football,W,Silver
Athens,2004,Football,Football,DANIELA,BRA,Women,football,W,Silver
Athens,2004,Football,Football,ELAINE,BRA,Women,football,W,Silver
Athens,2004,Football,Football,FORMIGA,BRA,Women,football,W,Silver
Athens,2004,Football,Football,GRAZIELLE,BRA,Women,football,W,Silver
Athens,2004,Football,Football,JULIANA,BRA,Women,football,W,Silver
Athens,2004,Football,Football,KELLY,BRA,Women,football,W,Silver
Athens,2004,Football,Football,MARTA,BRA,Women,football,W,Silver
Athens,2004,Football,Football,MAYCON,BRA,Women,football,W,Silver
Athens,2004,Football,Football,MONICA,BRA,Women,football,W,Silver
Athens,2004,Football,Football,PRETINHA,BRA,Women,football,W,Silver
Athens,2004,Football,Football,"RENATA COSTA, Costa",BRA,Women,football,W,Silver
Athens,2004,Football,Football,ROSANA,BRA,Women,football,W,Silver
Athens,2004,Football,Football,ROSELI,BRA,Women,football,W,Silver
Athens,2004,Football,Football,TANIA,BRA,Women,football,W,Silver
Athens,2004,Gymnastics,Artistic G.,"EREMIA, Alexandra Georgiana",ROU,Women,balance beam,W,Bronze
Athens,2004,Gymnastics,Artistic G.,"PONOR, Catalina",ROU,Women,balance beam,W,Gold
Athens,2004,Gymnastics,Artistic G.,"PATTERSON, Carly",USA,Women,balance beam,W,Silver
Athens,2004,Gymnastics,Artistic G.,"IOVTCHEV, Iordan",BUL,Men,floor exercises,M,Bronze
Athens,2004,Gymnastics,Artistic G.,"SHEWFELT, Kyle",CAN,Men,floor exercises,M,Gold
Athens,2004,Gymnastics,Artistic G.,"DRAGULESCU, Marian",ROU,Men,floor exercises,M,Silver
Athens,2004,Gymnastics,Artistic G.,"MORENO, Patricia",ESP,Women,floor exercises,W,Bronze
Athens,2004,Gymnastics,Artistic G.,"PONOR, Catalina",ROU,Women,floor exercises,W,Gold
Athens,2004,Gymnastics,Artistic G.,"SOFRONIE, Nicoleta Daniela",ROU,Women,floor exercises,W,Silver
Athens,2004,Gymnastics,Artistic G.,"YONEDA, Isao",JPN,Men,horizontal bar,M,Bronze
Athens,2004,Gymnastics,Artistic G.,"CASSINA, Igor",ITA,Men,horizontal bar,M,Gold
Athens,2004,Gymnastics,Artistic G.,"HAMM, Paul",USA,Men,horizontal bar,M,Silver
Athens,2004,Gymnastics,Artistic G.,"YANG, Tae Young",KOR,Men,individual all-round,M,Bronze
Athens,2004,Gymnastics,Artistic G.,"HAMM, Paul",USA,Men,individual all-round,M,Gold
Athens,2004,Gymnastics,Artistic G.,"KIM, Dae Eun",KOR,Men,individual all-round,M,Silver
Athens,2004,Gymnastics,Artistic G.,"ZHANG, Nan",CHN,Women,individual all-round,W,Bronze
Athens,2004,Gymnastics,Artistic G.,"PATTERSON, Carly",USA,Women,individual all-round,W,Gold
Athens,2004,Gymnastics,Artistic G.,"KHORKINA, Svetlana",RUS,Women,individual all-round,W,Silver
Athens,2004,Gymnastics,Artistic G.,"LI, Xiaopeng",CHN,Men,parallel bars,M,Bronze
Athens,2004,Gymnastics,Artistic G.,"GONCHAROV, Valeri",UKR,Men,parallel bars,M,Gold
Athens,2004,Gymnastics,Artistic G.,"TOMITA, Hiroyuki",JPN,Men,parallel bars,M,Silver
Athens,2004,Gymnastics,Artistic G.,"KASHIMA, Takehiro",JPN,Men,pommel horse,M,Bronze
Athens,2004,Gymnastics,Artistic G.,"TENG, Haibin",CHN,Men,pommel horse,M,Gold
Athens,2004,Gymnastics,Artistic G.,"URZICA, Marius Daniel",ROU,Men,pommel horse,M,Silver
Athens,2004,Gymnastics,Artistic G.,"CHECHI, Juri",ITA,Men,rings,M,Bronze
Athens,2004,Gymnastics,Artistic G.,"TAMPAKOS, Dimosthenis",GRE,Men,rings,M,Gold
Athens,2004,Gymnastics,Artistic G.,"IOVTCHEV, Iordan",BUL,Men,rings,M,Silver
Athens,2004,Gymnastics,Artistic G.,"DRAGULESCU, Marian",ROU,Men,team competition,M,Bronze
Athens,2004,Gymnastics,Artistic G.,"POPESCU, Daniel",ROU,Men,team competition,M,Bronze
Athens,2004,Gymnastics,Artistic G.,"POTRA, Dan Nicolae",ROU,Men,team competition,M,Bronze
Athens,2004,Gymnastics,Artistic G.,"SELARIU, Razvan Dorin",ROU,Men,team competition,M,Bronze
Athens,2004,Gymnastics,Artistic G.,"SUCIU, Ioan Silviu",ROU,Men,team competition,M,Bronze
Athens,2004,Gymnastics,Artistic G.,"URZICA, Marius Daniel",ROU,Men,team competition,M,Bronze
Athens,2004,Gymnastics,Artistic G.,"KASHIMA, Takehiro",JPN,Men,team competition,M,Gold
Athens,2004,Gymnastics,Artistic G.,"MIZUTORI, Hisashi",JPN,Men,team competition,M,Gold
Athens,2004,Gymnastics,Artistic G.,"NAKANO, Daisuke",JPN,Men,team competition,M,Gold
Athens,2004,Gymnastics,Artistic G.,"TOMITA, Hiroyuki",JPN,Men,team competition,M,Gold
Athens,2004,Gymnastics,Artistic G.,"TSUKAHARA, Naoya",JPN,Men,team competition,M,Gold
Athens,2004,Gymnastics,Artistic G.,"YONEDA, Isao",JPN,Men,team competition,M,Gold
Athens,2004,Gymnastics,Artistic G.,"GATSON, Jason",USA,Men,team competition,M,Silver
Athens,2004,Gymnastics,Artistic G.,"HAMM, Morgan",USA,Men,team competition,M,Silver
Athens,2004,Gymnastics,Artistic G.,"HAMM, Paul",USA,Men,team competition,M,Silver
Athens,2004,Gymnastics,Artistic G.,"MCCLURE, Brett",USA,Men,team competition,M,Silver
Athens,2004,Gymnastics,Artistic G.,"WILSON, Blaine",USA,Men,team competition,M,Silver
Athens,2004,Gymnastics,Artistic G.,"YOUNG, Guard",USA,Men,team competition,M,Silver
Athens,2004,Gymnastics,Artistic G.,"EZHOVA, Liudmila",RUS,Women,team competition,W,Bronze
Athens,2004,Gymnastics,Artistic G.,"KHORKINA, Svetlana",RUS,Women,team competition,W,Bronze
Athens,2004,Gymnastics,Artistic G.,"KRIOUTCHKOVA, Maria",RUS,Women,team competition,W,Bronze
Athens,2004,Gymnastics,Artistic G.,"PAVLOVA, Anna",RUS,Women,team competition,W,Bronze
Athens,2004,Gymnastics,Artistic G.,"ZAMOLODCHIKOVA, Elena",RUS,Women,team competition,W,Bronze
Athens,2004,Gymnastics,Artistic G.,"ZIGANCHINA, Natalia",RUS,Women,team competition,W,Bronze
Athens,2004,Gymnastics,Artistic G.,"BAN, Oana",ROU,Women,team competition,W,Gold
Athens,2004,Gymnastics,Artistic G.,"EREMIA, Alexandra Georgiana",ROU,Women,team competition,W,Gold
Athens,2004,Gymnastics,Artistic G.,"PONOR, Catalina",ROU,Women,team competition,W,Gold
Athens,2004,Gymnastics,Artistic G.,"ROSU, Monica",ROU,Women,team competition,W,Gold
Athens,2004,Gymnastics,Artistic G.,"SOFRONIE, Nicoleta Daniela",ROU,Women,team competition,W,Gold
Athens,2004,Gymnastics,Artistic G.,"STROESCU, Silvia",ROU,Women,team competition,W,Gold
Athens,2004,Gymnastics,Artistic G.,"BHARDWAJ, Mohini",USA,Women,team competition,W,Silver
Athens,2004,Gymnastics,Artistic G.,"HATCH, Annia",USA,Women,team competition,W,Silver
Athens,2004,Gymnastics,Artistic G.,"HUMPHREY, Terin",USA,Women,team competition,W,Silver
Athens,2004,Gymnastics,Artistic G.,"KUPETS, Courtney",USA,Women,team competition,W,Silver
Athens,2004,Gymnastics,Artistic G.,"MCCOOL, Courtney",USA,Women,team competition,W,Silver
Athens,2004,Gymnastics,Artistic G.,"PATTERSON, Carly",USA,Women,team competition,W,Silver
Athens,2004,Gymnastics,Artistic G.,"KUPETS, Courtney",USA,Women,uneven bars,W,Bronze
Athens,2004,Gymnastics,Artistic G.,"LEPENNEC, Emilie",FRA,Women,uneven bars,W,Gold
Athens,2004,Gymnastics,Artistic G.,"HUMPHREY, Terin",USA,Women,uneven bars,W,Silver
Athens,2004,Gymnastics,Artistic G.,"DRAGULESCU, Marian",ROU,Men,vault,M,Bronze
Athens,2004,Gymnastics,Artistic G.,"DEFERR, Gervasio",ESP,Men,vault,M,Gold
Athens,2004,Gymnastics,Artistic G.,"SAPRONENKO, Evgeni",LAT,Men,vault,M,Silver
Athens,2004,Gymnastics,Artistic G.,"PAVLOVA, Anna",RUS,Women,vault,W,Bronze
Athens,2004,Gymnastics,Artistic G.,"ROSU, Monica",ROU,Women,vault,W,Gold
Athens,2004,Gymnastics,Artistic G.,"HATCH, Annia",USA,Women,vault,W,Silver
Athens,2004,Gymnastics,Rhythmic G.,"ILIEVA, Zhaneta",BUL,Women,group competition,W,Bronze
Athens,2004,Gymnastics,Rhythmic G.,"KEZHOVA, Eleonora",BUL,Women,group competition,W,Bronze
Athens,2004,Gymnastics,Rhythmic G.,"MARINOVA, Zornitsa",BUL,Women,group competition,W,Bronze
Athens,2004,Gymnastics,Rhythmic G.,"RANGUELOVA, Kristina",BUL,Women,group competition,W,Bronze
Athens,2004,Gymnastics,Rhythmic G.,"TANCHEVA, Galina",BUL,Women,group competition,W,Bronze
Athens,2004,Gymnastics,Rhythmic G.,"TANCHEVA, Vladislava",BUL,Women,group competition,W,Bronze
Athens,2004,Gymnastics,Rhythmic G.,"BELUGUINA, Olesia",RUS,Women,group competition,W,Gold
Athens,2004,Gymnastics,Rhythmic G.,"GLATSKIKH, Olga",RUS,Women,group competition,W,Gold
Athens,2004,Gymnastics,Rhythmic G.,"KURBAKOVA, Tatiana",RUS,Women,group competition,W,Gold
Athens,2004,Gymnastics,Rhythmic G.,"LAVROVA, Natalia",RUS,Women,group competition,W,Gold
Athens,2004,Gymnastics,Rhythmic G.,"MURZINA, Elena",RUS,Women,group competition,W,Gold
Athens,2004,Gymnastics,Rhythmic G.,"POSEVINA, Elena",RUS,Women,group competition,W,Gold
Athens,2004,Gymnastics,Rhythmic G.,"BLANCHI, Elisa",ITA,Women,group competition,W,Silver
Athens,2004,Gymnastics,Rhythmic G.,"D'OTTAVIO, Fabrizia",ITA,Women,group competition,W,Silver
Athens,2004,Gymnastics,Rhythmic G.,"FALCA, Marinella",ITA,Women,group competition,W,Silver
Athens,2004,Gymnastics,Rhythmic G.,"MASSERONI, Daniela",ITA,Women,group competition,W,Silver
Athens,2004,Gymnastics,Rhythmic G.,"SANTONI, Elisa",ITA,Women,group competition,W,Silver
Athens,2004,Gymnastics,Rhythmic G.,"VERNIZZI, Laura",ITA,Women,group competition,W,Silver
Athens,2004,Gymnastics,Rhythmic G.,"BESSONOVA, Anna",UKR,Women,individual all-round,W,Bronze
Athens,2004,Gymnastics,Rhythmic G.,"KABAEVA, Alina",RUS,Women,individual all-round,W,Gold
Athens,2004,Gymnastics,Rhythmic G.,"TCHACHINA, Irina",RUS,Women,individual all-round,W,Silver
Athens,2004,Gymnastics,Trampoline,"STEHLIK, Henrik",GER,Men,individual,M,Bronze
Athens,2004,Gymnastics,Trampoline,"NIKITIN, Yuri",UKR,Men,individual,M,Gold
Athens,2004,Gymnastics,Trampoline,"MOSKALENKO, Alexander",RUS,Men,individual,M,Silver
Athens,2004,Gymnastics,Trampoline,"HUANG, Shanshan",CHN,Women,individual,W,Bronze
Athens,2004,Gymnastics,Trampoline,"DOGONADZE, Anna",GER,Women,individual,W,Gold
Athens,2004,Gymnastics,Trampoline,"COCKBURN, Karen",CAN,Women,individual,W,Silver
Athens,2004,Handball,Handball,"BASHKIN, Pavel",RUS,Men,handball,M,Bronze
Athens,2004,Handball,Handball,"CHIPURIN, Mikhail",RUS,Men,handball,M,Bronze
Athens,2004,Handball,Handball,"GORBATIKOV, Alexander",RUS,Men,handball,M,Bronze
Athens,2004,Handball,Handball,"GORPICHIN, Viatcheslav",RUS,Men,handball,M,Bronze
Athens,2004,Handball,Handball,"IVANOV, Vitali",RUS,Men,handball,M,Bronze
Athens,2004,Handball,Handball,"KOKCHAROV, Eduard",RUS,Men,handball,M,Bronze
Athens,2004,Handball,Handball,"KOSTYGOV, Alexey",RUS,Men,handball,M,Bronze
Athens,2004,Handball,Handball,"KRIVOSHLYKOV, Denis",RUS,Men,handball,M,Bronze
Athens,2004,Handball,Handball,"KULESHOV, Oleg",RUS,Men,handball,M,Bronze
Athens,2004,Handball,Handball,"LAVROV, Andrey",RUS,Men,handball,M,Bronze
Athens,2004,Handball,Handball,"POGORELOV, Serguei",RUS,Men,handball,M,Bronze
Athens,2004,Handball,Handball,"RASTVORTSEV, Alexey",RUS,Men,handball,M,Bronze
Athens,2004,Handball,Handball,"TORGOVANOV, Dmitri",RUS,Men,handball,M,Bronze
Athens,2004,Handball,Handball,"TUCHKIN, Alexandre",RUS,Men,handball,M,Bronze
Athens,2004,Handball,Handball,"BALIC, Ivano",CRO,Men,handball,M,Gold
Athens,2004,Handball,Handball,"DOMINIKOVIC, Davor",CRO,Men,handball,M,Gold
Athens,2004,Handball,Handball,"DZOMBA, Mirza",CRO,Men,handball,M,Gold
Athens,2004,Handball,Handball,"GOLUZA, Slavko",CRO,Men,handball,M,Gold
Athens,2004,Handball,Handball,"KALEB, Niksa",CRO,Men,handball,M,Gold
Athens,2004,Handball,Handball,"LACKOVIC, Blazenko",CRO,Men,handball,M,Gold
Athens,2004,Handball,Handball,"LOSERT, Venio",CRO,Men,handball,M,Gold
Athens,2004,Handball,Handball,"MATOSEVIC, Valter",CRO,Men,handball,M,Gold
Athens,2004,Handball,Handball,"METLICIC, Petar",CRO,Men,handball,M,Gold
Athens,2004,Handball,Handball,"SOLA, Vlado",CRO,Men,handball,M,Gold
Athens,2004,Handball,Handball,"SPOLJARIC, Denis",CRO,Men,handball,M,Gold
Athens,2004,Handball,Handball,"SPREM, Goran",CRO,Men,handball,M,Gold
Athens,2004,Handball,Handball,"VORI, Igor",CRO,Men,handball,M,Gold
Athens,2004,Handball,Handball,"ZRNIC, Vedran",CRO,Men,handball,M,Gold
Athens,2004,Handball,Handball,"BAUR, Markus",GER,Men,handball,M,Silver
Athens,2004,Handball,Handball,"DRAGUNSKI, Mark",GER,Men,handball,M,Silver
Athens,2004,Handball,Handball,"FRITZ, Henning",GER,Men,handball,M,Silver
Athens,2004,Handball,Handball,"HENS, Pascal",GER,Men,handball,M,Silver
Athens,2004,Handball,Handball,"IMMEL, Jan Olaf",GER,Men,handball,M,Silver
Athens,2004,Handball,Handball,"JANSEN, Torsten",GER,Men,handball,M,Silver
Athens,2004,Handball,Handball,"KEHRMANN, Florian",GER,Men,handball,M,Silver
Athens,2004,Handball,Handball,"KRETZSCHMAR, Stefan",GER,Men,handball,M,Silver
Athens,2004,Handball,Handball,"PETERSEN, Klaus-Dieter",GER,Men,handball,M,Silver
Athens,2004,Handball,Handball,"RAMOTA, Christian",GER,Men,handball,M,Silver
Athens,2004,Handball,Handball,"SCHWARZER, Christian",GER,Men,handball,M,Silver
Athens,2004,Handball,Handball,"STEPHAN, Daniel",GER,Men,handball,M,Silver
Athens,2004,Handball,Handball,"VON BEHREN, Frank",GER,Men,handball,M,Silver
Athens,2004,Handball,Handball,"ZEITZ, Christian",GER,Men,handball,M,Silver
Athens,2004,Handball,Handball,"ZERBE, Volker",GER,Men,handball,M,Silver
Athens,2004,Handball,Handball,"BORODINA, Anastasiya",UKR,Women,handball,W,Bronze
Athens,2004,Handball,Handball,"BORYSENKO, Nataliya",UKR,Women,handball,W,Bronze
Athens,2004,Handball,Handball,"BURMYSTROVA, Ganna",UKR,Women,handball,W,Bronze
Athens,2004,Handball,Handball,"HONCHAROVA, Iryna",UKR,Women,handball,W,Bronze
Athens,2004,Handball,Handball,"LYAPINA, Nataliya",UKR,Women,handball,W,Bronze
Athens,2004,Handball,Handball,"MARKUSHEVSKA, Galyna",UKR,Women,handball,W,Bronze
Athens,2004,Handball,Handball,"RADCHENKO, Olena",UKR,Women,handball,W,Bronze
Athens,2004,Handball,Handball,"RAYHEL, Oxana",UKR,Women,handball,W,Bronze
Athens,2004,Handball,Handball,"SHEVCHENKO, Lyudmyla",UKR,Women,handball,W,Bronze
Athens,2004,Handball,Handball,"SHINKARENKO, Tetyana",UKR,Women,handball,W,Bronze
Athens,2004,Handball,Handball,"SIUKALO, Ganna",UKR,Women,handball,W,Bronze
Athens,2004,Handball,Handball,"TSYGITSA, Olena",UKR,Women,handball,W,Bronze
Athens,2004,Handball,Handball,"VERGELYUK, Maryna",UKR,Women,handball,W,Bronze
Athens,2004,Handball,Handball,"YATSENKO, Olena",UKR,Women,handball,W,Bronze
Athens,2004,Handball,Handball,"ZASPA, Larysa",UKR,Women,handball,W,Bronze
Athens,2004,Handball,Handball,"ANDERSEN, Kristine",DEN,Women,handball,W,Gold
Athens,2004,Handball,Handball,"BROEDSGAARD, Karen",DEN,Women,handball,W,Gold
Athens,2004,Handball,Handball,"DAUGAARD, Line",DEN,Women,handball,W,Gold
Athens,2004,Handball,Handball,"FRUELUND, Katrine",DEN,Women,handball,W,Gold
Athens,2004,Handball,Handball,"JENSEN, Trine",DEN,Women,handball,W,Gold
Athens,2004,Handball,Handball,"JOERGENSEN, Rikke Hoerlykke",DEN,Women,handball,W,Gold
Athens,2004,Handball,Handball,"KIAERSKOU, Lotte",DEN,Women,handball,W,Gold
Athens,2004,Handball,Handball,"MIKKELSEN, Henriette Roende",DEN,Women,handball,W,Gold
Athens,2004,Handball,Handball,"MORTENSEN, Karin Oernhoej",DEN,Women,handball,W,Gold
Athens,2004,Handball,Handball,"NOERGAARD, Louise Bager",DEN,Women,handball,W,Gold
Athens,2004,Handball,Handball,"SCHMIDT, Rikke",DEN,Women,handball,W,Gold
Athens,2004,Handball,Handball,"SKOV, Rikke",DEN,Women,handball,W,Gold
Athens,2004,Handball,Handball,"THOMSEN, Camilla Ingemann",DEN,Women,handball,W,Gold
Athens,2004,Handball,Handball,"TOURAY, Josephine",DEN,Women,handball,W,Gold
Athens,2004,Handball,Handball,"VESTERGAARD LARSEN, Mette",DEN,Women,handball,W,Gold
Athens,2004,Handball,Handball,"CHOI, Im Jeong",KOR,Women,handball,W,Silver
Athens,2004,Handball,Handball,"HUH, Soonyoung",KOR,Women,handball,W,Silver
Athens,2004,Handball,Handball,"HUH, Young Sook",KOR,Women,handball,W,Silver
Athens,2004,Handball,Handball,"JANG, So Hee",KOR,Women,handball,W,Silver
Athens,2004,Handball,Handball,"KIM, Cha Youn",KOR,Women,handball,W,Silver
Athens,2004,Handball,Handball,"KIM, Hyun Ok",KOR,Women,handball,W,Silver
Athens,2004,Handball,Handball,"LEE, Gong Joo",KOR,Women,handball,W,Silver
Athens,2004,Handball,Handball,"LEE, Sang-Eun",KOR,Women,handball,W,Silver
Athens,2004,Handball,Handball,"LIM, O Kyeong",KOR,Women,handball,W,Silver
Athens,2004,Handball,Handball,"MOON, Kyeong Ha",KOR,Women,handball,W,Silver
Athens,2004,Handball,Handball,"MOON, Pil Hee",KOR,Women,handball,W,Silver
Athens,2004,Handball,Handball,"MYOUNG, Bok Hee",KOR,Women,handball,W,Silver
Athens,2004,Handball,Handball,"OH, Seongok",KOR,Women,handball,W,Silver
Athens,2004,Handball,Handball,"OH, Yong Ran",KOR,Women,handball,W,Silver
Athens,2004,Handball,Handball,"WOO, Sun Hee",KOR,Women,handball,W,Silver
Athens,2004,Hockey,Hockey,"ARNOLD, Clemens",GER,Men,hockey,M,Bronze
Athens,2004,Hockey,Hockey,"BECHMANN, Christoph",GER,Men,hockey,M,Bronze
Athens,2004,Hockey,Hockey,"BIEDERLACK, Sebastian",GER,Men,hockey,M,Bronze
Athens,2004,Hockey,Hockey,"CRONE, Philipp",GER,Men,hockey,M,Bronze
Athens,2004,Hockey,Hockey,"DUCKWITZ, Eike",GER,Men,hockey,M,Bronze
Athens,2004,Hockey,Hockey,"EIMER, Christoph",GER,Men,hockey,M,Bronze
Athens,2004,Hockey,Hockey,"EMMERLING, Bjoern",GER,Men,hockey,M,Bronze
Athens,2004,Hockey,Hockey,"KUNZ, Florian",GER,Men,hockey,M,Bronze
Athens,2004,Hockey,Hockey,"MICHEL, Bjoern",GER,Men,hockey,M,Bronze
Athens,2004,Hockey,Hockey,"REINELT, Sascha",GER,Men,hockey,M,Bronze
Athens,2004,Hockey,Hockey,"SCHAROWSKY, Justus",GER,Men,hockey,M,Bronze
Athens,2004,Hockey,Hockey,"SCHULTE, Christian",GER,Men,hockey,M,Bronze
Athens,2004,Hockey,Hockey,"WEISSENBORN, Tibor",GER,Men,hockey,M,Bronze
Athens,2004,Hockey,Hockey,"WESS, Timo",GER,Men,hockey,M,Bronze
Athens,2004,Hockey,Hockey,"WITTHAUS, Matthias",GER,Men,hockey,M,Bronze
Athens,2004,Hockey,Hockey,"ZELLER, Christopher",GER,Men,hockey,M,Bronze
Athens,2004,Hockey,Hockey,"BRENNAN, Michael",AUS,Men,hockey,M,Gold
Athens,2004,Hockey,Hockey,"BROOKS, Travis",AUS,Men,hockey,M,Gold
Athens,2004,Hockey,Hockey,"BUTLER, Dean",AUS,Men,hockey,M,Gold
Athens,2004,Hockey,Hockey,"DE YOUNG, Liam",AUS,Men,hockey,M,Gold
Athens,2004,Hockey,Hockey,"DWYER, Jamie",AUS,Men,hockey,M,Gold
Athens,2004,Hockey,Hockey,"EGLINGTON, Nathan",AUS,Men,hockey,M,Gold
Athens,2004,Hockey,Hockey,"ELDER, Troy",AUS,Men,hockey,M,Gold
