Paris,1924,Wrestling,Wrestling Gre-R,"LINDFORS, Arthur",FIN,Men,67.5 - 75kg (middleweight),M,Silver
Paris,1924,Wrestling,Wrestling Gre-R,"PELLINEN, Onni",FIN,Men,75 - 82.5kg (light-heavyweight),M,Bronze
Paris,1924,Wrestling,Wrestling Gre-R,"WESTERGREN, Carl",SWE,Men,75 - 82.5kg (light-heavyweight),M,Gold
Paris,1924,Wrestling,Wrestling Gre-R,"SVENSSON, Rudolf",SWE,Men,75 - 82.5kg (light-heavyweight),M,Silver
Amsterdam,1928,Aquatics,Diving,"GALITZEN, Michael Riley",USA,Men,10m platform,M,Bronze
Amsterdam,1928,Aquatics,Diving,"DESJARDINS, Ulise Joseph ""Peter""",USA,Men,10m platform,M,Gold
Amsterdam,1928,Aquatics,Diving,"SIMAIKA, Farid",EGY,Men,10m platform,M,Silver
Amsterdam,1928,Aquatics,Diving,"SJÖQVIST, Laura",SWE,Women,10m platform,W,Bronze
Amsterdam,1928,Aquatics,Diving,"BECKER-PINKSTON, Elizabeth",USA,Women,10m platform,W,Gold
Amsterdam,1928,Aquatics,Diving,"COLEMAN, Georgia V.",USA,Women,10m platform,W,Silver
Amsterdam,1928,Aquatics,Diving,"SIMAIKA, Farid",EGY,Men,3m springboard,M,Bronze
Amsterdam,1928,Aquatics,Diving,"DESJARDINS, Ulise Joseph ""Peter""",USA,Men,3m springboard,M,Gold
Amsterdam,1928,Aquatics,Diving,"GALITZEN, Michael Riley",USA,Men,3m springboard,M,Silver
Amsterdam,1928,Aquatics,Diving,"COLEMAN, Georgia V.",USA,Women,3m springboard,W,Bronze
Amsterdam,1928,Aquatics,Diving,"MEANY, Helen",USA,Women,3m springboard,W,Gold
Amsterdam,1928,Aquatics,Diving,"POYNTON-HILL, Dorothy",USA,Women,3m springboard,W,Silver
Amsterdam,1928,Aquatics,Swimming,"WYATT, Paul",USA,Men,100m backstroke,M,Bronze
Amsterdam,1928,Aquatics,Swimming,"KOJAC, George Harold",USA,Men,100m backstroke,M,Gold
Amsterdam,1928,Aquatics,Swimming,"LAUFER, Walter",USA,Men,100m backstroke,M,Silver
Amsterdam,1928,Aquatics,Swimming,"COOPER, Margaret Joyce",GBR,Women,100m backstroke,W,Bronze
Amsterdam,1928,Aquatics,Swimming,"BRAUN, Maria Johanna",NED,Women,100m backstroke,W,Gold
Amsterdam,1928,Aquatics,Swimming,"KING, Ellen Elizabeth",GBR,Women,100m backstroke,W,Silver
Amsterdam,1928,Aquatics,Swimming,"TAKAISHI, Katsuo",JPN,Men,100m freestyle,M,Bronze
Amsterdam,1928,Aquatics,Swimming,"WEISSMULLER, Johnny",USA,Men,100m freestyle,M,Gold
Amsterdam,1928,Aquatics,Swimming,"BARANY, Istvan",HUN,Men,100m freestyle,M,Silver
Amsterdam,1928,Aquatics,Swimming,"COOPER, Margaret Joyce",GBR,Women,100m freestyle,W,Bronze
Amsterdam,1928,Aquatics,Swimming,"OSIPOWICH, Albina Lucy",USA,Women,100m freestyle,W,Gold
Amsterdam,1928,Aquatics,Swimming,"SAVILLE, Eleanor",USA,Women,100m freestyle,W,Silver
Amsterdam,1928,Aquatics,Swimming,"CRABBE, Clarence",USA,Men,1500m freestyle,M,Bronze
Amsterdam,1928,Aquatics,Swimming,"BORG, Arne",SWE,Men,1500m freestyle,M,Gold
Amsterdam,1928,Aquatics,Swimming,"CHARLTON, Andrew",AUS,Men,1500m freestyle,M,Silver
Amsterdam,1928,Aquatics,Swimming,"YLDEFONSO, Teofilo",PHI,Men,200m breaststroke,M,Bronze
Amsterdam,1928,Aquatics,Swimming,"TSURUTA, Yoshiyuki",JPN,Men,200m breaststroke,M,Gold
Amsterdam,1928,Aquatics,Swimming,"RADEMACHER, Erich",GER,Men,200m breaststroke,M,Silver
Amsterdam,1928,Aquatics,Swimming,"MÜHE, Charlotte",GER,Women,200m breaststroke,W,Bronze
Amsterdam,1928,Aquatics,Swimming,"SCHRADER, Hilde",GER,Women,200m breaststroke,W,Gold
Amsterdam,1928,Aquatics,Swimming,"BARON, Mietje",NED,Women,200m breaststroke,W,Silver
Amsterdam,1928,Aquatics,Swimming,"BORG, Arne",SWE,Men,400m freestyle,M,Bronze
Amsterdam,1928,Aquatics,Swimming,"ZORRILLA, Victoriano",ARG,Men,400m freestyle,M,Gold
Amsterdam,1928,Aquatics,Swimming,"CHARLTON, Andrew",AUS,Men,400m freestyle,M,Silver
Amsterdam,1928,Aquatics,Swimming,"MCKIM, Josephine E.",USA,Women,400m freestyle,W,Bronze
Amsterdam,1928,Aquatics,Swimming,"NORELIUS, Martha",USA,Women,400m freestyle,W,Gold
Amsterdam,1928,Aquatics,Swimming,"BRAUN, Maria Johanna",NED,Women,400m freestyle,W,Silver
Amsterdam,1928,Aquatics,Swimming,"REDFORD, Marie E.",RSA,Women,4x100m freestyle relay,W,Bronze
Amsterdam,1928,Aquatics,Swimming,"RENNIE, Rhoda",RSA,Women,4x100m freestyle relay,W,Bronze
Amsterdam,1928,Aquatics,Swimming,"RUSSELL, Kathleen",RSA,Women,4x100m freestyle relay,W,Bronze
Amsterdam,1928,Aquatics,Swimming,"VAN DER GOES, Frederica Johanna",RSA,Women,4x100m freestyle relay,W,Bronze
Amsterdam,1928,Aquatics,Swimming,"LAMBERT, Adelaide T.",USA,Women,4x100m freestyle relay,W,Gold
Amsterdam,1928,Aquatics,Swimming,"NORELIUS, Martha",USA,Women,4x100m freestyle relay,W,Gold
Amsterdam,1928,Aquatics,Swimming,"OSIPOWICH, Albina Lucy",USA,Women,4x100m freestyle relay,W,Gold
Amsterdam,1928,Aquatics,Swimming,"SAVILLE, Eleanor",USA,Women,4x100m freestyle relay,W,Gold
Amsterdam,1928,Aquatics,Swimming,"COOPER, Margaret Joyce",GBR,Women,4x100m freestyle relay,W,Silver
Amsterdam,1928,Aquatics,Swimming,"KING, Ellen Elizabeth",GBR,Women,4x100m freestyle relay,W,Silver
Amsterdam,1928,Aquatics,Swimming,"STEWART, Sarah Gillow Marshal",GBR,Women,4x100m freestyle relay,W,Silver
Amsterdam,1928,Aquatics,Swimming,"TANNER, Vera",GBR,Women,4x100m freestyle relay,W,Silver
Amsterdam,1928,Aquatics,Swimming,"AULT, Garnet Walter",CAN,Men,4x200m freestyle relay,M,Bronze
Amsterdam,1928,Aquatics,Swimming,"BOURNE, Frederick Munroe",CAN,Men,4x200m freestyle relay,M,Bronze
Amsterdam,1928,Aquatics,Swimming,"SPENCE, Walter",CAN,Men,4x200m freestyle relay,M,Bronze
Amsterdam,1928,Aquatics,Swimming,"THOMPSON, James",CAN,Men,4x200m freestyle relay,M,Bronze
Amsterdam,1928,Aquatics,Swimming,"CLAPP, Austin Rhone",USA,Men,4x200m freestyle relay,M,Gold
Amsterdam,1928,Aquatics,Swimming,"KOJAC, George Harold",USA,Men,4x200m freestyle relay,M,Gold
Amsterdam,1928,Aquatics,Swimming,"LAUFER, Walter",USA,Men,4x200m freestyle relay,M,Gold
Amsterdam,1928,Aquatics,Swimming,"WEISSMULLER, Johnny",USA,Men,4x200m freestyle relay,M,Gold
Amsterdam,1928,Aquatics,Swimming,"ARAI, Nobuo",JPN,Men,4x200m freestyle relay,M,Silver
Amsterdam,1928,Aquatics,Swimming,"SADA, Tokuhei",JPN,Men,4x200m freestyle relay,M,Silver
Amsterdam,1928,Aquatics,Swimming,"TAKAISHI, Katsuo",JPN,Men,4x200m freestyle relay,M,Silver
Amsterdam,1928,Aquatics,Swimming,"YONEYAMA, Hiroshi",JPN,Men,4x200m freestyle relay,M,Silver
Amsterdam,1928,Aquatics,Water polo,"BULTEEL, Emile J.",FRA,Men,water polo,M,Bronze
Amsterdam,1928,Aquatics,Water polo,"CUVELIER, Henri G.",FRA,Men,water polo,M,Bronze
Amsterdam,1928,Aquatics,Water polo,"DUJARDIN, Paul",FRA,Men,water polo,M,Bronze
Amsterdam,1928,Aquatics,Water polo,"KEIGNAERT, Jules",FRA,Men,water polo,M,Bronze
Amsterdam,1928,Aquatics,Water polo,"PADOU SR., Henri",FRA,Men,water polo,M,Bronze
Amsterdam,1928,Aquatics,Water polo,"ROGER, Ernest",FRA,Men,water polo,M,Bronze
Amsterdam,1928,Aquatics,Water polo,"THÉVENON, Albert",FRA,Men,water polo,M,Bronze
Amsterdam,1928,Aquatics,Water polo,"TRIBOUILLET, Achille C. M.",FRA,Men,water polo,M,Bronze
Amsterdam,1928,Aquatics,Water polo,"VAN DE PLANCKE, Albert D.",FRA,Men,water polo,M,Bronze
Amsterdam,1928,Aquatics,Water polo,"AMANN, Max",GER,Men,water polo,M,Gold
Amsterdam,1928,Aquatics,Water polo,"BÄHRE, Karl",GER,Men,water polo,M,Gold
Amsterdam,1928,Aquatics,Water polo,"BENECKE, Emil",GER,Men,water polo,M,Gold
Amsterdam,1928,Aquatics,Water polo,"BLANK, Johann",GER,Men,water polo,M,Gold
Amsterdam,1928,Aquatics,Water polo,"CORDES, Otto",GER,Men,water polo,M,Gold
Amsterdam,1928,Aquatics,Water polo,"GUNST, Fritz",GER,Men,water polo,M,Gold
Amsterdam,1928,Aquatics,Water polo,"RADEMACHER, Erich",GER,Men,water polo,M,Gold
Amsterdam,1928,Aquatics,Water polo,"RADEMACHER, Joachim",GER,Men,water polo,M,Gold
Amsterdam,1928,Aquatics,Water polo,"BARTA, István",HUN,Men,water polo,M,Silver
Amsterdam,1928,Aquatics,Water polo,"HALASSY, Oliver",HUN,Men,water polo,M,Silver
Amsterdam,1928,Aquatics,Water polo,"HOMONNAI, Márton",HUN,Men,water polo,M,Silver
Amsterdam,1928,Aquatics,Water polo,"IVÁDY, Sándor",HUN,Men,water polo,M,Silver
Amsterdam,1928,Aquatics,Water polo,"KESERU, Alajos",HUN,Men,water polo,M,Silver
Amsterdam,1928,Aquatics,Water polo,"KESERU, Ferenc",HUN,Men,water polo,M,Silver
Amsterdam,1928,Aquatics,Water polo,"VRABELY, Jozsef",HUN,Men,water polo,M,Silver
Amsterdam,1928,Athletics,Athletics,"WIDE, Edvin",SWE,Men,10000m,M,Bronze
Amsterdam,1928,Athletics,Athletics,"NURMI, Paavo",FIN,Men,10000m,M,Gold
Amsterdam,1928,Athletics,Athletics,"RITOLA, Ville",FIN,Men,10000m,M,Silver
Amsterdam,1928,Athletics,Athletics,"LAMMERS, Georg",GER,Men,100m,M,Bronze
Amsterdam,1928,Athletics,Athletics,"WILLIAMS, Percy",CAN,Men,100m,M,Gold
Amsterdam,1928,Athletics,Athletics,"LONDON, John Edward",GBR,Men,100m,M,Silver
Amsterdam,1928,Athletics,Athletics,"SMITH, Ethel M.",CAN,Women,100m,W,Bronze
Amsterdam,1928,Athletics,Athletics,"ROBINSON, Elizabeth",USA,Women,100m,W,Gold
Amsterdam,1928,Athletics,Athletics,"ROSENFELD, Fanny",CAN,Women,100m,W,Silver
Amsterdam,1928,Athletics,Athletics,"COLLIER, John",USA,Men,110m hurdles,M,Bronze
Amsterdam,1928,Athletics,Athletics,"ATKINSON, Sidney",RSA,Men,110m hurdles,M,Gold
Amsterdam,1928,Athletics,Athletics,"ANDERSON, Stephen",USA,Men,110m hurdles,M,Silver
Amsterdam,1928,Athletics,Athletics,"PURJE, Eino Alfred",FIN,Men,1500m,M,Bronze
Amsterdam,1928,Athletics,Athletics,"LARVA, Harri Edvin",FIN,Men,1500m,M,Gold
Amsterdam,1928,Athletics,Athletics,"LADOUMEGUE, Jules",FRA,Men,1500m,M,Silver
Amsterdam,1928,Athletics,Athletics,"KÖRNIG, Helmuth",GER,Men,200m,M,Bronze
Amsterdam,1928,Athletics,Athletics,"WILLIAMS, Percy",CAN,Men,200m,M,Gold
Amsterdam,1928,Athletics,Athletics,"RANGELEY, Walter",GBR,Men,200m,M,Silver
Amsterdam,1928,Athletics,Athletics,"ANDERSEN, Ove",FIN,Men,3000m steeplechase,M,Bronze
Amsterdam,1928,Athletics,Athletics,"LOUKOLA, Toivo Aarne",FIN,Men,3000m steeplechase,M,Gold
Amsterdam,1928,Athletics,Athletics,"NURMI, Paavo",FIN,Men,3000m steeplechase,M,Silver
Amsterdam,1928,Athletics,Athletics,"BÜCHNER, Joachim",GER,Men,400m,M,Bronze
Amsterdam,1928,Athletics,Athletics,"BARBUTI, Raymond James",USA,Men,400m,M,Gold
Amsterdam,1928,Athletics,Athletics,"BALL, James A.",CAN,Men,400m,M,Silver
Amsterdam,1928,Athletics,Athletics,"TAYLOR, Frederick Morgan",USA,Men,400m hurdles,M,Bronze
Amsterdam,1928,Athletics,Athletics,"BURGHLEY, David George",GBR,Men,400m hurdles,M,Gold
Amsterdam,1928,Athletics,Athletics,"CUHEL, Frank Josef",USA,Men,400m hurdles,M,Silver
Amsterdam,1928,Athletics,Athletics,"GILL, Cyril William",GBR,Men,4x100m relay,M,Bronze
Amsterdam,1928,Athletics,Athletics,"LONDON, John Edward",GBR,Men,4x100m relay,M,Bronze
Amsterdam,1928,Athletics,Athletics,"RANGELEY, Walter",GBR,Men,4x100m relay,M,Bronze
Amsterdam,1928,Athletics,Athletics,"SMOUHA, Edward Ralph",GBR,Men,4x100m relay,M,Bronze
Amsterdam,1928,Athletics,Athletics,"BORAH, Charles Edward",USA,Men,4x100m relay,M,Gold
Amsterdam,1928,Athletics,Athletics,"QUINN, James F.",USA,Men,4x100m relay,M,Gold
Amsterdam,1928,Athletics,Athletics,"RUSSELL, Henry Argue",USA,Men,4x100m relay,M,Gold
Amsterdam,1928,Athletics,Athletics,"WYKOFF, Frank Clifford",USA,Men,4x100m relay,M,Gold
Amsterdam,1928,Athletics,Athletics,"CORTS, Richard",GER,Men,4x100m relay,M,Silver
Amsterdam,1928,Athletics,Athletics,"HOUBEN, Hubert",GER,Men,4x100m relay,M,Silver
Amsterdam,1928,Athletics,Athletics,"KÖRNIG, Helmuth",GER,Men,4x100m relay,M,Silver
Amsterdam,1928,Athletics,Athletics,"LAMMERS, Georg",GER,Men,4x100m relay,M,Silver
Amsterdam,1928,Athletics,Athletics,"HOLDMANN, Anny",GER,Women,4x100m relay,W,Bronze
Amsterdam,1928,Athletics,Athletics,"JUNKER, Helene",GER,Women,4x100m relay,W,Bronze
Amsterdam,1928,Athletics,Athletics,"KELLNER, Rose",GER,Women,4x100m relay,W,Bronze
Amsterdam,1928,Athletics,Athletics,"SCHMIDT, Helene ""Leni""",GER,Women,4x100m relay,W,Bronze
Amsterdam,1928,Athletics,Athletics,"COOK, Myrtle Alice",CAN,Women,4x100m relay,W,Gold
Amsterdam,1928,Athletics,Athletics,"ROSENFELD, Fanny",CAN,Women,4x100m relay,W,Gold
Amsterdam,1928,Athletics,Athletics,"SMITH, Ethel M.",CAN,Women,4x100m relay,W,Gold
Amsterdam,1928,Athletics,Athletics,"THOMPSON, Jean",CAN,Women,4x100m relay,W,Gold
Amsterdam,1928,Athletics,Athletics,"CROSS, Jessica West",USA,Women,4x100m relay,W,Silver
Amsterdam,1928,Athletics,Athletics,"MCNEIL, Loretta T.",USA,Women,4x100m relay,W,Silver
Amsterdam,1928,Athletics,Athletics,"ROBINSON, Elizabeth",USA,Women,4x100m relay,W,Silver
Amsterdam,1928,Athletics,Athletics,"WASHBURN, Mary T.",USA,Women,4x100m relay,W,Silver
Amsterdam,1928,Athletics,Athletics,"BALL, James A.",CAN,Men,4x400m relay,M,Bronze
Amsterdam,1928,Athletics,Athletics,"EDWARDS, Philip",CAN,Men,4x400m relay,M,Bronze
Amsterdam,1928,Athletics,Athletics,"GLOVER, Stanley",CAN,Men,4x400m relay,M,Bronze
Amsterdam,1928,Athletics,Athletics,"WILSON, Alexander S.",CAN,Men,4x400m relay,M,Bronze
Amsterdam,1928,Athletics,Athletics,"ALDERMAN, Frederick Pitt",USA,Men,4x400m relay,M,Gold
Amsterdam,1928,Athletics,Athletics,"BAIRD, George Hetzel",USA,Men,4x400m relay,M,Gold
Amsterdam,1928,Athletics,Athletics,"BARBUTI, Raymond James",USA,Men,4x400m relay,M,Gold
Amsterdam,1928,Athletics,Athletics,"SPENCER, Emerson Lane",USA,Men,4x400m relay,M,Gold
Amsterdam,1928,Athletics,Athletics,"ENGELHARD, Hermann",GER,Men,4x400m relay,M,Silver
Amsterdam,1928,Athletics,Athletics,"KREBS, Richard",GER,Men,4x400m relay,M,Silver
Amsterdam,1928,Athletics,Athletics,"NEUMANN, Otto",GER,Men,4x400m relay,M,Silver
Amsterdam,1928,Athletics,Athletics,"STORZ, Harry",GER,Men,4x400m relay,M,Silver
Amsterdam,1928,Athletics,Athletics,"WIDE, Edvin",SWE,Men,5000m,M,Bronze
Amsterdam,1928,Athletics,Athletics,"RITOLA, Ville",FIN,Men,5000m,M,Gold
Amsterdam,1928,Athletics,Athletics,"NURMI, Paavo",FIN,Men,5000m,M,Silver
Amsterdam,1928,Athletics,Athletics,"ENGELHARD, Hermann",GER,Men,800m,M,Bronze
Amsterdam,1928,Athletics,Athletics,"LOWE, Douglas Gordon",GBR,Men,800m,M,Gold
Amsterdam,1928,Athletics,Athletics,"BYLEHN, Erik",SWE,Men,800m,M,Silver
Amsterdam,1928,Athletics,Athletics,"GENTZEL, Inga K.",SWE,Women,800m,W,Bronze
Amsterdam,1928,Athletics,Athletics,"RADKE, Karoline ""Lina""",GER,Women,800m,W,Gold
Amsterdam,1928,Athletics,Athletics,"HITOMI, Kinue",JPN,Women,800m,W,Silver
Amsterdam,1928,Athletics,Athletics,"DOHERTY, John Kenneth",USA,Men,decathlon,M,Bronze
Amsterdam,1928,Athletics,Athletics,"YRJÖLÄ, Paavo Ilmari",FIN,Men,decathlon,M,Gold
Amsterdam,1928,Athletics,Athletics,"JÄRVINEN, Akiles Eero Johannes",FIN,Men,decathlon,M,Silver
Amsterdam,1928,Athletics,Athletics,"CORSON, James Hunt",USA,Men,discus throw,M,Bronze
Amsterdam,1928,Athletics,Athletics,"HOUSER, Lemuel Clarence",USA,Men,discus throw,M,Gold
Amsterdam,1928,Athletics,Athletics,"KIVI, Antero Lauro",FIN,Men,discus throw,M,Silver
Amsterdam,1928,Athletics,Athletics,"SVEDBERG, Ruth A.",SWE,Women,discus throw,W,Bronze
Amsterdam,1928,Athletics,Athletics,"KONOPACKA, Halina",POL,Women,discus throw,W,Gold
Amsterdam,1928,Athletics,Athletics,"COPELAND, Lillian",USA,Women,discus throw,W,Silver
Amsterdam,1928,Athletics,Athletics,"BLACK, Edmund Franklin",USA,Men,hammer throw,M,Bronze
Amsterdam,1928,Athletics,Athletics,"O'CALLAGHAN, Patrick",IRL,Men,hammer throw,M,Gold
Amsterdam,1928,Athletics,Athletics,"SKIÖLD, Ossian E.",SWE,Men,hammer throw,M,Silver
Amsterdam,1928,Athletics,Athletics,"MENARD, Claude Charles",FRA,Men,high jump,M,Bronze
Amsterdam,1928,Athletics,Athletics,"KING, Robert Wade",USA,Men,high jump,M,Gold
Amsterdam,1928,Athletics,Athletics,"HEDGES, Benjamen Van Doren",USA,Men,high jump,M,Silver
Amsterdam,1928,Athletics,Athletics,"WILEY, Mildred Olive",USA,Women,high jump,W,Bronze
Amsterdam,1928,Athletics,Athletics,"CATHERWOOD, Ethel",CAN,Women,high jump,W,Gold
Amsterdam,1928,Athletics,Athletics,"GISOLF, Carolina Anna",NED,Women,high jump,W,Silver
Amsterdam,1928,Athletics,Athletics,"SUNDE, Olav",NOR,Men,javelin throw,M,Bronze
Amsterdam,1928,Athletics,Athletics,"LUNDQVIST, Erik H.",SWE,Men,javelin throw,M,Gold
Amsterdam,1928,Athletics,Athletics,"SZEPES-STRAUCH, Bela",HUN,Men,javelin throw,M,Silver
Amsterdam,1928,Athletics,Athletics,"BATES, Alfred Hilborn",USA,Men,long jump,M,Bronze
Amsterdam,1928,Athletics,Athletics,"HAMM, Edward Barton",USA,Men,long jump,M,Gold
Amsterdam,1928,Athletics,Athletics,"CATOR, Silvio M.",HAI,Men,long jump,M,Silver
Amsterdam,1928,Athletics,Athletics,"MARTTELIN, Martti B.",FIN,Men,marathon,M,Bronze
Amsterdam,1928,Athletics,Athletics,"EL OUAFI, BoughÃ©ra Mohamed",FRA,Men,marathon,M,Gold
Amsterdam,1928,Athletics,Athletics,"PLAZA REYES, Manuel",CHI,Men,marathon,M,Silver
Amsterdam,1928,Athletics,Athletics,"MCGINNIS, Charles English",USA,Men,pole vault,M,Bronze
Amsterdam,1928,Athletics,Athletics,"CARR, Sabin William",USA,Men,pole vault,M,Gold
Amsterdam,1928,Athletics,Athletics,"DROEGEMUELLER, William Herbert",USA,Men,pole vault,M,Silver
Amsterdam,1928,Athletics,Athletics,"HIRSCHFELD, Emil",GER,Men,shot put,M,Bronze
Amsterdam,1928,Athletics,Athletics,"KUCK, John H.",USA,Men,shot put,M,Gold
Amsterdam,1928,Athletics,Athletics,"BRIX, Herman Harold",USA,Men,shot put,M,Silver
Amsterdam,1928,Athletics,Athletics,"TUULOS, Vilho Immanuel",FIN,Men,triple jump,M,Bronze
Amsterdam,1928,Athletics,Athletics,"ODA, Mikio",JPN,Men,triple jump,M,Gold
Amsterdam,1928,Athletics,Athletics,"CASEY, Levi B.",USA,Men,triple jump,M,Silver
Amsterdam,1928,Boxing,Boxing,"CAVAGNOLI, Carlo",ITA,Men,- 50.8kg (flyweight),M,Bronze
Amsterdam,1928,Boxing,Boxing,"KOCSIS, Antal",HUN,Men,- 50.8kg (flyweight),M,Gold
Amsterdam,1928,Boxing,Boxing,"APELL, Armand",FRA,Men,- 50.8kg (flyweight),M,Silver
Amsterdam,1928,Boxing,Boxing,"MICHAELSEN, Michael Jacob",DEN,Men,+ 79.38kg (heavyweight),M,Bronze
Amsterdam,1928,Boxing,Boxing,"RODRIGUEZ JURADO, Arturo",ARG,Men,+ 79.38kg (heavyweight),M,Gold
Amsterdam,1928,Boxing,Boxing,"RAMM, Nils Arvid",SWE,Men,+ 79.38kg (heavyweight),M,Silver
Amsterdam,1928,Boxing,Boxing,"ISAACS, Harry",RSA,Men,50.8 - 53.52kg (bantamweight),M,Bronze
Amsterdam,1928,Boxing,Boxing,"TAMAGNINI, Vittorio",ITA,Men,50.8 - 53.52kg (bantamweight),M,Gold
Amsterdam,1928,Boxing,Boxing,"DALEY, John Lawrence",USA,Men,50.8 - 53.52kg (bantamweight),M,Silver
Amsterdam,1928,Boxing,Boxing,"DEVINE, Harold George",USA,Men,53.52 - 57.15kg (featherweight),M,Bronze
Amsterdam,1928,Boxing,Boxing,"VAN KLAVEREN, Lambertus",NED,Men,53.52 - 57.15kg (featherweight),M,Gold
Amsterdam,1928,Boxing,Boxing,"PERALTA, Victor",ARG,Men,53.52 - 57.15kg (featherweight),M,Silver
Amsterdam,1928,Boxing,Boxing,"BERGGREN, Gunnar A. E.",SWE,Men,57.15 - 61.24kg (lightweight),M,Bronze
Amsterdam,1928,Boxing,Boxing,"ORLANDI, Carlo",ITA,Men,57.15 - 61.24kg (lightweight),M,Gold
Amsterdam,1928,Boxing,Boxing,"HALAIKO, Stephen Michael",USA,Men,57.15 - 61.24kg (lightweight),M,Silver
Amsterdam,1928,Boxing,Boxing,"SMILLIE, Raymond",CAN,Men,61.24 - 66.68kg (welterweight),M,Bronze
Amsterdam,1928,Boxing,Boxing,"MORGAN, Edward",NZL,Men,61.24 - 66.68kg (welterweight),M,Gold
Amsterdam,1928,Boxing,Boxing,"LANDINI, Raul",ARG,Men,61.24 - 66.68kg (welterweight),M,Silver
Amsterdam,1928,Boxing,Boxing,"STEYAERT, Léonard",BEL,Men,66.68 - 72.57kg (middleweight),M,Bronze
Amsterdam,1928,Boxing,Boxing,"TOSCANI, Piero",ITA,Men,66.68 - 72.57kg (middleweight),M,Gold
Amsterdam,1928,Boxing,Boxing,"HERMANEK, Jan",TCH,Men,66.68 - 72.57kg (middleweight),M,Silver
Amsterdam,1928,Boxing,Boxing,"MILJON, Karel Leendert",NED,Men,72.57 - 79.38kg (light-heavyweight),M,Bronze
Amsterdam,1928,Boxing,Boxing,"AVENDANO, Victor",ARG,Men,72.57 - 79.38kg (light-heavyweight),M,Gold
Amsterdam,1928,Boxing,Boxing,"PISTULLA, Ernst",GER,Men,72.57 - 79.38kg (light-heavyweight),M,Silver
Amsterdam,1928,Cycling,Cycling Road,"CARLSSON, Gösta V.",SWE,Men,individual time trial,M,Bronze
Amsterdam,1928,Cycling,Cycling Road,"HANSEN, Henry Peter Christian",DEN,Men,individual time trial,M,Gold
Amsterdam,1928,Cycling,Cycling Road,"SOUTHALL, Frank William",GBR,Men,individual time trial,M,Silver
Amsterdam,1928,Cycling,Cycling Road,"CARLSSON, Gösta V.",SWE,Men,team time trial,M,Bronze
Amsterdam,1928,Cycling,Cycling Road,"JANSSON, Erik",SWE,Men,team time trial,M,Bronze
Amsterdam,1928,Cycling,Cycling Road,"JOHNSSON, E. Georg",SWE,Men,team time trial,M,Bronze
Amsterdam,1928,Cycling,Cycling Road,"HANSEN, Henry Peter Christian",DEN,Men,team time trial,M,Gold
Amsterdam,1928,Cycling,Cycling Road,"JÖRGENSEN, Oving Orla",DEN,Men,team time trial,M,Gold
Amsterdam,1928,Cycling,Cycling Road,"NIELSEN, Leo",DEN,Men,team time trial,M,Gold
Amsterdam,1928,Cycling,Cycling Road,"LAUTERWASSER, John Jacob",GBR,Men,team time trial,M,Silver
Amsterdam,1928,Cycling,Cycling Road,"MIDDLETON, John Kenneth",GBR,Men,team time trial,M,Silver
Amsterdam,1928,Cycling,Cycling Road,"SOUTHALL, Frank William",GBR,Men,team time trial,M,Silver
Amsterdam,1928,Cycling,Cycling Track,"FALCK HANSEN, Willy",DEN,Men,1km Pursuit,M,Bronze
Amsterdam,1928,Cycling,Cycling Track,"BEAUFRAND, Roger",FRA,Men,1km Pursuit,M,Gold
Amsterdam,1928,Cycling,Cycling Track,"MAZAIRAC, Antonius Hendrikus",NED,Men,1km Pursuit,M,Silver
Amsterdam,1928,Cycling,Cycling Track,"GRAY, Edgar Laurence",AUS,Men,1km time trial,M,Bronze
Amsterdam,1928,Cycling,Cycling Track,"FALCK HANSEN, Willy",DEN,Men,1km time trial,M,Gold
Amsterdam,1928,Cycling,Cycling Track,"BOSCH VAN DRAKESTEIN, Gerald Henri",NED,Men,1km time trial,M,Silver
Amsterdam,1928,Cycling,Cycling Track,"BERNHARDT, Hans",GER,Men,2000m tandem,M,Bronze
Amsterdam,1928,Cycling,Cycling Track,"KÖTHER, Karl",GER,Men,2000m tandem,M,Bronze
Amsterdam,1928,Cycling,Cycling Track,"LEENE, Bernardus Petrus",NED,Men,2000m tandem,M,Gold
Amsterdam,1928,Cycling,Cycling Track,"VAN DIJK, Daniel (Daan)",NED,Men,2000m tandem,M,Gold
Amsterdam,1928,Cycling,Cycling Track,"CHAMBERS, Ernest Henry",GBR,Men,2000m tandem,M,Silver
Amsterdam,1928,Cycling,Cycling Track,"SIBBIT, John Ephraim",GBR,Men,2000m tandem,M,Silver
Amsterdam,1928,Cycling,Cycling Track,"FALCK HANSEN, Willy",DEN,Men,Sprint indivual,M,Bronze
Amsterdam,1928,Cycling,Cycling Track,"BEAUFRAND, Roger",FRA,Men,Sprint indivual,M,Gold
Amsterdam,1928,Cycling,Cycling Track,"MAZAIRAC, Antonius Hendrikus",NED,Men,Sprint indivual,M,Silver
Amsterdam,1928,Cycling,Cycling Track,"SOUTHALL, Michael George",GBR,Men,Team Pursuit (4000m),M,Bronze
Amsterdam,1928,Cycling,Cycling Track,"WYLD, Frederick Henry",GBR,Men,Team Pursuit (4000m),M,Bronze
Amsterdam,1928,Cycling,Cycling Track,"WYLD, Leonard Arthur",GBR,Men,Team Pursuit (4000m),M,Bronze
Amsterdam,1928,Cycling,Cycling Track,"WYLD, Percy",GBR,Men,Team Pursuit (4000m),M,Bronze
Amsterdam,1928,Cycling,Cycling Track,"CATTANEO, Marco",ITA,Men,Team Pursuit (4000m),M,Gold
Amsterdam,1928,Cycling,Cycling Track,"FACCIANI, Cesare",ITA,Men,Team Pursuit (4000m),M,Gold
Amsterdam,1928,Cycling,Cycling Track,"LUSIANI, Mario",ITA,Men,Team Pursuit (4000m),M,Gold
Amsterdam,1928,Cycling,Cycling Track,"TASSELLI, Luigi",ITA,Men,Team Pursuit (4000m),M,Gold
Amsterdam,1928,Cycling,Cycling Track,"BRASPENNIN, Adriaan Jacobus",NED,Men,Team Pursuit (4000m),M,Silver
Amsterdam,1928,Cycling,Cycling Track,"MAAS, Johannes Leonardus",NED,Men,Team Pursuit (4000m),M,Silver
Amsterdam,1928,Cycling,Cycling Track,"PIJNENBURG, Johannes Baptist Norbertus",NED,Men,Team Pursuit (4000m),M,Silver
Amsterdam,1928,Cycling,Cycling Track,"VAN DER HORST, Pieter M.",NED,Men,Team Pursuit (4000m),M,Silver
Amsterdam,1928,Equestrian,Dressage,"OLSON, Ragnar",SWE,Men,individual,X,Bronze
Amsterdam,1928,Equestrian,Dressage,"VON LANGEN, Carl-Friedrich",GER,Men,individual,X,Gold
Amsterdam,1928,Equestrian,Dressage,"MARION, Charles Louis Pierre",FRA,Men,individual,X,Silver
Amsterdam,1928,Equestrian,Dressage,"LE HEUX, Gerard Willem",NED,Men,team,X,Bronze
Amsterdam,1928,Equestrian,Dressage,"VAN REEDE, Jan Hermannus",NED,Men,team,X,Bronze
Amsterdam,1928,Equestrian,Dressage,"VERSTEEGH, Pierre Marie Robert",NED,Men,team,X,Bronze
Amsterdam,1928,Equestrian,Dressage,"LINKENBACH, Hermann",GER,Men,team,X,Gold
Amsterdam,1928,Equestrian,Dressage,"VON LANGEN, Carl-Friedrich",GER,Men,team,X,Gold
Amsterdam,1928,Equestrian,Dressage,"VON LOTZBECK, Eugen",GER,Men,team,X,Gold
Amsterdam,1928,Equestrian,Dressage,"BONDE, Carl",SWE,Men,team,X,Silver
Amsterdam,1928,Equestrian,Dressage,"LUNDBLAD, Janne",SWE,Men,team,X,Silver
Amsterdam,1928,Equestrian,Dressage,"OLSON, Ragnar",SWE,Men,team,X,Silver
Amsterdam,1928,Equestrian,Eventing,"NEUMANN, Bruno",GER,Men,individual,X,Bronze
Amsterdam,1928,Equestrian,Eventing,"PAHUD DE MORTANGES, Charles Ferdinand",NED,Men,individual,X,Gold
Amsterdam,1928,Equestrian,Eventing,"DE KRUIJFF, Gerard Pieter",NED,Men,individual,X,Silver
Amsterdam,1928,Equestrian,Eventing,"ANTONIEWICZ, Michal",POL,Men,team,X,Bronze
Amsterdam,1928,Equestrian,Eventing,"DE ROMMEL (BARON), Karol",POL,Men,team,X,Bronze
Amsterdam,1928,Equestrian,Eventing,"TRENKWALD, Jozef",POL,Men,team,X,Bronze
Amsterdam,1928,Equestrian,Eventing,"DE KRUIJFF, Gerard Pieter",NED,Men,team,X,Gold
Amsterdam,1928,Equestrian,Eventing,"PAHUD DE MORTANGES, Charles Ferdinand",NED,Men,team,X,Gold
Amsterdam,1928,Equestrian,Eventing,"VAN DER VOORT VAN ZIJP, Adolf Dirk C.",NED,Men,team,X,Gold
Amsterdam,1928,Equestrian,Eventing,"JOHANSEN, Wilhelm Eugen",NOR,Men,team,X,Silver
Amsterdam,1928,Equestrian,Eventing,"ORDING, Bjart",NOR,Men,team,X,Silver
Amsterdam,1928,Equestrian,Eventing,"QVIST, Arthur",NOR,Men,team,X,Silver
Amsterdam,1928,Equestrian,Jumping,"KUHN, Charles-Gustave",SUI,Men,individual,X,Bronze
Amsterdam,1928,Equestrian,Jumping,"VENTURA, Frantisek",TCH,Men,individual,X,Gold
Amsterdam,1928,Equestrian,Jumping,"BERTRAN DE BALANDA, Pierre Louis",FRA,Men,individual,X,Silver
Amsterdam,1928,Equestrian,Jumping,PEPITA,SUI,Women,individual,X,Bronze
Amsterdam,1928,Equestrian,Jumping,"BJÖRNSTJERNA, Carl",SWE,Men,team,X,Bronze
Amsterdam,1928,Equestrian,Jumping,"HALLBERG, Ernst",SWE,Men,team,X,Bronze
Amsterdam,1928,Equestrian,Jumping,"HANSEN, Karl",SWE,Men,team,X,Bronze
Amsterdam,1928,Equestrian,Jumping,DE LOS TRUJILLOS (MARQUIS),ESP,Men,team,X,Gold
Amsterdam,1928,Equestrian,Jumping,"GARCIA FERNANDEZ, Julio",ESP,Men,team,X,Gold
Amsterdam,1928,Equestrian,Jumping,"NAVARRO-MORENES, José",ESP,Men,team,X,Gold
Amsterdam,1928,Equestrian,Jumping,"ANTONIEWICZ, Michal",POL,Men,team,X,Silver
Amsterdam,1928,Equestrian,Jumping,"GZOWSKI, Kazimierz",POL,Men,team,X,Silver
Amsterdam,1928,Equestrian,Jumping,"SZOSLAND, Kazimierz",POL,Men,team,X,Silver
Amsterdam,1928,Fencing,Fencing,"CALNAN, George Charles",USA,Men,épée individual,M,Bronze
Amsterdam,1928,Fencing,Fencing,"GAUDIN, Lucien",FRA,Men,épée individual,M,Gold
Amsterdam,1928,Fencing,Fencing,"BUCHARD, Georges",FRA,Men,épée individual,M,Silver
Amsterdam,1928,Fencing,Fencing,"GAUDINI, Giulio",ITA,Men,foil individual,M,Bronze
Amsterdam,1928,Fencing,Fencing,"GAUDIN, Lucien",FRA,Men,foil individual,M,Gold
Amsterdam,1928,Fencing,Fencing,"CASMIR, Erwin",GER,Men,foil individual,M,Silver
Amsterdam,1928,Fencing,Fencing,"OELKERS, Olga",GER,Women,foil individual,W,Bronze
Amsterdam,1928,Fencing,Fencing,"MAYER, Helene",GER,Women,foil individual,W,Gold
Amsterdam,1928,Fencing,Fencing,"FREEMAN, Muriel B.",GBR,Women,foil individual,W,Silver
Amsterdam,1928,Fencing,Fencing,"ANGANUZZI, Raul",ARG,Men,foil team,M,Bronze
Amsterdam,1928,Fencing,Fencing,"CAMET, Carmelo F.",ARG,Men,foil team,M,Bronze
Amsterdam,1928,Fencing,Fencing,"LARRAZ, Roberto",ARG,Men,foil team,M,Bronze
Amsterdam,1928,Fencing,Fencing,"LUCCHETTI, Hector Pablo",ARG,Men,foil team,M,Bronze
Amsterdam,1928,Fencing,Fencing,"LUCCHETTI, Luis J.",ARG,Men,foil team,M,Bronze
Amsterdam,1928,Fencing,Fencing,"CHIAVACCI, Giorgio",ITA,Men,foil team,M,Gold
Amsterdam,1928,Fencing,Fencing,"GAUDINI, Giulio",ITA,Men,foil team,M,Gold
Amsterdam,1928,Fencing,Fencing,"GUARAGNA, Gioachino",ITA,Men,foil team,M,Gold
Amsterdam,1928,Fencing,Fencing,"PESSINA, Giorgio",ITA,Men,foil team,M,Gold
Amsterdam,1928,Fencing,Fencing,"PIGNOTTI, Ugo",ITA,Men,foil team,M,Gold
Amsterdam,1928,Fencing,Fencing,"PULITI, Oreste",ITA,Men,foil team,M,Gold
Amsterdam,1928,Fencing,Fencing,"CATTIAU, Philippe",FRA,Men,foil team,M,Silver
Amsterdam,1928,Fencing,Fencing,"DUCRET, Roger François",FRA,Men,foil team,M,Silver
Amsterdam,1928,Fencing,Fencing,"FLACHER, Raymond P.",FRA,Men,foil team,M,Silver
Amsterdam,1928,Fencing,Fencing,"GABORIAUD, André",FRA,Men,foil team,M,Silver
Amsterdam,1928,Fencing,Fencing,"GAUDIN, Lucien",FRA,Men,foil team,M,Silver
Amsterdam,1928,Fencing,Fencing,"LABATTUT, André",FRA,Men,foil team,M,Silver
Amsterdam,1928,Fencing,Fencing,"BINI, Bino",ITA,Men,sabre individual,M,Bronze
Amsterdam,1928,Fencing,Fencing,"VITEZ TERSZTYANSZKY, Odön",HUN,Men,sabre individual,M,Gold
Amsterdam,1928,Fencing,Fencing,"PETSCHAUER, Attila",HUN,Men,sabre individual,M,Silver
Amsterdam,1928,Fencing,Fencing,"FRIEDRICH, Tadeusz",POL,Men,sabre team,M,Bronze
Amsterdam,1928,Fencing,Fencing,"LASKOWSKI, Kazimierz",POL,Men,sabre team,M,Bronze
Amsterdam,1928,Fencing,Fencing,"MALECKI, Aleksander S.",POL,Men,sabre team,M,Bronze
Amsterdam,1928,Fencing,Fencing,"PAPÉE, Adam",POL,Men,sabre team,M,Bronze
Amsterdam,1928,Fencing,Fencing,"SEGDA, Wladyslaw",POL,Men,sabre team,M,Bronze
Amsterdam,1928,Fencing,Fencing,"ZABIELSKI, Jerzy",POL,Men,sabre team,M,Bronze
Amsterdam,1928,Fencing,Fencing,"GARAY, Janos",HUN,Men,sabre team,M,Gold
Amsterdam,1928,Fencing,Fencing,"GLYKAIS, Gyula",HUN,Men,sabre team,M,Gold
Amsterdam,1928,Fencing,Fencing,"GOMBOS, Sandor",HUN,Men,sabre team,M,Gold
Amsterdam,1928,Fencing,Fencing,"PETSCHAUER, Attila",HUN,Men,sabre team,M,Gold
Amsterdam,1928,Fencing,Fencing,"RADY, Jozsef",HUN,Men,sabre team,M,Gold
Amsterdam,1928,Fencing,Fencing,"TERSZTYANSZKY, Ödön",HUN,Men,sabre team,M,Gold
Amsterdam,1928,Fencing,Fencing,"ANSELMI, Renato",ITA,Men,sabre team,M,Silver
Amsterdam,1928,Fencing,Fencing,"BINI, Bino",ITA,Men,sabre team,M,Silver
Amsterdam,1928,Fencing,Fencing,"MARZI, Gustavo",ITA,Men,sabre team,M,Silver
Amsterdam,1928,Fencing,Fencing,"PULITI, Oreste",ITA,Men,sabre team,M,Silver
Amsterdam,1928,Fencing,Fencing,"SALAFIA, Emilio",ITA,Men,sabre team,M,Silver
Amsterdam,1928,Fencing,Fencing,"SARROCCHI, Giulio",ITA,Men,sabre team,M,Silver
Amsterdam,1928,Football,Football,"BALONCIERI, Adolfo",ITA,Men,football,M,Bronze
Amsterdam,1928,Football,Football,"BANCHERO, Elvio",ITA,Men,football,M,Bronze
Amsterdam,1928,Football,Football,"BELLINI, Delfo",ITA,Men,football,M,Bronze
Amsterdam,1928,Football,Football,"BERNARDINI, Fulvio",ITA,Men,football,M,Bronze
Amsterdam,1928,Football,Football,"CALIGARIS, Umberto",ITA,Men,football,M,Bronze
Amsterdam,1928,Football,Football,"COMBI, Giampero",ITA,Men,football,M,Bronze
Amsterdam,1928,Football,Football,"DEGANI, V.",ITA,Men,football,M,Bronze
Amsterdam,1928,Football,Football,"DEPRA, Giovanni",ITA,Men,football,M,Bronze
Amsterdam,1928,Football,Football,"FERRARIS, A.",ITA,Men,football,M,Bronze
Amsterdam,1928,Football,Football,"GASPERI, F.",ITA,Men,football,M,Bronze
Amsterdam,1928,Football,Football,"GENOVESI, Pietro",ITA,Men,football,M,Bronze
Amsterdam,1928,Football,Football,"JANNI, Antonio",ITA,Men,football,M,Bronze
Amsterdam,1928,Football,Football,"LEVRATTO, Virgilio Felice",ITA,Men,football,M,Bronze
Amsterdam,1928,Football,Football,"MAGNOZZI, Mario",ITA,Men,football,M,Bronze
Amsterdam,1928,Football,Football,"PASTORE, P.",ITA,Men,football,M,Bronze
Amsterdam,1928,Football,Football,"PIETROBONI, Silvio",ITA,Men,football,M,Bronze
Amsterdam,1928,Football,Football,"PITTO, Alfredo",ITA,Men,football,M,Bronze
Amsterdam,1928,Football,Football,"RIVOLTA, Enrico",ITA,Men,football,M,Bronze
Amsterdam,1928,Football,Football,"ROSETTA, Virginio",ITA,Men,football,M,Bronze
Amsterdam,1928,Football,Football,"ROSSETTI, Gino",ITA,Men,football,M,Bronze
Amsterdam,1928,Football,Football,"SCHIAVIO, Angelo",ITA,Men,football,M,Bronze
Amsterdam,1928,Football,Football,"VIVIANO, A.",ITA,Men,football,M,Bronze
Amsterdam,1928,Football,Football,"ANDRADE, José",URU,Men,football,M,Gold
Amsterdam,1928,Football,Football,"ANSELMO, P.",URU,Men,football,M,Gold
Amsterdam,1928,Football,Football,"ARISPE, Pedro",URU,Men,football,M,Gold
Amsterdam,1928,Football,Football,"ARREMON, Juan Pedro",URU,Men,football,M,Gold
Amsterdam,1928,Football,Football,"BARTIBAS, V.",URU,Men,football,M,Gold
Amsterdam,1928,Football,Football,"BATIGNANI, F.",URU,Men,football,M,Gold
Amsterdam,1928,Football,Football,"BORJAS, René",URU,Men,football,M,Gold
Amsterdam,1928,Football,Football,"CAMPOLO, Antonio",URU,Men,football,M,Gold
Amsterdam,1928,Football,Football,"CANAVESI, Adhemar",URU,Men,football,M,Gold
Amsterdam,1928,Football,Football,"CASTRO, Hector",URU,Men,football,M,Gold
Amsterdam,1928,Football,Football,"CEA, Pedro",URU,Men,football,M,Gold
Amsterdam,1928,Football,Football,"FERNANDEZ, Lorenzo",URU,Men,football,M,Gold
Amsterdam,1928,Football,Football,"FIGUEROA, Roberto",URU,Men,football,M,Gold
Amsterdam,1928,Football,Football,"GESTIDO, Alvaro",URU,Men,football,M,Gold
Amsterdam,1928,Football,Football,"MAZALI, AndrÃ©s",URU,Men,football,M,Gold
Amsterdam,1928,Football,Football,"MELOGNO, A.",URU,Men,football,M,Gold
Amsterdam,1928,Football,Football,"NASAZZI, José",URU,Men,football,M,Gold
Amsterdam,1928,Football,Football,"PETRONE, Pedro",URU,Men,football,M,Gold
Amsterdam,1928,Football,Football,"PIRIZ, Juan",URU,Men,football,M,Gold
Amsterdam,1928,Football,Football,"SCARONE, Hector",URU,Men,football,M,Gold
Amsterdam,1928,Football,Football,"TEJERA, D.",URU,Men,football,M,Gold
Amsterdam,1928,Football,Football,"URDINARAN, Antonio",URU,Men,football,M,Gold
Amsterdam,1928,Football,Football,"BIDOGLIO, Ludovico",ARG,Men,football,M,Silver
Amsterdam,1928,Football,Football,"BOSIO, Angel",ARG,Men,football,M,Silver
Amsterdam,1928,Football,Football,"CALANDRA, Saul H.",ARG,Men,football,M,Silver
Amsterdam,1928,Football,Football,"CARRICABERRY, Alfredo D.",ARG,Men,football,M,Silver
Amsterdam,1928,Football,Football,"CHERRO, Roberto",ARG,Men,football,M,Silver
Amsterdam,1928,Football,Football,"DIAZ, Octavio J.",ARG,Men,football,M,Silver
Amsterdam,1928,Football,Football,"EVARISTO, J.",ARG,Men,football,M,Silver
Amsterdam,1928,Football,Football,"FERREIRA, Manuel",ARG,Men,football,M,Silver
Amsterdam,1928,Football,Football,"GAINZARAIN, Enrique",ARG,Men,football,M,Silver
Amsterdam,1928,Football,Football,"GOMEZ, S. N.",ARG,Men,football,M,Silver
Amsterdam,1928,Football,Football,"HELMAN, A.",ARG,Men,football,M,Silver
Amsterdam,1928,Football,Football,"MEDICI, Angel Segundo",ARG,Men,football,M,Silver
Amsterdam,1928,Football,Football,"MONTI, Luis Felipe",ARG,Men,football,M,Silver
Amsterdam,1928,Football,Football,"OCHOA, P.",ARG,Men,football,M,Silver
Amsterdam,1928,Football,Football,"ORLANDINI, Rodolfo",ARG,Men,football,M,Silver
Amsterdam,1928,Football,Football,"ORSI, Raimundo B.",ARG,Men,football,M,Silver
Amsterdam,1928,Football,Football,"PATERNOSTER, Fernando",ARG,Men,football,M,Silver
Amsterdam,1928,Football,Football,"PERDUCCA, Feliciano Angel",ARG,Men,football,M,Silver
Amsterdam,1928,Football,Football,"PERINETTI, N.",ARG,Men,football,M,Silver
Amsterdam,1928,Football,Football,"TARASCONI, Domingo Alberto",ARG,Men,football,M,Silver
Amsterdam,1928,Football,Football,"WEIHMULLER, L. F.",ARG,Men,football,M,Silver
Amsterdam,1928,Football,Football,"ZUMELZU, A. B.",ARG,Men,football,M,Silver
Amsterdam,1928,Gymnastics,Artistic G.,"MACK, Eugen",SUI,Men,horizontal bar,M,Bronze
Amsterdam,1928,Gymnastics,Artistic G.,"MIEZ, Georges",SUI,Men,horizontal bar,M,Gold
Amsterdam,1928,Gymnastics,Artistic G.,"NERI, Romeo",ITA,Men,horizontal bar,M,Silver
Amsterdam,1928,Gymnastics,Artistic G.,"STUKELJ, Leon",YUG,Men,individual all-round,M,Bronze
Amsterdam,1928,Gymnastics,Artistic G.,"MIEZ, Georges",SUI,Men,individual all-round,M,Gold
Amsterdam,1928,Gymnastics,Artistic G.,"HÄNGGI, Hermann",SUI,Men,individual all-round,M,Silver
Amsterdam,1928,Gymnastics,Artistic G.,"HÄNGGI, Hermann",SUI,Men,parallel bars,M,Bronze
Amsterdam,1928,Gymnastics,Artistic G.,"VACHA, Ladislav",TCH,Men,parallel bars,M,Gold
Amsterdam,1928,Gymnastics,Artistic G.,"PRIMOZIC, Josip",YUG,Men,parallel bars,M,Silver
Amsterdam,1928,Gymnastics,Artistic G.,"SAVOLAINEN, Heikki",FIN,Men,pommel horse,M,Bronze
Amsterdam,1928,Gymnastics,Artistic G.,"HÄNGGI, Hermann",SUI,Men,pommel horse,M,Gold
Amsterdam,1928,Gymnastics,Artistic G.,"MIEZ, Georges",SUI,Men,pommel horse,M,Silver
Amsterdam,1928,Gymnastics,Artistic G.,"LOFFLER, Emanuel",TCH,Men,rings,M,Bronze
Amsterdam,1928,Gymnastics,Artistic G.,"STUKELJ, Leon",YUG,Men,rings,M,Gold
Amsterdam,1928,Gymnastics,Artistic G.,"VACHA, Ladislav",TCH,Men,rings,M,Silver
Amsterdam,1928,Gymnastics,Artistic G.,"ANTOSIEWIC, Eduard",YUG,Men,team competition,M,Bronze
Amsterdam,1928,Gymnastics,Artistic G.,"CIOTTI, Dragutin",YUG,Men,team competition,M,Bronze
Amsterdam,1928,Gymnastics,Artistic G.,"DERGANC, Stane",YUG,Men,team competition,M,Bronze
Amsterdam,1928,Gymnastics,Artistic G.,"GREGORKA, Boris",YUG,Men,team competition,M,Bronze
Amsterdam,1928,Gymnastics,Artistic G.,"MALEJ, Anton",YUG,Men,team competition,M,Bronze
Amsterdam,1928,Gymnastics,Artistic G.,"PORENTA, Ivan",YUG,Men,team competition,M,Bronze
Amsterdam,1928,Gymnastics,Artistic G.,"PRIMOZIC, Josip",YUG,Men,team competition,M,Bronze
Amsterdam,1928,Gymnastics,Artistic G.,"STUKELJ, Leon",YUG,Men,team competition,M,Bronze
Amsterdam,1928,Gymnastics,Artistic G.,"GRIEDER, Hans",SUI,Men,team competition,M,Gold
Amsterdam,1928,Gymnastics,Artistic G.,"GÜTTINGER, August",SUI,Men,team competition,M,Gold
Amsterdam,1928,Gymnastics,Artistic G.,"HÄNGGI, Hermann",SUI,Men,team competition,M,Gold
Amsterdam,1928,Gymnastics,Artistic G.,"MACK, Eugen",SUI,Men,team competition,M,Gold
Amsterdam,1928,Gymnastics,Artistic G.,"MIEZ, Georges",SUI,Men,team competition,M,Gold
Amsterdam,1928,Gymnastics,Artistic G.,"PFISTER, Otto",SUI,Men,team competition,M,Gold
Amsterdam,1928,Gymnastics,Artistic G.,"STEINEMANN, Eduard",SUI,Men,team competition,M,Gold
Amsterdam,1928,Gymnastics,Artistic G.,"WEZEL, Melchior",SUI,Men,team competition,M,Gold
Amsterdam,1928,Gymnastics,Artistic G.,"EFFENBERGER, Josef",TCH,Men,team competition,M,Silver
Amsterdam,1928,Gymnastics,Artistic G.,"GAJDOS, Jan",TCH,Men,team competition,M,Silver
Amsterdam,1928,Gymnastics,Artistic G.,"KOUTNY, Jan",TCH,Men,team competition,M,Silver
Amsterdam,1928,Gymnastics,Artistic G.,"LOFFLER, Emanuel",TCH,Men,team competition,M,Silver
Amsterdam,1928,Gymnastics,Artistic G.,"SUPCIK, Bedrich",TCH,Men,team competition,M,Silver
Amsterdam,1928,Gymnastics,Artistic G.,"TIKAL, Ladislav",TCH,Men,team competition,M,Silver
Amsterdam,1928,Gymnastics,Artistic G.,"VACHA, Ladislav",TCH,Men,team competition,M,Silver
Amsterdam,1928,Gymnastics,Artistic G.,"VESELY, Vaclav",TCH,Men,team competition,M,Silver
Amsterdam,1928,Gymnastics,Artistic G.,"BROADBENT, Annie",GBR,Women,team competition,W,Bronze
Amsterdam,1928,Gymnastics,Artistic G.,"DESMOND, Lucy",GBR,Women,team competition,W,Bronze
Amsterdam,1928,Gymnastics,Artistic G.,"HARTLEY, Margaret B.",GBR,Women,team competition,W,Bronze
Amsterdam,1928,Gymnastics,Artistic G.,"JAGGER, Amy C.",GBR,Women,team competition,W,Bronze
Amsterdam,1928,Gymnastics,Artistic G.,"JUDD, Isobel M. R.",GBR,Women,team competition,W,Bronze
Amsterdam,1928,Gymnastics,Artistic G.,"KITE, Jessie T.",GBR,Women,team competition,W,Bronze
Amsterdam,1928,Gymnastics,Artistic G.,"MOREMAN, Marjorie",GBR,Women,team competition,W,Bronze
Amsterdam,1928,Gymnastics,Artistic G.,"PICKLES, Edith Carrie",GBR,Women,team competition,W,Bronze
Amsterdam,1928,Gymnastics,Artistic G.,"SEYMOUR, Ethel",GBR,Women,team competition,W,Bronze
Amsterdam,1928,Gymnastics,Artistic G.,"SMITH, Ada",GBR,Women,team competition,W,Bronze
Amsterdam,1928,Gymnastics,Artistic G.,"SMITH, Hilda",GBR,Women,team competition,W,Bronze
Amsterdam,1928,Gymnastics,Artistic G.,"WOODS, Doris",GBR,Women,team competition,W,Bronze
Amsterdam,1928,Gymnastics,Artistic G.,"AGSTERIBBE, Estella",NED,Women,team competition,W,Gold
Amsterdam,1928,Gymnastics,Artistic G.,"BURGERHOF, Petronella",NED,Women,team competition,W,Gold
Amsterdam,1928,Gymnastics,Artistic G.,"DE LEVIE, Elka",NED,Women,team competition,W,Gold
Amsterdam,1928,Gymnastics,Artistic G.,"NORDHEIM, Helena",NED,Women,team competition,W,Gold
Amsterdam,1928,Gymnastics,Artistic G.,"POLAK, Ans",NED,Women,team competition,W,Gold
Amsterdam,1928,Gymnastics,Artistic G.,"SIMONS, Jud",NED,Women,team competition,W,Gold
Amsterdam,1928,Gymnastics,Artistic G.,"STELMA, Jacoba Cornelia",NED,Women,team competition,W,Gold
Amsterdam,1928,Gymnastics,Artistic G.,"VAN DEN BERG, Jacomina",NED,Women,team competition,W,Gold
Amsterdam,1928,Gymnastics,Artistic G.,"VAN DEN BOS, Alida Johanna",NED,Women,team competition,W,Gold
Amsterdam,1928,Gymnastics,Artistic G.,"VAN DER VEGT, Anna Maria",NED,Women,team competition,W,Gold
Amsterdam,1928,Gymnastics,Artistic G.,"VAN RANDWIJK, Petronella Phillemina Johanna",NED,Women,team competition,W,Gold
Amsterdam,1928,Gymnastics,Artistic G.,"VAN RUMT, Hendrika Alida",NED,Women,team competition,W,Gold
Amsterdam,1928,Gymnastics,Artistic G.,"AMBROSETTI, Bianca",ITA,Women,team competition,W,Silver
Amsterdam,1928,Gymnastics,Artistic G.,"GIANONI, Lavinia",ITA,Women,team competition,W,Silver
Amsterdam,1928,Gymnastics,Artistic G.,"GIAVOTTI, Luigina",ITA,Women,team competition,W,Silver
Amsterdam,1928,Gymnastics,Artistic G.,"GIORGI, Virginia",ITA,Women,team competition,W,Silver
Amsterdam,1928,Gymnastics,Artistic G.,"MALABARBA, Germana",ITA,Women,team competition,W,Silver
Amsterdam,1928,Gymnastics,Artistic G.,"MARANGONI, Clara",ITA,Women,team competition,W,Silver
Amsterdam,1928,Gymnastics,Artistic G.,"PERVERSI, Luigina",ITA,Women,team competition,W,Silver
Amsterdam,1928,Gymnastics,Artistic G.,"PIZZAVINI, Diana",ITA,Women,team competition,W,Silver
Amsterdam,1928,Gymnastics,Artistic G.,"TANZINI, Luisa",ITA,Women,team competition,W,Silver
Amsterdam,1928,Gymnastics,Artistic G.,"TRONCONI, Carolina",ITA,Women,team competition,W,Silver
Amsterdam,1928,Gymnastics,Artistic G.,"VERCESI, Ines",ITA,Women,team competition,W,Silver
Amsterdam,1928,Gymnastics,Artistic G.,"VITTADINI, Rita",ITA,Women,team competition,W,Silver
Amsterdam,1928,Gymnastics,Artistic G.,"DERGANC, Stane",YUG,Men,vault,M,Bronze
Amsterdam,1928,Gymnastics,Artistic G.,"MACK, Eugen",SUI,Men,vault,M,Gold
Amsterdam,1928,Gymnastics,Artistic G.,"LOFFLER, Emanuel",TCH,Men,vault,M,Silver
Amsterdam,1928,Hockey,Hockey,"BOCHE, Bruno",GER,Men,hockey,M,Bronze
Amsterdam,1928,Hockey,Hockey,"BRUNNER, Georg",GER,Men,hockey,M,Bronze
Amsterdam,1928,Hockey,Hockey,"FÖRSTENDORF, Heinz",GER,Men,hockey,M,Bronze
Amsterdam,1928,Hockey,Hockey,"FRANZKOWIAK, Erwin",GER,Men,hockey,M,Bronze
Amsterdam,1928,Hockey,Hockey,"FREYBERG, Werner",GER,Men,hockey,M,Bronze
Amsterdam,1928,Hockey,Hockey,"HAAG, Theodor",GER,Men,hockey,M,Bronze
Amsterdam,1928,Hockey,Hockey,"HAUSSMANN, Hans Heinrich",GER,Men,hockey,M,Bronze
Amsterdam,1928,Hockey,Hockey,"HAVERBECK, Kurt",GER,Men,hockey,M,Bronze
Amsterdam,1928,Hockey,Hockey,"HEYMANN, Aribert",GER,Men,hockey,M,Bronze
Amsterdam,1928,Hockey,Hockey,"HOBEIN, Herbert",GER,Men,hockey,M,Bronze
