Munich,1972,Handball,Handball,"VIDOVIC, Albin",YUG,Men,handball,M,Gold
Munich,1972,Handball,Handball,"ZIVKOVIC, Zoran",YUG,Men,handball,M,Gold
Munich,1972,Handball,Handball,"ZORKO, Zdenko",YUG,Men,handball,M,Gold
Munich,1972,Handball,Handball,"BENES, Ladislav",TCH,Men,handball,M,Silver
Munich,1972,Handball,Handball,"BRUNA, Frantisek",TCH,Men,handball,M,Silver
Munich,1972,Handball,Handball,"HABR, Vladimir",TCH,Men,handball,M,Silver
Munich,1972,Handball,Handball,"JARY, Vladimir",TCH,Men,handball,M,Silver
Munich,1972,Handball,Handball,"KAVAN, Jiri",TCH,Men,handball,M,Silver
Munich,1972,Handball,Handball,"KLIMCICK, Arnost",TCH,Men,handball,M,Silver
Munich,1972,Handball,Handball,"KONENCNY, Jaroslav",TCH,Men,handball,M,Silver
Munich,1972,Handball,Handball,"KRALIK, Frantisek",TCH,Men,handball,M,Silver
Munich,1972,Handball,Handball,"KREPINDL, Jindrich",TCH,Men,handball,M,Silver
Munich,1972,Handball,Handball,"LAFKO, Vincent",TCH,Men,handball,M,Silver
Munich,1972,Handball,Handball,"LUKOSIK, Andrej",TCH,Men,handball,M,Silver
Munich,1972,Handball,Handball,"MIKES, Pavel",TCH,Men,handball,M,Silver
Munich,1972,Handball,Handball,"POSPISIL, Petr",TCH,Men,handball,M,Silver
Munich,1972,Handball,Handball,"SATRAPA, Ivan",TCH,Men,handball,M,Silver
Munich,1972,Handball,Handball,"SKARA, Zdenek",TCH,Men,handball,M,Silver
Munich,1972,Handball,Handball,"SKARVAN, Jaroslav",TCH,Men,handball,M,Silver
Munich,1972,Hockey,Hockey,"BILLIMOGAPUTTASWAMY, Govind",IND,Men,hockey,M,Bronze
Munich,1972,Hockey,Hockey,"CHARLES, Cornelius",IND,Men,hockey,M,Bronze
Munich,1972,Hockey,Hockey,"FREDERICK, Manuel",IND,Men,hockey,M,Bronze
Munich,1972,Hockey,Hockey,"KINDO, Michael",IND,Men,hockey,M,Bronze
Munich,1972,Hockey,Hockey,"KUMAR, Ashok",IND,Men,hockey,M,Bronze
Munich,1972,Hockey,Hockey,"MOLLERAPOOVAYYA, Ganesh",IND,Men,hockey,M,Bronze
Munich,1972,Hockey,Hockey,"PERUMAL, Krishnanurthy",IND,Men,hockey,M,Bronze
Munich,1972,Hockey,Hockey,"SINGH, Ajitpal",IND,Men,hockey,M,Bronze
Munich,1972,Hockey,Hockey,"SINGH, Harbinder",IND,Men,hockey,M,Bronze
Munich,1972,Hockey,Hockey,"SINGH, Harcharan",IND,Men,hockey,M,Bronze
Munich,1972,Hockey,Hockey,"SINGH, Harmik",IND,Men,hockey,M,Bronze
Munich,1972,Hockey,Hockey,"SINGH, Kulwant",IND,Men,hockey,M,Bronze
Munich,1972,Hockey,Hockey,"SINGH, Mukhbain",IND,Men,hockey,M,Bronze
Munich,1972,Hockey,Hockey,"SINGH, Virinder",IND,Men,hockey,M,Bronze
Munich,1972,Hockey,Hockey,"BAUMGART, Wolfgang",FRG,Men,hockey,M,Gold
Munich,1972,Hockey,Hockey,"DROSE, Horst",FRG,Men,hockey,M,Gold
Munich,1972,Hockey,Hockey,"FREISE, Dieter",FRG,Men,hockey,M,Gold
Munich,1972,Hockey,Hockey,"KAESSMANN, Werner",FRG,Men,hockey,M,Gold
Munich,1972,Hockey,Hockey,"KELLER, Carsten",FRG,Men,hockey,M,Gold
Munich,1972,Hockey,Hockey,"KITTSTEIN, Detlef",FRG,Men,hockey,M,Gold
Munich,1972,Hockey,Hockey,"KLAES, Ulrich",FRG,Men,hockey,M,Gold
Munich,1972,Hockey,Hockey,"KRAUS, Peter",FRG,Men,hockey,M,Gold
Munich,1972,Hockey,Hockey,"KRAUSE, Michael",FRG,Men,hockey,M,Gold
Munich,1972,Hockey,Hockey,"PETER, Michael",FRG,Men,hockey,M,Gold
Munich,1972,Hockey,Hockey,"ROTT, Wolfgang",FRG,Men,hockey,M,Gold
Munich,1972,Hockey,Hockey,"SCHMIDT, Fritz",FRG,Men,hockey,M,Gold
Munich,1972,Hockey,Hockey,"SEIFERT, Rainer",FRG,Men,hockey,M,Gold
Munich,1972,Hockey,Hockey,"STRODTER, Wolfgang",FRG,Men,hockey,M,Gold
Munich,1972,Hockey,Hockey,"SUHL, Eckard",FRG,Men,hockey,M,Gold
Munich,1972,Hockey,Hockey,"THELEN, Eduard",FRG,Men,hockey,M,Gold
Munich,1972,Hockey,Hockey,"TRUMP, Peter",FRG,Men,hockey,M,Gold
Munich,1972,Hockey,Hockey,"VOS, Ulrich",FRG,Men,hockey,M,Gold
Munich,1972,Hockey,Hockey,"ABDUL, Rashid III",PAK,Men,hockey,M,Silver
Munich,1972,Hockey,Hockey,"AKHTAR, Rasool",PAK,Men,hockey,M,Silver
Munich,1972,Hockey,Hockey,"AKHTAR, Ul Islam",PAK,Men,hockey,M,Silver
Munich,1972,Hockey,Hockey,"BUTT, Jahangir Ahmad",PAK,Men,hockey,M,Silver
Munich,1972,Hockey,Hockey,"FAZAL, Ur Rehman",PAK,Men,hockey,M,Silver
Munich,1972,Hockey,Hockey,"ISLAH, Ud Din",PAK,Men,hockey,M,Silver
Munich,1972,Hockey,Hockey,"MALIK, Muhammad Azam",PAK,Men,hockey,M,Silver
Munich,1972,Hockey,Hockey,"MUHAMMAD, Shahnaz",PAK,Men,hockey,M,Silver
Munich,1972,Hockey,Hockey,"MUNAWAR, Uz-Zaman",PAK,Men,hockey,M,Silver
Munich,1972,Hockey,Hockey,"RIAZ, Ahmad",PAK,Men,hockey,M,Silver
Munich,1972,Hockey,Hockey,"SAEED, Anwar",PAK,Men,hockey,M,Silver
Munich,1972,Hockey,Hockey,"SHERWANI, Saleem",PAK,Men,hockey,M,Silver
Munich,1972,Hockey,Hockey,"SYED, Iftikar Ahmed",PAK,Men,hockey,M,Silver
Munich,1972,Hockey,Hockey,"SYED, Mudassar Ashgar",PAK,Men,hockey,M,Silver
Munich,1972,Hockey,Hockey,"ZAHID, Muhammad",PAK,Men,hockey,M,Silver
Munich,1972,Judo,Judo,"KIM, Yong Ik",PRK,Men,- 63kg (lightweight),M,Bronze
Munich,1972,Judo,Judo,"MOUNIER, Jean-Jacques",FRA,Men,- 63kg (lightweight),M,Bronze
Munich,1972,Judo,Judo,"KAWAGUCHI, Takao",JPN,Men,- 63kg (lightweight),M,Gold
Munich,1972,Judo,Judo,"NISHIMURA, Motoki",JPN,Men,+ 93kg (heavyweight),M,Bronze
Munich,1972,Judo,Judo,"ONASHVILI, Givi",URS,Men,+ 93kg (heavyweight),M,Bronze
Munich,1972,Judo,Judo,"RUSKA, Willem",NED,Men,+ 93kg (heavyweight),M,Gold
Munich,1972,Judo,Judo,"GLAHN, Klaus",FRG,Men,+ 93kg (heavyweight),M,Silver
Munich,1972,Judo,Judo,"HÖTGER, Dietmar",GDR,Men,63 - 70kg (half-middleweight),M,Bronze
Munich,1972,Judo,Judo,"NOVIKOV, Anatoli",URS,Men,63 - 70kg (half-middleweight),M,Bronze
Munich,1972,Judo,Judo,"NOMURA, Toyokazu",JPN,Men,63 - 70kg (half-middleweight),M,Gold
Munich,1972,Judo,Judo,"ZAJKOWSKI, Antoni",POL,Men,63 - 70kg (half-middleweight),M,Silver
Munich,1972,Judo,Judo,"COCHE, Jean-Paul",FRA,Men,70 - 80kg (middleweight),M,Bronze
Munich,1972,Judo,Judo,"JACKS, Brian Albert Thomas",GBR,Men,70 - 80kg (middleweight),M,Bronze
Munich,1972,Judo,Judo,"SEKINE, Shinobu",JPN,Men,70 - 80kg (middleweight),M,Gold
Munich,1972,Judo,Judo,"OH, Seung-Lip",KOR,Men,70 - 80kg (middleweight),M,Silver
Munich,1972,Judo,Judo,"BARTH, Paul",FRG,Men,80 - 93kg (half-heavyweight),M,Bronze
Munich,1972,Judo,Judo,"ISHII, Chiaki",BRA,Men,80 - 93kg (half-heavyweight),M,Bronze
Munich,1972,Judo,Judo,"CHOCHOSHVILI, Shota",URS,Men,80 - 93kg (half-heavyweight),M,Gold
Munich,1972,Judo,Judo,"STARBROOK, David Colin",GBR,Men,80 - 93kg (half-heavyweight),M,Silver
Munich,1972,Judo,Judo,"BRONDANI, Jean-Claude",FRA,Men,open category,M,Bronze
Munich,1972,Judo,Judo,"PARISI, Angelo",GBR,Men,open category,M,Bronze
Munich,1972,Judo,Judo,"RUSKA, Willem",NED,Men,open category,M,Gold
Munich,1972,Judo,Judo,"KUZNETSOV, Vitali",URS,Men,open category,M,Silver
Munich,1972,Modern Pentathlon,Modern Pentath.,"LEDNEV, Pavel",URS,Men,Individual competition,M,Bronze
Munich,1972,Modern Pentathlon,Modern Pentath.,"BALCZO, Andras",HUN,Men,Individual competition,M,Gold
Munich,1972,Modern Pentathlon,Modern Pentath.,"ONISHENKO, Boris",URS,Men,Individual competition,M,Silver
Munich,1972,Modern Pentathlon,Modern Pentath.,"HURME, Risto",FIN,Men,Team competition,M,Bronze
Munich,1972,Modern Pentathlon,Modern Pentath.,"KETELÄ, Martti Einari",FIN,Men,Team competition,M,Bronze
Munich,1972,Modern Pentathlon,Modern Pentath.,"SALMINEN, Veikko",FIN,Men,Team competition,M,Bronze
Munich,1972,Modern Pentathlon,Modern Pentath.,"LEDNEV, Pavel",URS,Men,Team competition,M,Gold
Munich,1972,Modern Pentathlon,Modern Pentath.,"ONISHENKO, Boris",URS,Men,Team competition,M,Gold
Munich,1972,Modern Pentathlon,Modern Pentath.,"SHMELEV, Vladimir",URS,Men,Team competition,M,Gold
Munich,1972,Modern Pentathlon,Modern Pentath.,"BAKO, Pal",HUN,Men,Team competition,M,Silver
Munich,1972,Modern Pentathlon,Modern Pentath.,"BALCZO, Andras",HUN,Men,Team competition,M,Silver
Munich,1972,Modern Pentathlon,Modern Pentath.,"VILLANYI, Zsigmond",HUN,Men,Team competition,M,Silver
Munich,1972,Rowing,Rowing,"LUYNENBURG, Roelof Johan",NED,Men,coxless pair (2-),M,Bronze
Munich,1972,Rowing,Rowing,"STOKVIS, Rudolf (Ruud)",NED,Men,coxless pair (2-),M,Bronze
Munich,1972,Rowing,Rowing,"BRIETZKE, Siegfried",GDR,Men,coxless pair (2-),M,Gold
Munich,1972,Rowing,Rowing,"MAGER, Wolfgang",GDR,Men,coxless pair (2-),M,Gold
Munich,1972,Rowing,Rowing,"BACHMANN, Alfred",SUI,Men,coxless pair (2-),M,Silver
Munich,1972,Rowing,Rowing,"FISCHER, Heinrich",SUI,Men,coxless pair (2-),M,Silver
Munich,1972,Rowing,Rowing,"BÖHMER, Joachim",GDR,Men,double sculls (2x),M,Bronze
Munich,1972,Rowing,Rowing,"SCHMIED, Hans-Ulrich",GDR,Men,double sculls (2x),M,Bronze
Munich,1972,Rowing,Rowing,"KORSHIKOV, Gennadi",URS,Men,double sculls (2x),M,Gold
Munich,1972,Rowing,Rowing,"TIMOSHININ, Aleksandr",URS,Men,double sculls (2x),M,Gold
Munich,1972,Rowing,Rowing,"HANSEN, Frank",NOR,Men,double sculls (2x),M,Silver
Munich,1972,Rowing,Rowing,"THÖGERSEN, Svein Th.",NOR,Men,double sculls (2x),M,Silver
Munich,1972,Rowing,Rowing,"BORZYM, Hans-Joachim",GDR,Men,eight with coxswain (8+),M,Bronze
Munich,1972,Rowing,Rowing,"DIMKE, Harold",GDR,Men,eight with coxswain (8+),M,Bronze
Munich,1972,Rowing,Rowing,"LANDVOIGT, Bernd",GDR,Men,eight with coxswain (8+),M,Bronze
Munich,1972,Rowing,Rowing,"LANDVOIGT, Jörg",GDR,Men,eight with coxswain (8+),M,Bronze
Munich,1972,Rowing,Rowing,"MEDEROW, Heinrich",GDR,Men,eight with coxswain (8+),M,Bronze
Munich,1972,Rowing,Rowing,"SCHMORDE, Manfred",GDR,Men,eight with coxswain (8+),M,Bronze
Munich,1972,Rowing,Rowing,"SCHNEIDER, Manfred",GDR,Men,eight with coxswain (8+),M,Bronze
Munich,1972,Rowing,Rowing,"SCHREIBER, Hartmut",GDR,Men,eight with coxswain (8+),M,Bronze
Munich,1972,Rowing,Rowing,"SCHWARZ, Dietmar",GDR,Men,eight with coxswain (8+),M,Bronze
Munich,1972,Rowing,Rowing,"COKER, Trevor",NZL,Men,eight with coxswain (8+),M,Gold
Munich,1972,Rowing,Rowing,"DICKIE, Simon Charles",NZL,Men,eight with coxswain (8+),M,Gold
Munich,1972,Rowing,Rowing,"EARL, Athol",NZL,Men,eight with coxswain (8+),M,Gold
Munich,1972,Rowing,Rowing,"HUNTER, John Andrew",NZL,Men,eight with coxswain (8+),M,Gold
Munich,1972,Rowing,Rowing,"HURT, Anthony",NZL,Men,eight with coxswain (8+),M,Gold
Munich,1972,Rowing,Rowing,"JOYCE, Richard John",NZL,Men,eight with coxswain (8+),M,Gold
Munich,1972,Rowing,Rowing,"ROBERTSON, Gary",NZL,Men,eight with coxswain (8+),M,Gold
Munich,1972,Rowing,Rowing,"VELDMAN, Gerard Wybo",NZL,Men,eight with coxswain (8+),M,Gold
Munich,1972,Rowing,Rowing,"WILSON, Lindsay",NZL,Men,eight with coxswain (8+),M,Gold
Munich,1972,Rowing,Rowing,"CLAPP, Eugene Howard Iv",USA,Men,eight with coxswain (8+),M,Silver
Munich,1972,Rowing,Rowing,"HOBBS, Franklin Warren Iv",USA,Men,eight with coxswain (8+),M,Silver
Munich,1972,Rowing,Rowing,"HOBBS, William Barton Rogers",USA,Men,eight with coxswain (8+),M,Silver
Munich,1972,Rowing,Rowing,"HOFFMAN, Paul",USA,Men,eight with coxswain (8+),M,Silver
Munich,1972,Rowing,Rowing,"LIVINGSTON, John Cleve",USA,Men,eight with coxswain (8+),M,Silver
Munich,1972,Rowing,Rowing,"LIVINGSTON, Michael Kent",USA,Men,eight with coxswain (8+),M,Silver
Munich,1972,Rowing,Rowing,"MICKELSON, Timothy Carl",USA,Men,eight with coxswain (8+),M,Silver
Munich,1972,Rowing,Rowing,"RAYMOND, Peter Harlow",USA,Men,eight with coxswain (8+),M,Silver
Munich,1972,Rowing,Rowing,"TERRY, Lawrence Jr.",USA,Men,eight with coxswain (8+),M,Silver
Munich,1972,Rowing,Rowing,"EHRIG, Joachim Werner",FRG,Men,four without coxswain (4-),M,Bronze
Munich,1972,Rowing,Rowing,"FUNNEKÖTTER, Peter",FRG,Men,four without coxswain (4-),M,Bronze
Munich,1972,Rowing,Rowing,"HELD, Franz",FRG,Men,four without coxswain (4-),M,Bronze
Munich,1972,Rowing,Rowing,"PLOTTKE, Wolfgang",FRG,Men,four without coxswain (4-),M,Bronze
Munich,1972,Rowing,Rowing,"FORBERGER, Frank",GDR,Men,four without coxswain (4-),M,Gold
Munich,1972,Rowing,Rowing,"GRAHN, Dieter",GDR,Men,four without coxswain (4-),M,Gold
Munich,1972,Rowing,Rowing,"RÜHLE, Frank",GDR,Men,four without coxswain (4-),M,Gold
Munich,1972,Rowing,Rowing,"SCHUBERT, Dieter",GDR,Men,four without coxswain (4-),M,Gold
Munich,1972,Rowing,Rowing,"COLLINGE, Ross Hounsell",NZL,Men,four without coxswain (4-),M,Silver
Munich,1972,Rowing,Rowing,"MILLS, Noel",NZL,Men,four without coxswain (4-),M,Silver
Munich,1972,Rowing,Rowing,"STOREY, Dudley Leonard",NZL,Men,four without coxswain (4-),M,Silver
Munich,1972,Rowing,Rowing,"TONKS, Richard",NZL,Men,four without coxswain (4-),M,Silver
Munich,1972,Rowing,Rowing,"JANOS, Vladimir",TCH,Men,four-oared shell with coxswain (4-),M,Bronze
Munich,1972,Rowing,Rowing,"MARECEK, Otakar",TCH,Men,four-oared shell with coxswain (4-),M,Bronze
Munich,1972,Rowing,Rowing,"NEFFE, Karel",TCH,Men,four-oared shell with coxswain (4-),M,Bronze
Munich,1972,Rowing,Rowing,"PETRICEK, Vladimir",TCH,Men,four-oared shell with coxswain (4-),M,Bronze
Munich,1972,Rowing,Rowing,"PROVAZNIK, Frantisek",TCH,Men,four-oared shell with coxswain (4-),M,Bronze
Munich,1972,Rowing,Rowing,"AUER, Gerhard",FRG,Men,four-oared shell with coxswain (4-),M,Gold
Munich,1972,Rowing,Rowing,"BENTER, Uwe",FRG,Men,four-oared shell with coxswain (4-),M,Gold
Munich,1972,Rowing,Rowing,"BERGER, Peter",FRG,Men,four-oared shell with coxswain (4-),M,Gold
Munich,1972,Rowing,Rowing,"BIERL, Alois",FRG,Men,four-oared shell with coxswain (4-),M,Gold
Munich,1972,Rowing,Rowing,"FÄRBER, Hans-Johann",FRG,Men,four-oared shell with coxswain (4-),M,Gold
Munich,1972,Rowing,Rowing,"GUST, Reinhard",GDR,Men,four-oared shell with coxswain (4-),M,Silver
Munich,1972,Rowing,Rowing,"JOBST, Rolf",GDR,Men,four-oared shell with coxswain (4-),M,Silver
Munich,1972,Rowing,Rowing,"LUDWIG, Klaus-Dieter",GDR,Men,four-oared shell with coxswain (4-),M,Silver
Munich,1972,Rowing,Rowing,"MARTENS, Eckhard",GDR,Men,four-oared shell with coxswain (4-),M,Silver
Munich,1972,Rowing,Rowing,"ZANDER, Dietrich",GDR,Men,four-oared shell with coxswain (4-),M,Silver
Munich,1972,Rowing,Rowing,"CEAPURA, Petre",ROU,Men,pair-oared shell with coxswain (2+),M,Bronze
Munich,1972,Rowing,Rowing,"LOVRENSCHI, Ladislau",ROU,Men,pair-oared shell with coxswain (2+),M,Bronze
Munich,1972,Rowing,Rowing,"TUDOR, Stefan",ROU,Men,pair-oared shell with coxswain (2+),M,Bronze
Munich,1972,Rowing,Rowing,"GUNKEL, Wolfgang",GDR,Men,pair-oared shell with coxswain (2+),M,Gold
Munich,1972,Rowing,Rowing,"LUCKE, Jörg",GDR,Men,pair-oared shell with coxswain (2+),M,Gold
Munich,1972,Rowing,Rowing,"NEUBERT, Klaus-Dieter",GDR,Men,pair-oared shell with coxswain (2+),M,Gold
Munich,1972,Rowing,Rowing,"PETRICEK, Vladimir",TCH,Men,pair-oared shell with coxswain (2+),M,Silver
Munich,1972,Rowing,Rowing,"SVOJANOVSKY, Oldrich",TCH,Men,pair-oared shell with coxswain (2+),M,Silver
Munich,1972,Rowing,Rowing,"SVOJANOVSKY, Pavel",TCH,Men,pair-oared shell with coxswain (2+),M,Silver
Munich,1972,Rowing,Rowing,"GÜLDENPFENNIG, Wolfgang",GDR,Men,single sculls (1x),M,Bronze
Munich,1972,Rowing,Rowing,"MALISHEV, Yuri",URS,Men,single sculls (1x),M,Gold
Munich,1972,Rowing,Rowing,"DEMIDDI, Alberto",ARG,Men,single sculls (1x),M,Silver
Munich,1972,Sailing,Sailing,"COHAN, Donald Smith",USA,Men,dragon,X,Bronze
Munich,1972,Sailing,Sailing,"HORTER, Charles John",USA,Men,dragon,X,Bronze
Munich,1972,Sailing,Sailing,"MARSHALL, John Knox",USA,Men,dragon,X,Bronze
Munich,1972,Sailing,Sailing,"ANDERSON, Thomas James",AUS,Men,dragon,X,Gold
Munich,1972,Sailing,Sailing,"CUNEO, John Bruce",AUS,Men,dragon,X,Gold
Munich,1972,Sailing,Sailing,"SHAW, John Cameron",AUS,Men,dragon,X,Gold
Munich,1972,Sailing,Sailing,"BOROWSKI, Paul",GDR,Men,dragon,X,Silver
Munich,1972,Sailing,Sailing,"THUN, Karl-Heinz",GDR,Men,dragon,X,Silver
Munich,1972,Sailing,Sailing,"WEICHERT, Konrad",GDR,Men,dragon,X,Silver
Munich,1972,Sailing,Sailing,"COTE, Paul",CAN,Men,fleet/match race keelboat open (Soling),X,Bronze
Munich,1972,Sailing,Sailing,"EKELS, John",CAN,Men,fleet/match race keelboat open (Soling),X,Bronze
Munich,1972,Sailing,Sailing,"MILLER, David Sidney",CAN,Men,fleet/match race keelboat open (Soling),X,Bronze
Munich,1972,Sailing,Sailing,"ALLEN, William Charles",USA,Men,fleet/match race keelboat open (Soling),X,Gold
Munich,1972,Sailing,Sailing,"BENTSEN, William Bruce",USA,Men,fleet/match race keelboat open (Soling),X,Gold
Munich,1972,Sailing,Sailing,"MELGES, Harry Clemens",USA,Men,fleet/match race keelboat open (Soling),X,Gold
Munich,1972,Sailing,Sailing,"KNAPE, Bo",SWE,Men,fleet/match race keelboat open (Soling),X,Silver
Munich,1972,Sailing,Sailing,"KROOK, Stefan",SWE,Men,fleet/match race keelboat open (Soling),X,Silver
Munich,1972,Sailing,Sailing,"WENNERSTRÖ, Stig",SWE,Men,fleet/match race keelboat open (Soling),X,Silver
Munich,1972,Sailing,Sailing,"LIBOR, Ullrich",FRG,Men,flying dutchman,X,Bronze
Munich,1972,Sailing,Sailing,"NAUMANN, Peter",FRG,Men,flying dutchman,X,Bronze
Munich,1972,Sailing,Sailing,"DAVIES, Christopher",GBR,Men,flying dutchman,X,Gold
Munich,1972,Sailing,Sailing,"PATTISSON, Rodney Stuart",GBR,Men,flying dutchman,X,Gold
Munich,1972,Sailing,Sailing,"PAJOT, Marc",FRA,Men,flying dutchman,X,Silver
Munich,1972,Sailing,Sailing,"PAJOT, Yves",FRA,Men,flying dutchman,X,Silver
Munich,1972,Sailing,Sailing,"POTAPOV, Viktor",URS,Men,single-handed dinghy (Finn),M,Bronze
Munich,1972,Sailing,Sailing,"MAURY, Serge",FRA,Men,single-handed dinghy (Finn),M,Gold
Munich,1972,Sailing,Sailing,"HADZIPAVLIS, Ilias",GRE,Men,single-handed dinghy (Finn),M,Silver
Munich,1972,Sailing,Sailing,"DEAN, Peter Sweetser",USA,Men,tempest,X,Bronze
Munich,1972,Sailing,Sailing,"FOSTER, Glenn Seward II",USA,Men,tempest,X,Bronze
Munich,1972,Sailing,Sailing,"DYRDYRA, Vitali",URS,Men,tempest,X,Gold
Munich,1972,Sailing,Sailing,"MANKIN, Valentyn",URS,Men,tempest,X,Gold
Munich,1972,Sailing,Sailing,"HUNT, David Charles Gower",GBR,Men,tempest,X,Silver
Munich,1972,Sailing,Sailing,"WARREN, Alan Kemp",GBR,Men,tempest,X,Silver
Munich,1972,Sailing,Sailing,"KUHWEIDE, Wilhelm",FRG,Men,two-person keelboat open (Star),X,Bronze
Munich,1972,Sailing,Sailing,"MEYER, Max Adolf Karsten",FRG,Men,two-person keelboat open (Star),X,Bronze
Munich,1972,Sailing,Sailing,"ANDERSON, John",AUS,Men,two-person keelboat open (Star),X,Gold
Munich,1972,Sailing,Sailing,"FORBES, David John Oliver",AUS,Men,two-person keelboat open (Star),X,Gold
Munich,1972,Sailing,Sailing,"PETTERSON, Pelle",SWE,Men,two-person keelboat open (Star),X,Silver
Munich,1972,Sailing,Sailing,"WESTERDAHL, Stellan",SWE,Men,two-person keelboat open (Star),X,Silver
Munich,1972,Shooting,Shooting,"TORSHIN, Viktor",URS,Men,25m rapid fire pistol (60 shots),X,Bronze
Munich,1972,Shooting,Shooting,"ZAPEDZKI, Jozef",POL,Men,25m rapid fire pistol (60 shots),X,Gold
Munich,1972,Shooting,Shooting,"FALTA, Ladislav",TCH,Men,25m rapid fire pistol (60 shots),X,Silver
Munich,1972,Shooting,Shooting,"PAPP, Lajos",HUN,Men,300m free rifle 3 positions (3x40 shots),X,Bronze
Munich,1972,Shooting,Shooting,"WIGGER, Lones Wesley Jr.",USA,Men,300m free rifle 3 positions (3x40 shots),X,Gold
Munich,1972,Shooting,Shooting,"MELNIK, Boris",URS,Men,300m free rifle 3 positions (3x40 shots),X,Silver
Munich,1972,Shooting,Shooting,"DOLLINGER, Rudolf",AUT,Men,50m pistol (60 shots),X,Bronze
Munich,1972,Shooting,Shooting,"SKANÄKER, Ragnar",SWE,Men,50m pistol (60 shots),X,Gold
Munich,1972,Shooting,Shooting,"IUGA, Daniel",ROU,Men,50m pistol (60 shots),X,Silver
Munich,1972,Shooting,Shooting,"LIPPOLDT, Werner",GDR,Men,50m rifle 3 positions (3x40 shots),X,Bronze
Munich,1972,Shooting,Shooting,"WRITER, John Henry",USA,Men,50m rifle 3 positions (3x40 shots),X,Gold
Munich,1972,Shooting,Shooting,"BASSHAM, Lance Robert",USA,Men,50m rifle 3 positions (3x40 shots),X,Silver
Munich,1972,Shooting,Shooting,"ROTARU, Nicolae",ROU,Men,50m rifle prone (60 shots),X,Bronze
Munich,1972,Shooting,Shooting,"LI, Ho-Jun",PRK,Men,50m rifle prone (60 shots),X,Gold
Munich,1972,Shooting,Shooting,"AUER, Victor Lee",USA,Men,50m rifle prone (60 shots),X,Silver
Munich,1972,Shooting,Shooting,"KYNOCH, John Marriott",GBR,Men,50m running target (30+30 shots),X,Bronze
Munich,1972,Shooting,Shooting,"ZHELEZNYAK, Yakov",URS,Men,50m running target (30+30 shots),X,Gold
Munich,1972,Shooting,Shooting,"BELLINGRODT, Helmut",COL,Men,50m running target (30+30 shots),X,Silver
Munich,1972,Shooting,Shooting,"BUCHHEIM, Michael",GDR,Men,skeet (125 targets),X,Bronze
Munich,1972,Shooting,Shooting,"WIRNHIER, Konrad",FRG,Men,skeet (125 targets),X,Gold
Munich,1972,Shooting,Shooting,"PETROV, Yevgeni",URS,Men,skeet (125 targets),X,Silver
Munich,1972,Shooting,Shooting,"BASAGNI, Silvano",ITA,Men,trap (125 targets),X,Bronze
Munich,1972,Shooting,Shooting,"SCALZONE, Angelo",ITA,Men,trap (125 targets),X,Gold
Munich,1972,Shooting,Shooting,"CARREGA, Michel",FRA,Men,trap (125 targets),X,Silver
Munich,1972,Volleyball,Volleyball,"BORSHCH, Viktor",URS,Men,volleyball,M,Bronze
Munich,1972,Volleyball,Volleyball,"CHULAK, Yefim",URS,Men,volleyball,M,Bronze
Munich,1972,Volleyball,Volleyball,"DOMANI, Vyacheslav",URS,Men,volleyball,M,Bronze
Munich,1972,Volleyball,Volleyball,"KONDRA, Vladimir",URS,Men,volleyball,M,Bronze
Munich,1972,Volleyball,Volleyball,"KRAVCHENKO, Valeri",URS,Men,volleyball,M,Bronze
Munich,1972,Volleyball,Volleyball,"LAPINSKY, Yevgeni",URS,Men,volleyball,M,Bronze
Munich,1972,Volleyball,Volleyball,"PATKIN, Vladimir",URS,Men,volleyball,M,Bronze
Munich,1972,Volleyball,Volleyball,"POYARKOV, Yuri",URS,Men,volleyball,M,Bronze
Munich,1972,Volleyball,Volleyball,"PUTYATOV, Vladimir",URS,Men,volleyball,M,Bronze
Munich,1972,Volleyball,Volleyball,"SAPRYKIN, Aleksandr",URS,Men,volleyball,M,Bronze
Munich,1972,Volleyball,Volleyball,"STARUNSKY, Yuri",URS,Men,volleyball,M,Bronze
Munich,1972,Volleyball,Volleyball,"ZAIKO, Leonid",URS,Men,volleyball,M,Bronze
Munich,1972,Volleyball,Volleyball,"FUKAO, Yoshihide",JPN,Men,volleyball,M,Gold
Munich,1972,Volleyball,Volleyball,"KIMURA, Kenji",JPN,Men,volleyball,M,Gold
Munich,1972,Volleyball,Volleyball,"MINAMI, Masayuki",JPN,Men,volleyball,M,Gold
Munich,1972,Volleyball,Volleyball,"MORITA, Jungo",JPN,Men,volleyball,M,Gold
Munich,1972,Volleyball,Volleyball,"NAKAMURA, Yuzo",JPN,Men,volleyball,M,Gold
Munich,1972,Volleyball,Volleyball,"NEKODA, Katsutoshi",JPN,Men,volleyball,M,Gold
Munich,1972,Volleyball,Volleyball,"NISHIMOTO, Tetsuo",JPN,Men,volleyball,M,Gold
Munich,1972,Volleyball,Volleyball,"NOGUCHI, Yasuhiro",JPN,Men,volleyball,M,Gold
Munich,1972,Volleyball,Volleyball,"OKO, Seiji",JPN,Men,volleyball,M,Gold
Munich,1972,Volleyball,Volleyball,"SATO, Tetsuo",JPN,Men,volleyball,M,Gold
Munich,1972,Volleyball,Volleyball,"SHIMAOKA, Kenji",JPN,Men,volleyball,M,Gold
Munich,1972,Volleyball,Volleyball,"YOKOTA, Tadayoshi",JPN,Men,volleyball,M,Gold
Munich,1972,Volleyball,Volleyball,"HAGEN, Horst",GDR,Men,volleyball,M,Silver
Munich,1972,Volleyball,Volleyball,"LÖWE, Wolfgang",GDR,Men,volleyball,M,Silver
Munich,1972,Volleyball,Volleyball,"MAIBOHM, Wolfgang",GDR,Men,volleyball,M,Silver
Munich,1972,Volleyball,Volleyball,"MAUNE, Jurgen",GDR,Men,volleyball,M,Silver
Munich,1972,Volleyball,Volleyball,"PETER, Horst",GDR,Men,volleyball,M,Silver
Munich,1972,Volleyball,Volleyball,"PIETZSCH, Eckehard",GDR,Men,volleyball,M,Silver
Munich,1972,Volleyball,Volleyball,"SCHNEIDER, Siegfried",GDR,Men,volleyball,M,Silver
Munich,1972,Volleyball,Volleyball,"SCHULZ, Arnold",GDR,Men,volleyball,M,Silver
Munich,1972,Volleyball,Volleyball,"SCHUMANN, Rudi",GDR,Men,volleyball,M,Silver
Munich,1972,Volleyball,Volleyball,"TSCHARKE, Rainer",GDR,Men,volleyball,M,Silver
Munich,1972,Volleyball,Volleyball,"WEBNER, Wolfgang",GDR,Men,volleyball,M,Silver
Munich,1972,Volleyball,Volleyball,"WEISE, Wolfgang",GDR,Men,volleyball,M,Silver
Munich,1972,Volleyball,Volleyball,"CHANG, Ok Rim",PRK,Women,volleyball,W,Bronze
Munich,1972,Volleyball,Volleyball,"CHONG, Ok Jin",PRK,Women,volleyball,W,Bronze
Munich,1972,Volleyball,Volleyball,"HWANG, Hye Suk",PRK,Women,volleyball,W,Bronze
Munich,1972,Volleyball,Volleyball,"KANG, Ok Sun",PRK,Women,volleyball,W,Bronze
Munich,1972,Volleyball,Volleyball,"KIM, Jung Bok",PRK,Women,volleyball,W,Bronze
Munich,1972,Volleyball,Volleyball,"KIM, Myong Suk",PRK,Women,volleyball,W,Bronze
Munich,1972,Volleyball,Volleyball,"KIM, Su Dae",PRK,Women,volleyball,W,Bronze
Munich,1972,Volleyball,Volleyball,"KIM, Un Ja",PRK,Women,volleyball,W,Bronze
Munich,1972,Volleyball,Volleyball,"PAEK, Myong Suk",PRK,Women,volleyball,W,Bronze
Munich,1972,Volleyball,Volleyball,"RI, Chun Ok",PRK,Women,volleyball,W,Bronze
Munich,1972,Volleyball,Volleyball,"RYOM, Chun Ja",PRK,Women,volleyball,W,Bronze
Munich,1972,Volleyball,Volleyball,"BOROZNA, Lyudmila",URS,Women,volleyball,W,Gold
Munich,1972,Volleyball,Volleyball,"BULDAKOVA, Lyudmila",URS,Women,volleyball,W,Gold
Munich,1972,Volleyball,Volleyball,"GALUSHKA-DUYUNOVA, Vera",URS,Women,volleyball,W,Gold
Munich,1972,Volleyball,Volleyball,"GONOBOBLEVA, Tatyana",URS,Women,volleyball,W,Gold
Munich,1972,Volleyball,Volleyball,"KUDREVA, Natalya",URS,Women,volleyball,W,Gold
Munich,1972,Volleyball,Volleyball,"LEONTYEVA, Galina",URS,Women,volleyball,W,Gold
Munich,1972,Volleyball,Volleyball,"PONYAEVA-TRETYAKOVA, Tatyana",URS,Women,volleyball,W,Gold
Munich,1972,Volleyball,Volleyball,"RYSKAL, Inna",URS,Women,volleyball,W,Gold
Munich,1972,Volleyball,Volleyball,"SALIKHOVA, Roza",URS,Women,volleyball,W,Gold
Munich,1972,Volleyball,Volleyball,"SARYCHEVA, Tatyana",URS,Women,volleyball,W,Gold
Munich,1972,Volleyball,Volleyball,"SMOLEEVA, Nina",URS,Women,volleyball,W,Gold
Munich,1972,Volleyball,Volleyball,"TURINA, Lyubov",URS,Women,volleyball,W,Gold
Munich,1972,Volleyball,Volleyball,"FURUKAWA, Makiko",JPN,Women,volleyball,W,Silver
Munich,1972,Volleyball,Volleyball,"HAMA, Keiko",JPN,Women,volleyball,W,Silver
Munich,1972,Volleyball,Volleyball,"IIDA, Takako",JPN,Women,volleyball,W,Silver
Munich,1972,Volleyball,Volleyball,"IWAHARA, Toyoko",JPN,Women,volleyball,W,Silver
Munich,1972,Volleyball,Volleyball,"MATSUMURA, Katsumi",JPN,Women,volleyball,W,Silver
Munich,1972,Volleyball,Volleyball,"OINUMA, Sumie",JPN,Women,volleyball,W,Silver
Munich,1972,Volleyball,Volleyball,"OKAMOTO, Mariko",JPN,Women,volleyball,W,Silver
Munich,1972,Volleyball,Volleyball,"SHIMAKAGE, Seiko",JPN,Women,volleyball,W,Silver
Munich,1972,Volleyball,Volleyball,"SHIOKAWA, Michiko",JPN,Women,volleyball,W,Silver
Munich,1972,Volleyball,Volleyball,"SHIRAI, Takako",JPN,Women,volleyball,W,Silver
Munich,1972,Volleyball,Volleyball,"YAMASHITA, Noriko",JPN,Women,volleyball,W,Silver
Munich,1972,Volleyball,Volleyball,"YAMAZAKI, Yaeko",JPN,Women,volleyball,W,Silver
Munich,1972,Weightlifting,Weightlifting,"HOLCZREITER, Sandor",HUN,Men,"- 52kg, total (flyweight)",M,Bronze
Munich,1972,Weightlifting,Weightlifting,"SMALCERZ, Zygmunt",POL,Men,"- 52kg, total (flyweight)",M,Gold
Munich,1972,Weightlifting,Weightlifting,"SZÜCS, Lajos",HUN,Men,"- 52kg, total (flyweight)",M,Silver
Munich,1972,Weightlifting,Weightlifting,"BONK, Gerd",GDR,Men,"+ 110kg, total (super heavyweight)",M,Bronze
Munich,1972,Weightlifting,Weightlifting,"ALEKSEYEV, Vasily",URS,Men,"+ 110kg, total (super heavyweight)",M,Gold
Munich,1972,Weightlifting,Weightlifting,"MANG, Rudolf",FRG,Men,"+ 110kg, total (super heavyweight)",M,Silver
Munich,1972,Weightlifting,Weightlifting,"CHETIN, Gennadi",URS,Men,"52 - 56kg, total (bantamweight)",M,Bronze
Munich,1972,Weightlifting,Weightlifting,"FÖLDI, Imre",HUN,Men,"52 - 56kg, total (bantamweight)",M,Gold
Munich,1972,Weightlifting,Weightlifting,"NASSIRI-SERESHT, Mohammad",IRI,Men,"52 - 56kg, total (bantamweight)",M,Silver
Munich,1972,Weightlifting,Weightlifting,"BENEDEK, Janos",HUN,Men,"56 - 60kg, total (featherweight)",M,Bronze
Munich,1972,Weightlifting,Weightlifting,"NURIKIAN, Norair",BUL,Men,"56 - 60kg, total (featherweight)",M,Gold
Munich,1972,Weightlifting,Weightlifting,"SHANIDZE, Dito",URS,Men,"56 - 60kg, total (featherweight)",M,Silver
Munich,1972,Weightlifting,Weightlifting,"KACZMAREK, Zbigniew",POL,Men,"60 - 67.5kg, total (lightweight)",M,Bronze
Munich,1972,Weightlifting,Weightlifting,"KIRZHINOV, Mukharbi",URS,Men,"60 - 67.5kg, total (lightweight)",M,Gold
Munich,1972,Weightlifting,Weightlifting,"KUTCHEV, Mladen",BUL,Men,"60 - 67.5kg, total (lightweight)",M,Silver
Munich,1972,Weightlifting,Weightlifting,"SILVINO, Anselmo",ITA,Men,"67.5 - 75kg, total (middleweight)",M,Bronze
Munich,1972,Weightlifting,Weightlifting,"BIKOV, Yordan",BUL,Men,"67.5 - 75kg, total (middleweight)",M,Gold
Munich,1972,Weightlifting,Weightlifting,"TARABULSI, Kheir Mohamed",LIB,Men,"67.5 - 75kg, total (middleweight)",M,Silver
Munich,1972,Weightlifting,Weightlifting,"HORVATH, György",HUN,Men,"75 - 82.5kg, total (light-heavyweight)",M,Bronze
Munich,1972,Weightlifting,Weightlifting,"JENSSEN, Leif Goran",NOR,Men,"75 - 82.5kg, total (light-heavyweight)",M,Gold
Munich,1972,Weightlifting,Weightlifting,"OZIMEK, Norbert",POL,Men,"75 - 82.5kg, total (light-heavyweight)",M,Silver
Munich,1972,Weightlifting,Weightlifting,"BETTEMBOURG, Hans",SWE,Men,"82.5 - 90kg, total (middle-heavyweight)",M,Bronze
Munich,1972,Weightlifting,Weightlifting,"NIKOLOV, Andon",BUL,Men,"82.5 - 90kg, total (middle-heavyweight)",M,Gold
Munich,1972,Weightlifting,Weightlifting,"SHOPOV, Atanas",BUL,Men,"82.5 - 90kg, total (middle-heavyweight)",M,Silver
Munich,1972,Weightlifting,Weightlifting,"GRÜTZNER, Stefan",GDR,Men,"91 - 110kg, total (heavyweight)",M,Bronze
Munich,1972,Weightlifting,Weightlifting,"TALTS, Yan",URS,Men,"91 - 110kg, total (heavyweight)",M,Gold
Munich,1972,Weightlifting,Weightlifting,"KRAITCHEV, Aleksandar",BUL,Men,"91 - 110kg, total (heavyweight)",M,Silver
Munich,1972,Wrestling,Wrestling Free.,"JAVADIPOUR, Ebrahim",IRI,Men,- 48kg (light-flyweight),M,Bronze
Munich,1972,Wrestling,Wrestling Free.,"DMITRIEV, Roman",URS,Men,- 48kg (light-flyweight),M,Gold
Munich,1972,Wrestling,Wrestling Free.,"NIKOLOV, Ognian",BUL,Men,- 48kg (light-flyweight),M,Silver
Munich,1972,Wrestling,Wrestling Free.,"TAYLOR, Christopher J.",USA,Men,+ 100kg (super heavyweight),M,Bronze
Munich,1972,Wrestling,Wrestling Free.,"MEDVED, Aleksandr",URS,Men,+ 100kg (super heavyweight),M,Gold
Munich,1972,Wrestling,Wrestling Free.,"DURALIEV, Osman",BUL,Men,+ 100kg (super heavyweight),M,Silver
Munich,1972,Wrestling,Wrestling Free.,"KIM, Gwong Hyong",PRK,Men,48 - 52kg (flyweight),M,Bronze
Munich,1972,Wrestling,Wrestling Free.,"KATO, Kiyomi",JPN,Men,48 - 52kg (flyweight),M,Gold
Munich,1972,Wrestling,Wrestling Free.,"ALAKHVERDIEV, Arsen",URS,Men,48 - 52kg (flyweight),M,Silver
Munich,1972,Wrestling,Wrestling Free.,"KLINGA, Laszlo",HUN,Men,52 - 57kg (bantamweight),M,Bronze
Munich,1972,Wrestling,Wrestling Free.,"YANAGIDA, Hideaki",JPN,Men,52 - 57kg (bantamweight),M,Gold
Munich,1972,Wrestling,Wrestling Free.,"SANDERS, Richard Joseph",USA,Men,52 - 57kg (bantamweight),M,Silver
Munich,1972,Wrestling,Wrestling Free.,"KRASTEV, Ivan",BUL,Men,57 - 62kg (featherweight),M,Bronze
Munich,1972,Wrestling,Wrestling Free.,"ABDULBEKOV, Zagalav",URS,Men,57 - 62kg (featherweight),M,Gold
Munich,1972,Wrestling,Wrestling Free.,"AKDAG, Vehbi",TUR,Men,57 - 62kg (featherweight),M,Silver
Munich,1972,Wrestling,Wrestling Free.,"ASHURALIEV, Ruslan",URS,Men,62 - 68kg (lightweight),M,Bronze
Munich,1972,Wrestling,Wrestling Free.,"GABLE, Daniel Mack",USA,Men,62 - 68kg (lightweight),M,Gold
Munich,1972,Wrestling,Wrestling Free.,"WADA, Kikuo",JPN,Men,62 - 68kg (lightweight),M,Silver
Munich,1972,Wrestling,Wrestling Free.,"SEGER, Adolf",FRG,Men,68 - 74kg (welterweight),M,Bronze
Munich,1972,Wrestling,Wrestling Free.,"WELLS, Wayne Turner",USA,Men,68 - 74kg (welterweight),M,Gold
Munich,1972,Wrestling,Wrestling Free.,"KARLSSON, Jan",SWE,Men,68 - 74kg (welterweight),M,Silver
Munich,1972,Wrestling,Wrestling Free.,"IORGA, Vasile",ROU,Men,74 - 82kg (middleweight),M,Bronze
Munich,1972,Wrestling,Wrestling Free.,"TEDIASHVILI, Levan",URS,Men,74 - 82kg (middleweight),M,Gold
Munich,1972,Wrestling,Wrestling Free.,"PETERSON, John Allan",USA,Men,74 - 82kg (middleweight),M,Silver
Munich,1972,Wrestling,Wrestling Free.,"BAJKO, Karoly",HUN,Men,82 - 90kg (light-heavyweight),M,Bronze
Munich,1972,Wrestling,Wrestling Free.,"PETERSON, Benjamin Lee",USA,Men,82 - 90kg (light-heavyweight),M,Gold
Munich,1972,Wrestling,Wrestling Free.,"STRAKHOV, Gennadi",URS,Men,82 - 90kg (light-heavyweight),M,Silver
Munich,1972,Wrestling,Wrestling Free.,"CSATARI, Jozsef",HUN,Men,90 - 100kg (heavyweight),M,Bronze
Munich,1972,Wrestling,Wrestling Free.,"YARYGIN, Ivan",URS,Men,90 - 100kg (heavyweight),M,Gold
Munich,1972,Wrestling,Wrestling Free.,"BAYANMUNK, Khorloo",MGL,Men,90 - 100kg (heavyweight),M,Silver
Munich,1972,Wrestling,Wrestling Gre-R,"ANGELOV, Stefan",BUL,Men,- 48kg (light-flyweight),M,Bronze
Munich,1972,Wrestling,Wrestling Gre-R,"BERCEANU, Gheorghe",ROU,Men,- 48kg (light-flyweight),M,Gold
Munich,1972,Wrestling,Wrestling Gre-R,"ALIABADI, Rahim",IRI,Men,- 48kg (light-flyweight),M,Silver
Munich,1972,Wrestling,Wrestling Gre-R,"DOLIPSCHI, Victor",ROU,Men,+ 100kg (super heavyweight),M,Bronze
Munich,1972,Wrestling,Wrestling Gre-R,"ROSHCHIN, Anatoli",URS,Men,+ 100kg (super heavyweight),M,Gold
Munich,1972,Wrestling,Wrestling Gre-R,"TOMOV, Aleksandr",BUL,Men,+ 100kg (super heavyweight),M,Silver
Munich,1972,Wrestling,Wrestling Gre-R,"BOGNANNI, Giuseppe",ITA,Men,48 - 52kg (flyweight),M,Bronze
Munich,1972,Wrestling,Wrestling Gre-R,"KIROV, Petar",BUL,Men,48 - 52kg (flyweight),M,Gold
Munich,1972,Wrestling,Wrestling Gre-R,"HIRAYAMA, Koichiro",JPN,Men,48 - 52kg (flyweight),M,Silver
Munich,1972,Wrestling,Wrestling Gre-R,"BJÖRLIN, Risto",FIN,Men,52 - 57kg (bantamweight),M,Bronze
Munich,1972,Wrestling,Wrestling Gre-R,"KAZAKOV, Rustem",URS,Men,52 - 57kg (bantamweight),M,Gold
Munich,1972,Wrestling,Wrestling Gre-R,"VEIL, Hans-Jürgen",FRG,Men,52 - 57kg (bantamweight),M,Silver
Munich,1972,Wrestling,Wrestling Gre-R,"LIPIEN, Kazimierz",POL,Men,57 - 62kg (featherweight),M,Bronze
Munich,1972,Wrestling,Wrestling Gre-R,"MARKOV, Georghi",BUL,Men,57 - 62kg (featherweight),M,Gold
Munich,1972,Wrestling,Wrestling Gre-R,"WEHLING, Heinz-Helmut",GDR,Men,57 - 62kg (featherweight),M,Silver
Munich,1972,Wrestling,Wrestling Gre-R,"RANZI, Gian Matteo",ITA,Men,62 - 68kg (lightweight),M,Bronze
Munich,1972,Wrestling,Wrestling Gre-R,"KHISAMUTDINOV, Shamil",URS,Men,62 - 68kg (lightweight),M,Gold
Munich,1972,Wrestling,Wrestling Gre-R,"APOSTOLOV, Stoyan",BUL,Men,62 - 68kg (lightweight),M,Silver
Munich,1972,Wrestling,Wrestling Gre-R,"KARLSSON, Jan",SWE,Men,68 - 74kg (welterweight),M,Bronze
Munich,1972,Wrestling,Wrestling Gre-R,"MACHA, Vitezslav",TCH,Men,68 - 74kg (welterweight),M,Gold
Munich,1972,Wrestling,Wrestling Gre-R,"GALAKTOPOULOS, Petros",GRE,Men,68 - 74kg (welterweight),M,Silver
Munich,1972,Wrestling,Wrestling Gre-R,"NENADIC, Milovan",YUG,Men,74 - 82kg (middleweight),M,Bronze
Munich,1972,Wrestling,Wrestling Gre-R,"HEGEDÜS, Csaba",HUN,Men,74 - 82kg (middleweight),M,Gold
Munich,1972,Wrestling,Wrestling Gre-R,"NAZARENKO, Anatoli",URS,Men,74 - 82kg (middleweight),M,Silver
Munich,1972,Wrestling,Wrestling Gre-R,"KWIECINSKI, Czeslaw",POL,Men,82 - 90kg (light-heavyweight),M,Bronze
Munich,1972,Wrestling,Wrestling Gre-R,"REZANTSEV, Valeri",URS,Men,82 - 90kg (light-heavyweight),M,Gold
Munich,1972,Wrestling,Wrestling Gre-R,"CORAK, Josip",YUG,Men,82 - 90kg (light-heavyweight),M,Silver
Munich,1972,Wrestling,Wrestling Gre-R,"KISS, Ferenc",HUN,Men,90 - 100kg (heavyweight),M,Bronze
Munich,1972,Wrestling,Wrestling Gre-R,"MARTINESCU, Nicolae",ROU,Men,90 - 100kg (heavyweight),M,Gold
Munich,1972,Wrestling,Wrestling Gre-R,"YAKOVENKO, Nikolai",URS,Men,90 - 100kg (heavyweight),M,Silver
Montreal,1976,Aquatics,Diving,"ALEINIK, Vladimir",URS,Men,10m platform,M,Bronze
Montreal,1976,Aquatics,Diving,"DIBIASI, Klaus",ITA,Men,10m platform,M,Gold
Montreal,1976,Aquatics,Diving,"LOUGANIS, Gregory",USA,Men,10m platform,M,Silver
Montreal,1976,Aquatics,Diving,"WILSON, Deborah Keplar",USA,Women,10m platform,W,Bronze
Montreal,1976,Aquatics,Diving,"VAYTSEKHOVSKAYA, Elena",URS,Women,10m platform,W,Gold
Montreal,1976,Aquatics,Diving,"KNAPE-LINDBERGH, Ulrika",SWE,Women,10m platform,W,Silver
Montreal,1976,Aquatics,Diving,"KOSENKOV, Aleksandr",URS,Men,3m springboard,M,Bronze
Montreal,1976,Aquatics,Diving,"BOGGS, Philip George",USA,Men,3m springboard,M,Gold
Montreal,1976,Aquatics,Diving,"CAGNOTTO, Giorgio Franco",ITA,Men,3m springboard,M,Silver
Montreal,1976,Aquatics,Diving,"POTTER-MCINGVALE, Cynthia",USA,Women,3m springboard,W,Bronze
Montreal,1976,Aquatics,Diving,"CHANDLER, Jennifer Kay",USA,Women,3m springboard,W,Gold
Montreal,1976,Aquatics,Diving,"KÖHLER, Christa",GDR,Women,3m springboard,W,Silver
Montreal,1976,Aquatics,Swimming,"MATTHES, Roland",GDR,Men,100m backstroke,M,Bronze
Montreal,1976,Aquatics,Swimming,"NABER, John Phillips",USA,Men,100m backstroke,M,Gold
Montreal,1976,Aquatics,Swimming,"ROCCA, Peter Drake",USA,Men,100m backstroke,M,Silver
Montreal,1976,Aquatics,Swimming,"GARAPICK, Nancy Ellen",CAN,Women,100m backstroke,W,Bronze
Montreal,1976,Aquatics,Swimming,"RICHTER, Ulrike",GDR,Women,100m backstroke,W,Gold
Montreal,1976,Aquatics,Swimming,"TREIBER, Birgit",GDR,Women,100m backstroke,W,Silver
Montreal,1976,Aquatics,Swimming,"YOZAITIS, Arvidas",URS,Men,100m breaststroke,M,Bronze
Montreal,1976,Aquatics,Swimming,"HENCKEN, John Frederick",USA,Men,100m breaststroke,M,Gold
Montreal,1976,Aquatics,Swimming,"WILKIE, David Andrew",GBR,Men,100m breaststroke,M,Silver
Montreal,1976,Aquatics,Swimming,"KOSHEVAYA, Marina",URS,Women,100m breaststroke,W,Bronze
Montreal,1976,Aquatics,Swimming,"ANKE, Hannelore",GDR,Women,100m breaststroke,W,Gold
Montreal,1976,Aquatics,Swimming,"RUSANOVA, Lyubov",URS,Women,100m breaststroke,W,Silver
Montreal,1976,Aquatics,Swimming,"HALL, Gary Wayne",USA,Men,100m butterfly,M,Bronze
Montreal,1976,Aquatics,Swimming,"VOGEL, Matthew Haynes",USA,Men,100m butterfly,M,Gold
Montreal,1976,Aquatics,Swimming,"BOTTOM, Joseph Stuart",USA,Men,100m butterfly,M,Silver
Montreal,1976,Aquatics,Swimming,"BOGLIOLI, Wendy Lansbach",USA,Women,100m butterfly,W,Bronze
Montreal,1976,Aquatics,Swimming,"ENDER, Kornelia",GDR,Women,100m butterfly,W,Gold
Montreal,1976,Aquatics,Swimming,"POLLACK, Andrea",GDR,Women,100m butterfly,W,Silver
Montreal,1976,Aquatics,Swimming,"NOCKE, Peter",FRG,Men,100m freestyle,M,Bronze
Montreal,1976,Aquatics,Swimming,"MONTGOMERY, James Paul",USA,Men,100m freestyle,M,Gold
Montreal,1976,Aquatics,Swimming,"BABASHOFF, Jack, Jr.",USA,Men,100m freestyle,M,Silver
Montreal,1976,Aquatics,Swimming,"BRIGITHA, Enith",NED,Women,100m freestyle,W,Bronze
Montreal,1976,Aquatics,Swimming,"ENDER, Kornelia",GDR,Women,100m freestyle,W,Gold
Montreal,1976,Aquatics,Swimming,"PRIEMER, Petra",GDR,Women,100m freestyle,W,Silver
Montreal,1976,Aquatics,Swimming,"HOLLAND, Stephen",AUS,Men,1500m freestyle,M,Bronze
Montreal,1976,Aquatics,Swimming,"GOODELL, Brian Stuart",USA,Men,1500m freestyle,M,Gold
Montreal,1976,Aquatics,Swimming,"HACKETT, Robert William",USA,Men,1500m freestyle,M,Silver
Montreal,1976,Aquatics,Swimming,"HARRIGAN, Daniel Lee",USA,Men,200m backstroke,M,Bronze
Montreal,1976,Aquatics,Swimming,"NABER, John Phillips",USA,Men,200m backstroke,M,Gold
Montreal,1976,Aquatics,Swimming,"ROCCA, Peter Drake",USA,Men,200m backstroke,M,Silver
Montreal,1976,Aquatics,Swimming,"GARAPICK, Nancy Ellen",CAN,Women,200m backstroke,W,Bronze
Montreal,1976,Aquatics,Swimming,"RICHTER, Ulrike",GDR,Women,200m backstroke,W,Gold
Montreal,1976,Aquatics,Swimming,"TREIBER, Birgit",GDR,Women,200m backstroke,W,Silver
Montreal,1976,Aquatics,Swimming,"COLELLA, Richard Phillip Jr.",USA,Men,200m breaststroke,M,Bronze
Montreal,1976,Aquatics,Swimming,"WILKIE, David Andrew",GBR,Men,200m breaststroke,M,Gold
Montreal,1976,Aquatics,Swimming,"HENCKEN, John Frederick",USA,Men,200m breaststroke,M,Silver
Montreal,1976,Aquatics,Swimming,"RUSANOVA, Lyubov",URS,Women,200m breaststroke,W,Bronze
Montreal,1976,Aquatics,Swimming,"KOSHEVAYA, Marina",URS,Women,200m breaststroke,W,Gold
Montreal,1976,Aquatics,Swimming,"YURCHENYA, Marina",URS,Women,200m breaststroke,W,Silver
Montreal,1976,Aquatics,Swimming,"FORRESTER, William Ronald, Jr.",USA,Men,200m butterfly,M,Bronze
Montreal,1976,Aquatics,Swimming,"BRUNER, Michael Lee",USA,Men,200m butterfly,M,Gold
Montreal,1976,Aquatics,Swimming,"GREGG, Steven Garrett",USA,Men,200m butterfly,M,Silver
Montreal,1976,Aquatics,Swimming,"KOTHER-GABRIEL, Rosemarie",GDR,Women,200m butterfly,W,Bronze
Montreal,1976,Aquatics,Swimming,"POLLACK, Andrea",GDR,Women,200m butterfly,W,Gold
Montreal,1976,Aquatics,Swimming,"TAUBER, Ulrike",GDR,Women,200m butterfly,W,Silver
Montreal,1976,Aquatics,Swimming,"MONTGOMERY, James Paul",USA,Men,200m freestyle,M,Bronze
Montreal,1976,Aquatics,Swimming,"FURNISS, Bruce Macfarlane",USA,Men,200m freestyle,M,Gold
Montreal,1976,Aquatics,Swimming,"NABER, John Phillips",USA,Men,200m freestyle,M,Silver
Montreal,1976,Aquatics,Swimming,"BRIGITHA, Enith",NED,Women,200m freestyle,W,Bronze
Montreal,1976,Aquatics,Swimming,"ENDER, Kornelia",GDR,Women,200m freestyle,W,Gold
Montreal,1976,Aquatics,Swimming,"BABASHOFF, Shirley Farber",USA,Women,200m freestyle,W,Silver
Montreal,1976,Aquatics,Swimming,"RASKATOV, Vladimir",URS,Men,400m freestyle,M,Bronze
Montreal,1976,Aquatics,Swimming,"GOODELL, Brian Stuart",USA,Men,400m freestyle,M,Gold
Montreal,1976,Aquatics,Swimming,"SHAW, Timothy Andrew",USA,Men,400m freestyle,M,Silver
Montreal,1976,Aquatics,Swimming,"SMITH, Shannon",CAN,Women,400m freestyle,W,Bronze
Montreal,1976,Aquatics,Swimming,"THÜMER, Petra",GDR,Women,400m freestyle,W,Gold
Montreal,1976,Aquatics,Swimming,"BABASHOFF, Shirley Farber",USA,Women,400m freestyle,W,Silver
Montreal,1976,Aquatics,Swimming,"SMIRNOV, Andrei",URS,Men,400m individual medley,M,Bronze
Montreal,1976,Aquatics,Swimming,"STRACHAN, Rodney",USA,Men,400m individual medley,M,Gold
Montreal,1976,Aquatics,Swimming,"MCKEE, Alexander Timothy",USA,Men,400m individual medley,M,Silver
Montreal,1976,Aquatics,Swimming,"SMITH, Rebecca",CAN,Women,400m individual medley,W,Bronze
Montreal,1976,Aquatics,Swimming,"TAUBER, Ulrike",GDR,Women,400m individual medley,W,Gold
Montreal,1976,Aquatics,Swimming,"GIBSON, Cheryl",CAN,Women,400m individual medley,W,Silver
Montreal,1976,Aquatics,Swimming,"AMUNDRUD, Gail",CAN,Women,4x100m freestyle relay,W,Bronze
Montreal,1976,Aquatics,Swimming,"CLARK, Barbara Lynny",CAN,Women,4x100m freestyle relay,W,Bronze
Montreal,1976,Aquatics,Swimming,"JARDIN, Anne Elizabeth",CAN,Women,4x100m freestyle relay,W,Bronze
Montreal,1976,Aquatics,Swimming,"SMITH, Rebecca",CAN,Women,4x100m freestyle relay,W,Bronze
Montreal,1976,Aquatics,Swimming,"BABASHOFF, Shirley Farber",USA,Women,4x100m freestyle relay,W,Gold
Montreal,1976,Aquatics,Swimming,"BOGLIOLI, Wendy Lansbach",USA,Women,4x100m freestyle relay,W,Gold
Montreal,1976,Aquatics,Swimming,"PEYTON, Kim Marie",USA,Women,4x100m freestyle relay,W,Gold
Montreal,1976,Aquatics,Swimming,"STERKEL, Gillian Ann",USA,Women,4x100m freestyle relay,W,Gold
Montreal,1976,Aquatics,Swimming,"ENDER, Kornelia",GDR,Women,4x100m freestyle relay,W,Silver
Montreal,1976,Aquatics,Swimming,"HEMPEL, Claudia",GDR,Women,4x100m freestyle relay,W,Silver
Montreal,1976,Aquatics,Swimming,"POLLACK, Andrea",GDR,Women,4x100m freestyle relay,W,Silver
Montreal,1976,Aquatics,Swimming,"PRIEMER, Petra",GDR,Women,4x100m freestyle relay,W,Silver
Montreal,1976,Aquatics,Swimming,"KRAUS, Michael",FRG,Men,4x100m medley relay,M,Bronze
Montreal,1976,Aquatics,Swimming,"KUSCH, Walter",FRG,Men,4x100m medley relay,M,Bronze
Montreal,1976,Aquatics,Swimming,"NOCKE, Peter",FRG,Men,4x100m medley relay,M,Bronze
Montreal,1976,Aquatics,Swimming,"STEINBACH, Klaus",FRG,Men,4x100m medley relay,M,Bronze
Montreal,1976,Aquatics,Swimming,"HENCKEN, John Frederick",USA,Men,4x100m medley relay,M,Gold
Montreal,1976,Aquatics,Swimming,"MONTGOMERY, James Paul",USA,Men,4x100m medley relay,M,Gold
Montreal,1976,Aquatics,Swimming,"NABER, John Phillips",USA,Men,4x100m medley relay,M,Gold
Montreal,1976,Aquatics,Swimming,"VOGEL, Matthew Haynes",USA,Men,4x100m medley relay,M,Gold
Montreal,1976,Aquatics,Swimming,"EVANS, Clayton",CAN,Men,4x100m medley relay,M,Silver
Montreal,1976,Aquatics,Swimming,"MAC DONALD, Gary",CAN,Men,4x100m medley relay,M,Silver
Montreal,1976,Aquatics,Swimming,"PICKELL, Stephen",CAN,Men,4x100m medley relay,M,Silver
Montreal,1976,Aquatics,Swimming,"SMITH, Graham",CAN,Men,4x100m medley relay,M,Silver
Montreal,1976,Aquatics,Swimming,"COOK-HOGG, Wendy",CAN,Women,4x100m medley relay,W,Bronze
