Los Angeles,1984,Basketball,Basketball,"CURRY, Denise Marie",USA,Women,basketball,W,Gold
Los Angeles,1984,Basketball,Basketball,"DONOVAN, Anne Theresa",USA,Women,basketball,W,Gold
Los Angeles,1984,Basketball,Basketball,"EDWARDS, Teresa",USA,Women,basketball,W,Gold
Los Angeles,1984,Basketball,Basketball,"HENRY, Ludi ""Lea""",USA,Women,basketball,W,Gold
Los Angeles,1984,Basketball,Basketball,"LAWRENCE, Janice Faye",USA,Women,basketball,W,Gold
Los Angeles,1984,Basketball,Basketball,"MCGEE, Pamela Denise",USA,Women,basketball,W,Gold
Los Angeles,1984,Basketball,Basketball,"MENKEN-SCHAUDT, Carol Jean",USA,Women,basketball,W,Gold
Los Angeles,1984,Basketball,Basketball,"MILLER, Cheryl Deann",USA,Women,basketball,W,Gold
Los Angeles,1984,Basketball,Basketball,"MULKEY, Kimberly Duane",USA,Women,basketball,W,Gold
Los Angeles,1984,Basketball,Basketball,"NOBLE, Cindy Jo.",USA,Women,basketball,W,Gold
Los Angeles,1984,Basketball,Basketball,"WOODARD, Lynette",USA,Women,basketball,W,Gold
Los Angeles,1984,Basketball,Basketball,"CHOI, Aei-Young",KOR,Women,basketball,W,Silver
Los Angeles,1984,Basketball,Basketball,"CHOI, Kyung-Hee",KOR,Women,basketball,W,Silver
Los Angeles,1984,Basketball,Basketball,"JEONG, Myung-Hee",KOR,Women,basketball,W,Silver
Los Angeles,1984,Basketball,Basketball,"KIM, Eun-Sook",KOR,Women,basketball,W,Silver
Los Angeles,1984,Basketball,Basketball,"KIM, Hwa-Soon",KOR,Women,basketball,W,Silver
Los Angeles,1984,Basketball,Basketball,"KIM, Young-Hee",KOR,Women,basketball,W,Silver
Los Angeles,1984,Basketball,Basketball,"LEE, Hyung-Sook",KOR,Women,basketball,W,Silver
Los Angeles,1984,Basketball,Basketball,"LEE, Mi-Ja",KOR,Women,basketball,W,Silver
Los Angeles,1984,Basketball,Basketball,"MOON, Kyung-Ja",KOR,Women,basketball,W,Silver
Los Angeles,1984,Basketball,Basketball,"PARK, Chan-Sook",KOR,Women,basketball,W,Silver
Los Angeles,1984,Basketball,Basketball,"PARK, Yang-Gae",KOR,Women,basketball,W,Silver
Los Angeles,1984,Basketball,Basketball,"SUNG, Jung-A",KOR,Women,basketball,W,Silver
Los Angeles,1984,Boxing,Boxing,"BOLIVAR, Jose Marcelino",VEN,Men,- 48kg (light-flyweight),M,Bronze
Los Angeles,1984,Boxing,Boxing,"MWILA, Keith",ZAM,Men,- 48kg (light-flyweight),M,Bronze
Los Angeles,1984,Boxing,Boxing,"GONZALEZ, Paul Garza Jr.",USA,Men,- 48kg (light-flyweight),M,Gold
Los Angeles,1984,Boxing,Boxing,"TODISCO, Salvatore",ITA,Men,- 48kg (light-flyweight),M,Silver
Los Angeles,1984,Boxing,Boxing,"SALIHU, Azis",YUG,Men,+ 91kg (super heavyweight),M,Bronze
Los Angeles,1984,Boxing,Boxing,"WELLS, Robert",GBR,Men,+ 91kg (super heavyweight),M,Bronze
Los Angeles,1984,Boxing,Boxing,"BIGGS, Tyrell",USA,Men,+ 91kg (super heavyweight),M,Gold
Los Angeles,1984,Boxing,Boxing,"DAMIANI, Francesco",ITA,Men,+ 91kg (super heavyweight),M,Silver
Los Angeles,1984,Boxing,Boxing,"BILALI, Ibrahim",KEN,Men,48 - 51kg (flyweight),M,Bronze
Los Angeles,1984,Boxing,Boxing,"CAN, Eyup",TUR,Men,48 - 51kg (flyweight),M,Bronze
Los Angeles,1984,Boxing,Boxing,"MCCRORY, Steven D.",USA,Men,48 - 51kg (flyweight),M,Gold
Los Angeles,1984,Boxing,Boxing,"REDZEPOVSKI, Redzep",YUG,Men,48 - 51kg (flyweight),M,Silver
Los Angeles,1984,Boxing,Boxing,"NOLASCO, Pedres",DOM,Men,51 - 54kg (bantamweight),M,Bronze
Los Angeles,1984,Boxing,Boxing,"WALTERS, Dale",CAN,Men,51 - 54kg (bantamweight),M,Bronze
Los Angeles,1984,Boxing,Boxing,"STECCA, Maurizio",ITA,Men,51 - 54kg (bantamweight),M,Gold
Los Angeles,1984,Boxing,Boxing,"LOPEZ, Hector",MEX,Men,51 - 54kg (bantamweight),M,Silver
Los Angeles,1984,Boxing,Boxing,"AYKAC, Turgut",TUR,Men,54 - 57kg (featherweight),M,Bronze
Los Angeles,1984,Boxing,Boxing,"CATARI PERAZA, Omar",VEN,Men,54 - 57kg (featherweight),M,Bronze
Los Angeles,1984,Boxing,Boxing,"TAYLOR, Meldrick",USA,Men,54 - 57kg (featherweight),M,Gold
Los Angeles,1984,Boxing,Boxing,"KONYEGWACHIE, Peter",NGR,Men,54 - 57kg (featherweight),M,Silver
Los Angeles,1984,Boxing,Boxing,"CHUN, Chil-Sung",KOR,Men,57 - 60kg (lightweight),M,Bronze
Los Angeles,1984,Boxing,Boxing,"NDONGO-EBANGA, Martin",CMR,Men,57 - 60kg (lightweight),M,Bronze
Los Angeles,1984,Boxing,Boxing,"WHITAKER, Pernell",USA,Men,57 - 60kg (lightweight),M,Gold
Los Angeles,1984,Boxing,Boxing,"ORTIZ, Luis F.",PUR,Men,57 - 60kg (lightweight),M,Silver
Los Angeles,1984,Boxing,Boxing,"FULGER, Mircea",ROU,Men,60 - 63.5kg (light-welterweight),M,Bronze
Los Angeles,1984,Boxing,Boxing,"PUZOVIC, Mirko",YUG,Men,60 - 63.5kg (light-welterweight),M,Bronze
Los Angeles,1984,Boxing,Boxing,"PAGE, Jeremy Louis",USA,Men,60 - 63.5kg (light-welterweight),M,Gold
Los Angeles,1984,Boxing,Boxing,"UMPONMAHA, Dhawee",THA,Men,60 - 63.5kg (light-welterweight),M,Silver
Los Angeles,1984,Boxing,Boxing,"BRUNO, Luciano",ITA,Men,63.5 - 67kg (welterweight),M,Bronze
Los Angeles,1984,Boxing,Boxing,"NYMAN, Joni",FIN,Men,63.5 - 67kg (welterweight),M,Bronze
Los Angeles,1984,Boxing,Boxing,"BRELAND, Mark Anthony",USA,Men,63.5 - 67kg (welterweight),M,Gold
Los Angeles,1984,Boxing,Boxing,"AN, Young-Su",KOR,Men,63.5 - 67kg (welterweight),M,Silver
Los Angeles,1984,Boxing,Boxing,"TIOZZO, Christophe",FRA,Men,67 - 71kg (light-middleweight),M,Bronze
Los Angeles,1984,Boxing,Boxing,"ZIELONKA, Manfred",FRG,Men,67 - 71kg (light-middleweight),M,Bronze
Los Angeles,1984,Boxing,Boxing,"TATE, Frank",USA,Men,67 - 71kg (light-middleweight),M,Gold
Los Angeles,1984,Boxing,Boxing,"O'SULLIVAN, Shawn",CAN,Men,67 - 71kg (light-middleweight),M,Silver
Los Angeles,1984,Boxing,Boxing,"GONZALEZ, Aristides",PUR,Men,71-75kg,M,Bronze
Los Angeles,1984,Boxing,Boxing,"ZAOUI, Mohamed",ALG,Men,71-75kg,M,Bronze
Los Angeles,1984,Boxing,Boxing,"SHIN, Joon-Sup",KOR,Men,71-75kg,M,Gold
Los Angeles,1984,Boxing,Boxing,"HILL, Virgil Eugene",USA,Men,71-75kg,M,Silver
Los Angeles,1984,Boxing,Boxing,"HOLYFIELD, Evander",USA,Men,75 - 81kg (light-heavyweight),M,Bronze
Los Angeles,1984,Boxing,Boxing,"MOUSSA, Mustapha",ALG,Men,75 - 81kg (light-heavyweight),M,Bronze
Los Angeles,1984,Boxing,Boxing,"JOSIPOVIC, Antun",YUG,Men,75 - 81kg (light-heavyweight),M,Gold
Los Angeles,1984,Boxing,Boxing,"BARRY, Kevin",NZL,Men,75 - 81kg (light-heavyweight),M,Silver
Los Angeles,1984,Boxing,Boxing,"MUSONE, Angelo",ITA,Men,81 - 91kg (heavyweight),M,Bronze
Los Angeles,1984,Boxing,Boxing,"VANDERLIJDE, Arnold",NED,Men,81 - 91kg (heavyweight),M,Bronze
Los Angeles,1984,Boxing,Boxing,"TILLMAN, Henry",USA,Men,81 - 91kg (heavyweight),M,Gold
Los Angeles,1984,Boxing,Boxing,"DEWIT, Willie",CAN,Men,81 - 91kg (heavyweight),M,Silver
Los Angeles,1984,Canoe / Kayak,Canoe / Kayak F,"JAKOBSEN, Henning Lynge",DEN,Men,C-1 1000m (canoe single),M,Bronze
Los Angeles,1984,Canoe / Kayak,Canoe / Kayak F,"EICKE, Ulrich",FRG,Men,C-1 1000m (canoe single),M,Gold
Los Angeles,1984,Canoe / Kayak,Canoe / Kayak F,"CAIN, Lawrence",CAN,Men,C-1 1000m (canoe single),M,Silver
Los Angeles,1984,Canoe / Kayak,Canoe / Kayak F,"OLARU, Costica",ROU,Men,C-1 500m (canoe single),M,Bronze
Los Angeles,1984,Canoe / Kayak,Canoe / Kayak F,"CAIN, Lawrence",CAN,Men,C-1 500m (canoe single),M,Gold
Los Angeles,1984,Canoe / Kayak,Canoe / Kayak F,"JAKOBSEN, Henning Lynge",DEN,Men,C-1 500m (canoe single),M,Silver
Los Angeles,1984,Canoe / Kayak,Canoe / Kayak F,"HOYER, Didier",FRA,Men,C-2 1000m (canoe double),M,Bronze
Los Angeles,1984,Canoe / Kayak,Canoe / Kayak F,"RENAUD, Eric",FRA,Men,C-2 1000m (canoe double),M,Bronze
Los Angeles,1984,Canoe / Kayak,Canoe / Kayak F,"PATZAICHIN, Ivan",ROU,Men,C-2 1000m (canoe double),M,Gold
Los Angeles,1984,Canoe / Kayak,Canoe / Kayak F,"SIMIONOV, Toma",ROU,Men,C-2 1000m (canoe double),M,Gold
Los Angeles,1984,Canoe / Kayak,Canoe / Kayak F,"LJUBEK, Matija",YUG,Men,C-2 1000m (canoe double),M,Silver
Los Angeles,1984,Canoe / Kayak,Canoe / Kayak F,"NISOVIC, Mirko",YUG,Men,C-2 1000m (canoe double),M,Silver
Los Angeles,1984,Canoe / Kayak,Canoe / Kayak F,"MIGUEZ GOMEZ, Enrique",ESP,Men,C-2 500m (canoe double),M,Bronze
Los Angeles,1984,Canoe / Kayak,Canoe / Kayak F,"SUAREZ AMADOR, Narciso",ESP,Men,C-2 500m (canoe double),M,Bronze
Los Angeles,1984,Canoe / Kayak,Canoe / Kayak F,"LJUBEK, Matija",YUG,Men,C-2 500m (canoe double),M,Gold
Los Angeles,1984,Canoe / Kayak,Canoe / Kayak F,"NISOVIC, Mirko",YUG,Men,C-2 500m (canoe double),M,Gold
Los Angeles,1984,Canoe / Kayak,Canoe / Kayak F,"PATZAICHIN, Ivan",ROU,Men,C-2 500m (canoe double),M,Silver
Los Angeles,1984,Canoe / Kayak,Canoe / Kayak F,"SIMIONOV, Toma",ROU,Men,C-2 500m (canoe double),M,Silver
Los Angeles,1984,Canoe / Kayak,Canoe / Kayak F,"BARTON, Gregory Mark",USA,Men,K-1 1000m (kayak single),M,Bronze
Los Angeles,1984,Canoe / Kayak,Canoe / Kayak F,"THOMPSON, Alan Blair",NZL,Men,K-1 1000m (kayak single),M,Gold
Los Angeles,1984,Canoe / Kayak,Canoe / Kayak F,"JANIC, Milan",YUG,Men,K-1 1000m (kayak single),M,Silver
Los Angeles,1984,Canoe / Kayak,Canoe / Kayak F,"BREGEON, Bernard",FRA,Men,K-1 500m (kayak single),M,Bronze
Los Angeles,1984,Canoe / Kayak,Canoe / Kayak F,"FERGUSON, Ian Gordon",NZL,Men,K-1 500m (kayak single),M,Gold
Los Angeles,1984,Canoe / Kayak,Canoe / Kayak F,"MOBERG, Lars-Erik",SWE,Men,K-1 500m (kayak single),M,Silver
Los Angeles,1984,Canoe / Kayak,Canoe / Kayak F,"DERCKX, Annemarie",NED,Women,K-1 500m (kayak single),W,Bronze
Los Angeles,1984,Canoe / Kayak,Canoe / Kayak F,"ANDERSSON, Agneta",SWE,Women,K-1 500m (kayak single),W,Gold
Los Angeles,1984,Canoe / Kayak,Canoe / Kayak F,"SCHUTTPELZ, Barbara",FRG,Women,K-1 500m (kayak single),W,Silver
Los Angeles,1984,Canoe / Kayak,Canoe / Kayak F,"KELLY, Barry",AUS,Men,K-2 1000m (kayak double),M,Bronze
Los Angeles,1984,Canoe / Kayak,Canoe / Kayak F,"KENNY, Grant",AUS,Men,K-2 1000m (kayak double),M,Bronze
Los Angeles,1984,Canoe / Kayak,Canoe / Kayak F,"FISHER, Hugh",CAN,Men,K-2 1000m (kayak double),M,Gold
Los Angeles,1984,Canoe / Kayak,Canoe / Kayak F,"MORRIS, Alwyn",CAN,Men,K-2 1000m (kayak double),M,Gold
Los Angeles,1984,Canoe / Kayak,Canoe / Kayak F,"BREGEON, Bernard",FRA,Men,K-2 1000m (kayak double),M,Silver
Los Angeles,1984,Canoe / Kayak,Canoe / Kayak F,"LEFOULON, Patrick",FRA,Men,K-2 1000m (kayak double),M,Silver
Los Angeles,1984,Canoe / Kayak,Canoe / Kayak F,"FISHER, Hugh",CAN,Men,K-2 500m (kayak double),M,Bronze
Los Angeles,1984,Canoe / Kayak,Canoe / Kayak F,"MORRIS, Alwyn",CAN,Men,K-2 500m (kayak double),M,Bronze
Los Angeles,1984,Canoe / Kayak,Canoe / Kayak F,"FERGUSON, Ian Gordon",NZL,Men,K-2 500m (kayak double),M,Gold
Los Angeles,1984,Canoe / Kayak,Canoe / Kayak F,"MAC DONALD, Christopher Paul",NZL,Men,K-2 500m (kayak double),M,Gold
Los Angeles,1984,Canoe / Kayak,Canoe / Kayak F,"BENGTSSON, Per-Inge",SWE,Men,K-2 500m (kayak double),M,Silver
Los Angeles,1984,Canoe / Kayak,Canoe / Kayak F,"MOBERG, Lars-Erik",SWE,Men,K-2 500m (kayak double),M,Silver
Los Angeles,1984,Canoe / Kayak,Canoe / Kayak F,"IDEM, Josefa",FRG,Women,K-2 500m (kayak double),W,Bronze
Los Angeles,1984,Canoe / Kayak,Canoe / Kayak F,"SCHUTTPELZ, Barbara",FRG,Women,K-2 500m (kayak double),W,Bronze
Los Angeles,1984,Canoe / Kayak,Canoe / Kayak F,"ANDERSSON, Agneta",SWE,Women,K-2 500m (kayak double),W,Gold
Los Angeles,1984,Canoe / Kayak,Canoe / Kayak F,"OLSSON, Anna",SWE,Women,K-2 500m (kayak double),W,Gold
Los Angeles,1984,Canoe / Kayak,Canoe / Kayak F,"BARRE, Alexandra",CAN,Women,K-2 500m (kayak double),W,Silver
Los Angeles,1984,Canoe / Kayak,Canoe / Kayak F,"HOLLOWAY, Susan",CAN,Women,K-2 500m (kayak double),W,Silver
Los Angeles,1984,Canoe / Kayak,Canoe / Kayak F,"BAROUH, Francois",FRA,Men,K-4 1000m (kayak four),M,Bronze
Los Angeles,1984,Canoe / Kayak,Canoe / Kayak F,"BOCCARA, Philippe",FRA,Men,K-4 1000m (kayak four),M,Bronze
Los Angeles,1984,Canoe / Kayak,Canoe / Kayak F,"BOUCHERIT, Pascal",FRA,Men,K-4 1000m (kayak four),M,Bronze
Los Angeles,1984,Canoe / Kayak,Canoe / Kayak F,"VAVASSEUR, Didier",FRA,Men,K-4 1000m (kayak four),M,Bronze
Los Angeles,1984,Canoe / Kayak,Canoe / Kayak F,"BRAMWELL, Grant",NZL,Men,K-4 1000m (kayak four),M,Gold
Los Angeles,1984,Canoe / Kayak,Canoe / Kayak F,"FERGUSON, Ian Gordon",NZL,Men,K-4 1000m (kayak four),M,Gold
Los Angeles,1984,Canoe / Kayak,Canoe / Kayak F,"MAC DONALD, Christopher Paul",NZL,Men,K-4 1000m (kayak four),M,Gold
Los Angeles,1984,Canoe / Kayak,Canoe / Kayak F,"THOMPSON, Alan Blair",NZL,Men,K-4 1000m (kayak four),M,Gold
Los Angeles,1984,Canoe / Kayak,Canoe / Kayak F,"BENGTSSON, Per-Inge",SWE,Men,K-4 1000m (kayak four),M,Silver
Los Angeles,1984,Canoe / Kayak,Canoe / Kayak F,"KARLS, Tommy",SWE,Men,K-4 1000m (kayak four),M,Silver
Los Angeles,1984,Canoe / Kayak,Canoe / Kayak F,"MOBERG, Lars-Erik",SWE,Men,K-4 1000m (kayak four),M,Silver
Los Angeles,1984,Canoe / Kayak,Canoe / Kayak F,"OHLSSON, Thomas",SWE,Men,K-4 1000m (kayak four),M,Silver
Los Angeles,1984,Canoe / Kayak,Canoe / Kayak F,"BARRE, Alexandra",CAN,Women,K-4 500m (kayak four),W,Bronze
Los Angeles,1984,Canoe / Kayak,Canoe / Kayak F,"GUAY, Lucie",CAN,Women,K-4 500m (kayak four),W,Bronze
Los Angeles,1984,Canoe / Kayak,Canoe / Kayak F,"HOLLOWAY, Susan",CAN,Women,K-4 500m (kayak four),W,Bronze
Los Angeles,1984,Canoe / Kayak,Canoe / Kayak F,"OLMSTEAD, Barbara",CAN,Women,K-4 500m (kayak four),W,Bronze
Los Angeles,1984,Canoe / Kayak,Canoe / Kayak F,"CONSTANTIN, Agafia",ROU,Women,K-4 500m (kayak four),W,Gold
Los Angeles,1984,Canoe / Kayak,Canoe / Kayak F,"MARINESCU, Tecla",ROU,Women,K-4 500m (kayak four),W,Gold
Los Angeles,1984,Canoe / Kayak,Canoe / Kayak F,"NICHITOV-IONESCU, Nastasia",ROU,Women,K-4 500m (kayak four),W,Gold
Los Angeles,1984,Canoe / Kayak,Canoe / Kayak F,"STEFAN, Maria",ROU,Women,K-4 500m (kayak four),W,Gold
Los Angeles,1984,Canoe / Kayak,Canoe / Kayak F,"ANDERSSON, Agneta",SWE,Women,K-4 500m (kayak four),W,Silver
Los Angeles,1984,Canoe / Kayak,Canoe / Kayak F,"KARLSSON, Eva",SWE,Women,K-4 500m (kayak four),W,Silver
Los Angeles,1984,Canoe / Kayak,Canoe / Kayak F,"OLSSON, Anna",SWE,Women,K-4 500m (kayak four),W,Silver
Los Angeles,1984,Canoe / Kayak,Canoe / Kayak F,"WIBERG-GUNNARSSON, Susanne",SWE,Women,K-4 500m (kayak four),W,Silver
Los Angeles,1984,Cycling,Cycling Road,"LAURITZEN, Dag Otto",NOR,Men,individual road race,M,Bronze
Los Angeles,1984,Cycling,Cycling Road,"GREWAL, Alexi S.",USA,Men,individual road race,M,Gold
Los Angeles,1984,Cycling,Cycling Road,"BAUER, Stephen",CAN,Men,individual road race,M,Silver
Los Angeles,1984,Cycling,Cycling Road,"SCHUMACHER, Sandra",FRG,Women,individual road race,W,Bronze
Los Angeles,1984,Cycling,Cycling Road,"CARPENTER-PHINNEY, Helen Constance",USA,Women,individual road race,W,Gold
Los Angeles,1984,Cycling,Cycling Road,"TWIGG, Rebecca Lynne",USA,Women,individual road race,W,Silver
Los Angeles,1984,Cycling,Cycling Road,"KIEFEL, Ronald Alexander",USA,Men,team time trial,M,Bronze
Los Angeles,1984,Cycling,Cycling Road,"KNICKMAN, Clarence Roy",USA,Men,team time trial,M,Bronze
Los Angeles,1984,Cycling,Cycling Road,"PHINNEY, Davis Welsh",USA,Men,team time trial,M,Bronze
Los Angeles,1984,Cycling,Cycling Road,"WEAVER, Andrew Telsher",USA,Men,team time trial,M,Bronze
Los Angeles,1984,Cycling,Cycling Road,"BARTALINI, Marcello",ITA,Men,team time trial,M,Gold
Los Angeles,1984,Cycling,Cycling Road,"GIOVANNETTI, Marco",ITA,Men,team time trial,M,Gold
Los Angeles,1984,Cycling,Cycling Road,"POLI, Eros",ITA,Men,team time trial,M,Gold
Los Angeles,1984,Cycling,Cycling Road,"VANDELLI, Claudio",ITA,Men,team time trial,M,Gold
Los Angeles,1984,Cycling,Cycling Road,"ACHERMANN, Alfred",SUI,Men,team time trial,M,Silver
Los Angeles,1984,Cycling,Cycling Road,"TRINKLER, Richard",SUI,Men,team time trial,M,Silver
Los Angeles,1984,Cycling,Cycling Road,"VIAL, Laurent",SUI,Men,team time trial,M,Silver
Los Angeles,1984,Cycling,Cycling Road,"WISS, Benno",SUI,Men,team time trial,M,Silver
Los Angeles,1984,Cycling,Cycling Track,"COLAS, Fabrice",FRA,Men,1km time trial,M,Bronze
Los Angeles,1984,Cycling,Cycling Track,"SCHMIDTKE, Fredy",FRG,Men,1km time trial,M,Gold
Los Angeles,1984,Cycling,Cycling Track,"HARNETT, Curtis",CAN,Men,1km time trial,M,Silver
Los Angeles,1984,Cycling,Cycling Track,"NITZ, Leonard Harvey",USA,Men,Individual Pursuit,M,Bronze
Los Angeles,1984,Cycling,Cycling Track,"HEGG, Stephen Edward",USA,Men,Individual Pursuit,M,Gold
Los Angeles,1984,Cycling,Cycling Track,"GOLZ, Rolf",FRG,Men,Individual Pursuit,M,Silver
Los Angeles,1984,Cycling,Cycling Track,"YOUSHIMATZ, Jose Manuel",MEX,Men,Points Race,M,Bronze
Los Angeles,1984,Cycling,Cycling Track,"ILEGEMS, Roger",BEL,Men,Points Race,M,Gold
Los Angeles,1984,Cycling,Cycling Track,"MESSERSCHMIDT, Uwe",FRG,Men,Points Race,M,Silver
Los Angeles,1984,Cycling,Cycling Track,"SAKAMOTO, Tsutomu",JPN,Men,Sprint indivual,M,Bronze
Los Angeles,1984,Cycling,Cycling Track,"GORSKI, Mark Brian",USA,Men,Sprint indivual,M,Gold
Los Angeles,1984,Cycling,Cycling Track,"VAILS, Nelson Beasley",USA,Men,Sprint indivual,M,Silver
Los Angeles,1984,Cycling,Cycling Track,"ALBER, Reinhard",FRG,Men,Team Pursuit (4000m),M,Bronze
Los Angeles,1984,Cycling,Cycling Track,"GOLZ, Rolf",FRG,Men,Team Pursuit (4000m),M,Bronze
Los Angeles,1984,Cycling,Cycling Track,"GUNTHER, Roland",FRG,Men,Team Pursuit (4000m),M,Bronze
Los Angeles,1984,Cycling,Cycling Track,"MARX, Michael",FRG,Men,Team Pursuit (4000m),M,Bronze
Los Angeles,1984,Cycling,Cycling Track,"GRENDA, Michael",AUS,Men,Team Pursuit (4000m),M,Gold
Los Angeles,1984,Cycling,Cycling Track,"NICHOLS, Kevin",AUS,Men,Team Pursuit (4000m),M,Gold
Los Angeles,1984,Cycling,Cycling Track,"TURTUR, Michael",AUS,Men,Team Pursuit (4000m),M,Gold
Los Angeles,1984,Cycling,Cycling Track,"WOODS, Dean",AUS,Men,Team Pursuit (4000m),M,Gold
Los Angeles,1984,Cycling,Cycling Track,"GRYLLS, David Mills",USA,Men,Team Pursuit (4000m),M,Silver
Los Angeles,1984,Cycling,Cycling Track,"HEGG, Stephen Edward",USA,Men,Team Pursuit (4000m),M,Silver
Los Angeles,1984,Cycling,Cycling Track,"MCDONOUGH, R.Patrick",USA,Men,Team Pursuit (4000m),M,Silver
Los Angeles,1984,Cycling,Cycling Track,"NITZ, Leonard Harvey",USA,Men,Team Pursuit (4000m),M,Silver
Los Angeles,1984,Equestrian,Dressage,H:: LIMANDUS,SUI,Men,individual,X,Bronze
Los Angeles,1984,Equestrian,Dressage,"HOFER, Otto",SUI,Men,individual,X,Bronze
Los Angeles,1984,Equestrian,Dressage,"HOFER, Otto Josef",SUI,Men,individual,X,Bronze
Los Angeles,1984,Equestrian,Dressage,H:: AHLERICH,FRG,Men,individual,X,Gold
Los Angeles,1984,Equestrian,Dressage,"KLIMKE, Reiner",FRG,Men,individual,X,Gold
Los Angeles,1984,Equestrian,Dressage,H:: MARZOG,DEN,Women,individual,X,Silver
Los Angeles,1984,Equestrian,Dressage,"JENSEN-TORNBLAD, Anne Grethe",DEN,Women,individual,X,Silver
Los Angeles,1984,Equestrian,Dressage,"TORNBLAD-JENSEN, Anne",DEN,Women,individual,X,Silver
Los Angeles,1984,Equestrian,Dressage,"KLIMKE, Reiner",FRG,Men,team,X,Gold
Los Angeles,1984,Equestrian,Dressage,"KRUG, Herbert",FRG,Men,team,X,Gold
Los Angeles,1984,Equestrian,Dressage,"SAUER, Uwe",FRG,Men,team,X,Gold
Los Angeles,1984,Equestrian,Dressage,"HOFER, Otto Josef",SUI,Men,team,X,Silver
Los Angeles,1984,Equestrian,Dressage,"BYLUND, Ingamay",SWE,Women,team,X,Bronze
Los Angeles,1984,Equestrian,Dressage,"HAKANSSON, Ulla",SWE,Women,team,X,Bronze
Los Angeles,1984,Equestrian,Dressage,"NATHORST, Louise",SWE,Women,team,X,Bronze
Los Angeles,1984,Equestrian,Dressage,"DE BARY, Amy Catherine",SUI,Women,team,X,Silver
Los Angeles,1984,Equestrian,Dressage,"STUECKELBERGER, Christine",SUI,Women,team,X,Silver
Los Angeles,1984,Equestrian,Eventing,"TODD, Mark",NZL,Men,individual,X,Gold
Los Angeles,1984,Equestrian,Eventing,"HOLGATE-LENG, Virginia",GBR,Women,individual,X,Bronze
Los Angeles,1984,Equestrian,Eventing,"STIVES-LENDE, Karen Elizabeth",USA,Women,individual,X,Silver
Los Angeles,1984,Equestrian,Eventing,"ERHORN, Claus",FRG,Men,team,X,Bronze
Los Angeles,1984,Equestrian,Eventing,"HOGREFE, Dietmar",FRG,Men,team,X,Bronze
Los Angeles,1984,Equestrian,Eventing,"TESDORPF, Burkhard",FRG,Men,team,X,Bronze
Los Angeles,1984,Equestrian,Eventing,"DAVIDSON, Bruce Oram",USA,Men,team,X,Gold
Los Angeles,1984,Equestrian,Eventing,"FLEISCHMANN, Torrance Watkins",USA,Men,team,X,Gold
Los Angeles,1984,Equestrian,Eventing,"PLUMB, John Michael",USA,Men,team,X,Gold
Los Angeles,1984,Equestrian,Eventing,"STARK, Ian",GBR,Men,team,X,Silver
Los Angeles,1984,Equestrian,Eventing,"OVERESCH-BOEKER, Bettina",FRG,Women,team,X,Bronze
Los Angeles,1984,Equestrian,Eventing,"STIVES-LENDE, Karen Elizabeth",USA,Women,team,X,Gold
Los Angeles,1984,Equestrian,Eventing,"CLAPHAM, Diana",GBR,Women,team,X,Silver
Los Angeles,1984,Equestrian,Eventing,"HOLGATE-LENG, Virginia",GBR,Women,team,X,Silver
Los Angeles,1984,Equestrian,Eventing,"PRIOR-PALMER-GREEN, Lucinda",GBR,Women,team,X,Silver
Los Angeles,1984,Equestrian,Jumping,"FARGIS, Joseph Halpin, Iv",USA,Men,individual,X,Gold
Los Angeles,1984,Equestrian,Jumping,"HOMFELD, Conrad E.",USA,Men,individual,X,Silver
Los Angeles,1984,Equestrian,Jumping,"ROBBIANI, Adelheid",SUI,Women,individual,X,Bronze
Los Angeles,1984,Equestrian,Jumping,"LIGGES, Fritz",FRG,Men,team,X,Bronze
Los Angeles,1984,Equestrian,Jumping,"LUTHER, Peter",FRG,Men,team,X,Bronze
Los Angeles,1984,Equestrian,Jumping,"SCHOCKEMÖHLE, Paul",FRG,Men,team,X,Bronze
Los Angeles,1984,Equestrian,Jumping,"SLOOTHAAK, Franke",FRG,Men,team,X,Bronze
Los Angeles,1984,Equestrian,Jumping,"FARGIS, Joseph Halpin, Iv",USA,Men,team,X,Gold
Los Angeles,1984,Equestrian,Jumping,"HOMFELD, Conrad E.",USA,Men,team,X,Gold
Los Angeles,1984,Equestrian,Jumping,"GRUBB, Timothy",GBR,Men,team,X,Silver
Los Angeles,1984,Equestrian,Jumping,"SMITH, Steven",GBR,Men,team,X,Silver
Los Angeles,1984,Equestrian,Jumping,"WHITAKER, John Edwin",GBR,Men,team,X,Silver
Los Angeles,1984,Equestrian,Jumping,"WHITAKER, Michael",GBR,Men,team,X,Silver
Los Angeles,1984,Equestrian,Jumping,"BURR-HOWARD, Leslie Michele",USA,Women,team,X,Gold
Los Angeles,1984,Equestrian,Jumping,"SMITH, Melanie Ashworth",USA,Women,team,X,Gold
Los Angeles,1984,Fencing,Fencing,"RIBOUD, Philippe",FRA,Men,épée individual,M,Bronze
Los Angeles,1984,Fencing,Fencing,"BOISSE, Philippe",FRA,Men,épée individual,M,Gold
Los Angeles,1984,Fencing,Fencing,"VÄGGÖ, Björne",SWE,Men,épée individual,M,Silver
Los Angeles,1984,Fencing,Fencing,"BELLONE, Stefano",ITA,Men,épée team,M,Bronze
Los Angeles,1984,Fencing,Fencing,"CUOMO, Sandro",ITA,Men,épée team,M,Bronze
Los Angeles,1984,Fencing,Fencing,"FERRO, Cosimo",ITA,Men,épée team,M,Bronze
Los Angeles,1984,Fencing,Fencing,"MANZI, Roberto",ITA,Men,épée team,M,Bronze
Los Angeles,1984,Fencing,Fencing,"MAZZONI, Angelo",ITA,Men,épée team,M,Bronze
Los Angeles,1984,Fencing,Fencing,"BORRMANN, Elmar",FRG,Men,épée team,M,Gold
Los Angeles,1984,Fencing,Fencing,"FISCHER, Volker",FRG,Men,épée team,M,Gold
Los Angeles,1984,Fencing,Fencing,"HEER, Gerhard",FRG,Men,épée team,M,Gold
Los Angeles,1984,Fencing,Fencing,"NICKEL, Rafael",FRG,Men,épée team,M,Gold
Los Angeles,1984,Fencing,Fencing,"PUSCH, Alexander",FRG,Men,épée team,M,Gold
Los Angeles,1984,Fencing,Fencing,"BOISSE, Philippe",FRA,Men,épée team,M,Silver
Los Angeles,1984,Fencing,Fencing,"HENRY, Jean-Michel",FRA,Men,épée team,M,Silver
Los Angeles,1984,Fencing,Fencing,"LENGLET, Olivier",FRA,Men,épée team,M,Silver
Los Angeles,1984,Fencing,Fencing,"RIBOUD, Philippe",FRA,Men,épée team,M,Silver
Los Angeles,1984,Fencing,Fencing,"SALESSE, Michel",FRA,Men,épée team,M,Silver
Los Angeles,1984,Fencing,Fencing,"CERIONI, Stefano",ITA,Men,foil individual,M,Bronze
Los Angeles,1984,Fencing,Fencing,"NUMA, Mauro",ITA,Men,foil individual,M,Gold
Los Angeles,1984,Fencing,Fencing,"BEHR, Matthias",FRG,Men,foil individual,M,Silver
Los Angeles,1984,Fencing,Fencing,"VACCARONI, Dorina",ITA,Women,foil individual,W,Bronze
Los Angeles,1984,Fencing,Fencing,"LUAN, Ju-Jie",CHN,Women,foil individual,W,Gold
Los Angeles,1984,Fencing,Fencing,"HANISCH, Cornelia",FRG,Women,foil individual,W,Silver
Los Angeles,1984,Fencing,Fencing,"CERBONI, Marc",FRA,Men,foil team,M,Bronze
Los Angeles,1984,Fencing,Fencing,"GROC, Patrick",FRA,Men,foil team,M,Bronze
Los Angeles,1984,Fencing,Fencing,"JOLYOT, Pascal",FRA,Men,foil team,M,Bronze
Los Angeles,1984,Fencing,Fencing,"OMNES, Philippe",FRA,Men,foil team,M,Bronze
Los Angeles,1984,Fencing,Fencing,"PIETRUSZKA, Frederic",FRA,Men,foil team,M,Bronze
Los Angeles,1984,Fencing,Fencing,"BORELLA, Andrea",ITA,Men,foil team,M,Gold
Los Angeles,1984,Fencing,Fencing,"CERIONI, Stefano",ITA,Men,foil team,M,Gold
Los Angeles,1984,Fencing,Fencing,"CIPRESSA, Andrea",ITA,Men,foil team,M,Gold
Los Angeles,1984,Fencing,Fencing,"NUMA, Mauro",ITA,Men,foil team,M,Gold
Los Angeles,1984,Fencing,Fencing,"SCURI, Angelo",ITA,Men,foil team,M,Gold
Los Angeles,1984,Fencing,Fencing,"BECK, Frank",FRG,Men,foil team,M,Silver
Los Angeles,1984,Fencing,Fencing,"BEHR, Matthias",FRG,Men,foil team,M,Silver
Los Angeles,1984,Fencing,Fencing,"GEY, Matthias",FRG,Men,foil team,M,Silver
Los Angeles,1984,Fencing,Fencing,"HEIN, Harald",FRG,Men,foil team,M,Silver
Los Angeles,1984,Fencing,Fencing,"REICHERT, Klaus",FRG,Men,foil team,M,Silver
Los Angeles,1984,Fencing,Fencing,"BROUQUIER, Veronique",FRA,Women,foil team,W,Bronze
Los Angeles,1984,Fencing,Fencing,"LATRILLE-GAUDIN, Brigitte",FRA,Women,foil team,W,Bronze
Los Angeles,1984,Fencing,Fencing,"MEYGRET, Anne",FRA,Women,foil team,W,Bronze
Los Angeles,1984,Fencing,Fencing,"MODAINE, Laurence",FRA,Women,foil team,W,Bronze
Los Angeles,1984,Fencing,Fencing,"TRINQUET-HACHIN, Pascale",FRA,Women,foil team,W,Bronze
Los Angeles,1984,Fencing,Fencing,"BISCHOFF, Sabine",FRG,Women,foil team,W,Gold
Los Angeles,1984,Fencing,Fencing,"FUNKENHAUSER, Zita-Eva",FRG,Women,foil team,W,Gold
Los Angeles,1984,Fencing,Fencing,"HANISCH, Cornelia",FRG,Women,foil team,W,Gold
Los Angeles,1984,Fencing,Fencing,"KIRCHEIS-WESSEL, Ute",FRG,Women,foil team,W,Gold
Los Angeles,1984,Fencing,Fencing,"WEBER, Christiane",FRG,Women,foil team,W,Gold
Los Angeles,1984,Fencing,Fencing,"DAN, Aurora",ROU,Women,foil team,W,Silver
Los Angeles,1984,Fencing,Fencing,"GUZGANU-TUFAN, Elisabeta",ROU,Women,foil team,W,Silver
Los Angeles,1984,Fencing,Fencing,"MOLDOVAN-ZSAK, Marcela",ROU,Women,foil team,W,Silver
Los Angeles,1984,Fencing,Fencing,"OROS, Rozalia",ROU,Women,foil team,W,Silver
Los Angeles,1984,Fencing,Fencing,"WEBER-KOSZTO, Monika",ROU,Women,foil team,W,Silver
Los Angeles,1984,Fencing,Fencing,"WESTBROOK, Peter Jonathan",USA,Men,sabre individual,M,Bronze
Los Angeles,1984,Fencing,Fencing,"LAMOUR, Jean-Francois",FRA,Men,sabre individual,M,Gold
Los Angeles,1984,Fencing,Fencing,"MARIN, Marco",ITA,Men,sabre individual,M,Silver
Los Angeles,1984,Fencing,Fencing,"CHICULITA, Alexandru",ROU,Men,sabre team,M,Bronze
Los Angeles,1984,Fencing,Fencing,"MARIN, Corneliu",ROU,Men,sabre team,M,Bronze
Los Angeles,1984,Fencing,Fencing,"MUSTATA, Marin",ROU,Men,sabre team,M,Bronze
Los Angeles,1984,Fencing,Fencing,"POP, Ioan",ROU,Men,sabre team,M,Bronze
Los Angeles,1984,Fencing,Fencing,"SZABO, Vilmos",ROU,Men,sabre team,M,Bronze
Los Angeles,1984,Fencing,Fencing,"ARCIDIACONO, Angelo",ITA,Men,sabre team,M,Gold
Los Angeles,1984,Fencing,Fencing,"DALLA BARBA, Gianfranco",ITA,Men,sabre team,M,Gold
Los Angeles,1984,Fencing,Fencing,"MARIN, Marco",ITA,Men,sabre team,M,Gold
Los Angeles,1984,Fencing,Fencing,"MEGLIO, Ferdinando",ITA,Men,sabre team,M,Gold
Los Angeles,1984,Fencing,Fencing,"SCALZO, Giovanni",ITA,Men,sabre team,M,Gold
Los Angeles,1984,Fencing,Fencing,"DELRIEU, Philippe",FRA,Men,sabre team,M,Silver
Los Angeles,1984,Fencing,Fencing,"DUCHEIX, Franck",FRA,Men,sabre team,M,Silver
Los Angeles,1984,Fencing,Fencing,"GRANGER-VEYRON, Herve",FRA,Men,sabre team,M,Silver
Los Angeles,1984,Fencing,Fencing,"GUICHOT, Pierre",FRA,Men,sabre team,M,Silver
Los Angeles,1984,Fencing,Fencing,"LAMOUR, Jean-Francois",FRA,Men,sabre team,M,Silver
Los Angeles,1984,Football,Football,"BALJIC, Mirsad",YUG,Men,football,M,Bronze
Los Angeles,1984,Football,Football,"BAZDAREVIC, Mehmed",YUG,Men,football,M,Bronze
Los Angeles,1984,Football,Football,"CAPLJIC, Vlado",YUG,Men,football,M,Bronze
Los Angeles,1984,Football,Football,"CVETKOVIC, Borislav",YUG,Men,football,M,Bronze
Los Angeles,1984,Football,Football,"DEVERIC, Stjepan",YUG,Men,football,M,Bronze
Los Angeles,1984,Football,Football,"DJUROVSKI, Milko",YUG,Men,football,M,Bronze
Los Angeles,1984,Football,Football,"ELSNER, Marko",YUG,Men,football,M,Bronze
Los Angeles,1984,Football,Football,"GRACAN, Nenad",YUG,Men,football,M,Bronze
Los Angeles,1984,Football,Football,"IVKOVIC, Tomislav",YUG,Men,football,M,Bronze
Los Angeles,1984,Football,Football,"KATANEC, Srecko",YUG,Men,football,M,Bronze
Los Angeles,1984,Football,Football,"MILJUS, Branko",YUG,Men,football,M,Bronze
Los Angeles,1984,Football,Football,"MRKELA, Mitar",YUG,Men,football,M,Bronze
Los Angeles,1984,Football,Football,"NIKOLIC, Jovica",YUG,Men,football,M,Bronze
Los Angeles,1984,Football,Football,"PUDAR, Ivan",YUG,Men,football,M,Bronze
Los Angeles,1984,Football,Football,"RADANOVIC, Ljubomir",YUG,Men,football,M,Bronze
Los Angeles,1984,Football,Football,"SMAJIC, Admir",YUG,Men,football,M,Bronze
Los Angeles,1984,Football,Football,"STOJKOVIC, Dragan",YUG,Men,football,M,Bronze
Los Angeles,1984,Football,Football,"AYACHE, William",FRA,Men,football,M,Gold
Los Angeles,1984,Football,Football,"BENSOUSSAN, Michel",FRA,Men,football,M,Gold
Los Angeles,1984,Football,Football,"BIBARD, Michel",FRA,Men,football,M,Gold
Los Angeles,1984,Football,Football,"BIJOTAT, Dominique",FRA,Men,football,M,Gold
Los Angeles,1984,Football,Football,"BRISSON, Francois",FRA,Men,football,M,Gold
Los Angeles,1984,Football,Football,"CUBAYNES, Patrick",FRA,Men,football,M,Gold
Los Angeles,1984,Football,Football,"GARANDE, Patrice",FRA,Men,football,M,Gold
Los Angeles,1984,Football,Football,"JEANNOL, Philippe",FRA,Men,football,M,Gold
Los Angeles,1984,Football,Football,"LACOMBE, Guy",FRA,Men,football,M,Gold
Los Angeles,1984,Football,Football,"LEMOULT, Jean-Claude",FRA,Men,football,M,Gold
Los Angeles,1984,Football,Football,"ROHR, Jean Philippe",FRA,Men,football,M,Gold
Los Angeles,1984,Football,Football,"RUST, Albert",FRA,Men,football,M,Gold
Los Angeles,1984,Football,Football,"SENAC, Didier",FRA,Men,football,M,Gold
Los Angeles,1984,Football,Football,"THOUVENEL, Jean Christophe",FRA,Men,football,M,Gold
Los Angeles,1984,Football,Football,"TOURE, Jose",FRA,Men,football,M,Gold
Los Angeles,1984,Football,Football,"XUEREB, Daniel",FRA,Men,football,M,Gold
Los Angeles,1984,Football,Football,"ZANON, Jean Louis",FRA,Men,football,M,Gold
Los Angeles,1984,Football,Football,"BRUM, Jorge Luiz",BRA,Men,football,M,Silver
Los Angeles,1984,Football,Football,"CORTEZ SILVA, David",BRA,Men,football,M,Silver
Los Angeles,1984,Football,Football,"CRUZ, Milton",BRA,Men,football,M,Silver
Los Angeles,1984,Football,Football,"DIAS, Luiz",BRA,Men,football,M,Silver
Los Angeles,1984,Football,Football,"FERREIRA, Andre Luiz",BRA,Men,football,M,Silver
Los Angeles,1984,Football,Football,"GALVAO, Mauro",BRA,Men,football,M,Silver
Los Angeles,1984,Football,Football,"GIL, Antonio Jose",BRA,Men,football,M,Silver
Los Angeles,1984,Football,Football,"LEIEHART NETO, Joao",BRA,Men,football,M,Silver
Los Angeles,1984,Football,Football,"OLIVEIRA, Aguilmar",BRA,Men,football,M,Silver
Los Angeles,1984,Football,Football,"PAIVA, Silvio",BRA,Men,football,M,Silver
Los Angeles,1984,Football,Football,"RINALDI, Gilmar",BRA,Men,football,M,Silver
Los Angeles,1984,Football,Football,"ROQUE KAEFER, Ademir",BRA,Men,football,M,Silver
Los Angeles,1984,Football,Football,"SANTOS, Paulo",BRA,Men,football,M,Silver
Los Angeles,1984,Football,Football,"SILVA, Ronaldo",BRA,Men,football,M,Silver
Los Angeles,1984,Football,Football,"VERRI, Carlos",BRA,Men,football,M,Silver
Los Angeles,1984,Football,Football,"VIDAL, Francisco",BRA,Men,football,M,Silver
Los Angeles,1984,Football,Football,"WINCK, Luiz Carlos",BRA,Men,football,M,Silver
Los Angeles,1984,Gymnastics,Artistic G.,"JOHNSON, Kathleen Ann",USA,Women,balance beam,W,Bronze
Los Angeles,1984,Gymnastics,Artistic G.,"PAUCA, Simona",ROU,Women,balance beam,W,Gold
Los Angeles,1984,Gymnastics,Artistic G.,"SZABO, Ecaterina",ROU,Women,balance beam,W,Gold
Los Angeles,1984,Gymnastics,Artistic G.,"SOTOMURA, Koji",JPN,Men,floor exercises,M,Bronze
Los Angeles,1984,Gymnastics,Artistic G.,"VATUONE, Philippe",FRA,Men,floor exercises,M,Bronze
Los Angeles,1984,Gymnastics,Artistic G.,"LI, Ning",CHN,Men,floor exercises,M,Gold
Los Angeles,1984,Gymnastics,Artistic G.,"LOU, Yun",CHN,Men,floor exercises,M,Silver
Los Angeles,1984,Gymnastics,Artistic G.,"RETTON, Mary-Lou",USA,Women,floor exercises,W,Bronze
Los Angeles,1984,Gymnastics,Artistic G.,"SZABO, Ecaterina",ROU,Women,floor exercises,W,Gold
Los Angeles,1984,Gymnastics,Artistic G.,"MCNAMARA, Julianne Lyn",USA,Women,floor exercises,W,Silver
Los Angeles,1984,Gymnastics,Artistic G.,"GUSHIKEN, Koji",JPN,Men,horizontal bar,M,Bronze
Los Angeles,1984,Gymnastics,Artistic G.,"MORISUE, Shinji",JPN,Men,horizontal bar,M,Gold
Los Angeles,1984,Gymnastics,Artistic G.,"TONG, Fei",CHN,Men,horizontal bar,M,Silver
Los Angeles,1984,Gymnastics,Artistic G.,"LI, Ning",CHN,Men,individual all-round,M,Bronze
Los Angeles,1984,Gymnastics,Artistic G.,"GUSHIKEN, Koji",JPN,Men,individual all-round,M,Gold
Los Angeles,1984,Gymnastics,Artistic G.,"VIDMAR, Peter Glen",USA,Men,individual all-round,M,Silver
Los Angeles,1984,Gymnastics,Artistic G.,"PAUCA, Simona",ROU,Women,individual all-round,W,Bronze
Los Angeles,1984,Gymnastics,Artistic G.,"RETTON, Mary-Lou",USA,Women,individual all-round,W,Gold
Los Angeles,1984,Gymnastics,Artistic G.,"SZABO, Ecaterina",ROU,Women,individual all-round,W,Silver
Los Angeles,1984,Gymnastics,Artistic G.,"GAYLORD, Mitchell Jay",USA,Men,parallel bars,M,Bronze
Los Angeles,1984,Gymnastics,Artistic G.,"CONNER, Barthold Wayne",USA,Men,parallel bars,M,Gold
Los Angeles,1984,Gymnastics,Artistic G.,"KAJITANI, Nobuyuki",JPN,Men,parallel bars,M,Silver
Los Angeles,1984,Gymnastics,Artistic G.,"DAGGETT, Timothy Patrick",USA,Men,pommel horse,M,Bronze
Los Angeles,1984,Gymnastics,Artistic G.,"LI, Ning",CHN,Men,pommel horse,M,Gold
Los Angeles,1984,Gymnastics,Artistic G.,"VIDMAR, Peter Glen",USA,Men,pommel horse,M,Gold
Los Angeles,1984,Gymnastics,Artistic G.,"GAYLORD, Mitchell Jay",USA,Men,rings,M,Bronze
Los Angeles,1984,Gymnastics,Artistic G.,"GUSHIKEN, Koji",JPN,Men,rings,M,Gold
Los Angeles,1984,Gymnastics,Artistic G.,"LI, Ning",CHN,Men,rings,M,Gold
Los Angeles,1984,Gymnastics,Artistic G.,"GUSHIKEN, Koji",JPN,Men,team competition,M,Bronze
Los Angeles,1984,Gymnastics,Artistic G.,"HIRATA, Noritoshi",JPN,Men,team competition,M,Bronze
Los Angeles,1984,Gymnastics,Artistic G.,"KAJITANI, Nobuyuki",JPN,Men,team competition,M,Bronze
Los Angeles,1984,Gymnastics,Artistic G.,"MORISUE, Shinji",JPN,Men,team competition,M,Bronze
Los Angeles,1984,Gymnastics,Artistic G.,"SOTOMURA, Koji",JPN,Men,team competition,M,Bronze
Los Angeles,1984,Gymnastics,Artistic G.,"YAMAWAKI, Kyoji",JPN,Men,team competition,M,Bronze
Los Angeles,1984,Gymnastics,Artistic G.,"CONNER, Barthold Wayne",USA,Men,team competition,M,Gold
Los Angeles,1984,Gymnastics,Artistic G.,"DAGGETT, Timothy Patrick",USA,Men,team competition,M,Gold
Los Angeles,1984,Gymnastics,Artistic G.,"GAYLORD, Mitchell Jay",USA,Men,team competition,M,Gold
Los Angeles,1984,Gymnastics,Artistic G.,"HARTUNG, James N.",USA,Men,team competition,M,Gold
Los Angeles,1984,Gymnastics,Artistic G.,"JOHNSON, Scott Philip",USA,Men,team competition,M,Gold
Los Angeles,1984,Gymnastics,Artistic G.,"VIDMAR, Peter Glen",USA,Men,team competition,M,Gold
Los Angeles,1984,Gymnastics,Artistic G.,"LI, Ning",CHN,Men,team competition,M,Silver
Los Angeles,1984,Gymnastics,Artistic G.,"LI, Xiao-Ping",CHN,Men,team competition,M,Silver
Los Angeles,1984,Gymnastics,Artistic G.,"LI, Yue-Jiu",CHN,Men,team competition,M,Silver
Los Angeles,1984,Gymnastics,Artistic G.,"LOU, Yun",CHN,Men,team competition,M,Silver
Los Angeles,1984,Gymnastics,Artistic G.,"TONG, Fei",CHN,Men,team competition,M,Silver
Los Angeles,1984,Gymnastics,Artistic G.,"XU, Zhi-Qiang",CHN,Men,team competition,M,Silver
Los Angeles,1984,Gymnastics,Artistic G.,"CHEN, Youg-Yan",CHN,Women,team competition,W,Bronze
Los Angeles,1984,Gymnastics,Artistic G.,"HUANG, Qun",CHN,Women,team competition,W,Bronze
Los Angeles,1984,Gymnastics,Artistic G.,"MA, Yan-Hong",CHN,Women,team competition,W,Bronze
Los Angeles,1984,Gymnastics,Artistic G.,"WU, Jia-Ni",CHN,Women,team competition,W,Bronze
Los Angeles,1984,Gymnastics,Artistic G.,"ZHOU, Ping",CHN,Women,team competition,W,Bronze
Los Angeles,1984,Gymnastics,Artistic G.,"ZHOU, Qiu-Rui",CHN,Women,team competition,W,Bronze
Los Angeles,1984,Gymnastics,Artistic G.,"AGACHE, Lavinia",ROU,Women,team competition,W,Gold
Los Angeles,1984,Gymnastics,Artistic G.,"CUTINA, Laura",ROU,Women,team competition,W,Gold
Los Angeles,1984,Gymnastics,Artistic G.,"GRIGORAS, Cristina Elena",ROU,Women,team competition,W,Gold
Los Angeles,1984,Gymnastics,Artistic G.,"PAUCA, Simona",ROU,Women,team competition,W,Gold
Los Angeles,1984,Gymnastics,Artistic G.,"STANULET, Mihaela",ROU,Women,team competition,W,Gold
Los Angeles,1984,Gymnastics,Artistic G.,"SZABO, Ecaterina",ROU,Women,team competition,W,Gold
Los Angeles,1984,Gymnastics,Artistic G.,"BILEK, Pamela Jean",USA,Women,team competition,W,Silver
Los Angeles,1984,Gymnastics,Artistic G.,"DUSSERRE, Michelle Hollis",USA,Women,team competition,W,Silver
Los Angeles,1984,Gymnastics,Artistic G.,"JOHNSON, Kathleen Ann",USA,Women,team competition,W,Silver
Los Angeles,1984,Gymnastics,Artistic G.,"MCNAMARA, Julianne Lyn",USA,Women,team competition,W,Silver
Los Angeles,1984,Gymnastics,Artistic G.,"RETTON, Mary-Lou",USA,Women,team competition,W,Silver
Los Angeles,1984,Gymnastics,Artistic G.,"TALAVERA, Tracee Ann",USA,Women,team competition,W,Silver
Los Angeles,1984,Gymnastics,Artistic G.,"RETTON, Mary-Lou",USA,Women,uneven bars,W,Bronze
Los Angeles,1984,Gymnastics,Artistic G.,"MA, Yan-Hong",CHN,Women,uneven bars,W,Gold
Los Angeles,1984,Gymnastics,Artistic G.,"MCNAMARA, Julianne Lyn",USA,Women,uneven bars,W,Gold
Los Angeles,1984,Gymnastics,Artistic G.,"LOU, Yun",CHN,Men,vault,M,Gold
Los Angeles,1984,Gymnastics,Artistic G.,"GAYLORD, Mitchell Jay",USA,Men,vault,M,Silver
Los Angeles,1984,Gymnastics,Artistic G.,"GUSHIKEN, Koji",JPN,Men,vault,M,Silver
Los Angeles,1984,Gymnastics,Artistic G.,"LI, Ning",CHN,Men,vault,M,Silver
Los Angeles,1984,Gymnastics,Artistic G.,"MORISUE, Shinji",JPN,Men,vault,M,Silver
Los Angeles,1984,Gymnastics,Artistic G.,"AGACHE, Lavinia",ROU,Women,vault,W,Bronze
Los Angeles,1984,Gymnastics,Artistic G.,"SZABO, Ecaterina",ROU,Women,vault,W,Gold
Los Angeles,1984,Gymnastics,Artistic G.,"RETTON, Mary-Lou",USA,Women,vault,W,Silver
Los Angeles,1984,Gymnastics,Rhythmic G.,"WEBER, Regina",FRG,Women,individual all-round,W,Bronze
Los Angeles,1984,Gymnastics,Rhythmic G.,"FUNG, Lori",CAN,Women,individual all-round,W,Gold
Los Angeles,1984,Gymnastics,Rhythmic G.,"STAICULESCU, Doina",ROU,Women,individual all-round,W,Silver
Los Angeles,1984,Handball,Handball,"BEDEVAN, Mircea",ROU,Men,handball,M,Bronze
Los Angeles,1984,Handball,Handball,"BERBECE, Dumitru",ROU,Men,handball,M,Bronze
Los Angeles,1984,Handball,Handball,"BOROS, Iosif",ROU,Men,handball,M,Bronze
Los Angeles,1984,Handball,Handball,"BULIGAN, Alexandru",ROU,Men,handball,M,Bronze
Los Angeles,1984,Handball,Handball,"COVACIU, Gheorghe",ROU,Men,handball,M,Bronze
Los Angeles,1984,Handball,Handball,"DRAGESCU, George",ROU,Men,handball,M,Bronze
Los Angeles,1984,Handball,Handball,"DUMITRU, Marian",ROU,Men,handball,M,Bronze
Los Angeles,1984,Handball,Handball,"DURAU, Cornel",ROU,Men,handball,M,Bronze
Los Angeles,1984,Handball,Handball,"FOLKER, Alexandru",ROU,Men,handball,M,Bronze
Los Angeles,1984,Handball,Handball,"MUNTEANU, Nicolae",ROU,Men,handball,M,Bronze
Los Angeles,1984,Handball,Handball,"OPREA, Vasile",ROU,Men,handball,M,Bronze
Los Angeles,1984,Handball,Handball,"SIMION, Adrian",ROU,Men,handball,M,Bronze
Los Angeles,1984,Handball,Handball,"STINGA, Vasile",ROU,Men,handball,M,Bronze
Los Angeles,1984,Handball,Handball,"VASILCA, Neculai",ROU,Men,handball,M,Bronze
Los Angeles,1984,Handball,Handball,"VOINEA, Maricel",ROU,Men,handball,M,Bronze
Los Angeles,1984,Handball,Handball,"ARNAUTOVIC, Zlatan",YUG,Men,handball,M,Gold
Los Angeles,1984,Handball,Handball,"BASIC, Mirko",YUG,Men,handball,M,Gold
Los Angeles,1984,Handball,Handball,"ELEZOVIC, Jovica",YUG,Men,handball,M,Gold
Los Angeles,1984,Handball,Handball,"ISAKOVIC, Mile",YUG,Men,handball,M,Gold
Los Angeles,1984,Handball,Handball,"JURINA, Pavle",YUG,Men,handball,M,Gold
Los Angeles,1984,Handball,Handball,"KALINA, Milan",YUG,Men,handball,M,Gold
Los Angeles,1984,Handball,Handball,"KUZMANOVSKI, Slobodan",YUG,Men,handball,M,Gold
Los Angeles,1984,Handball,Handball,"MLADENOVIC, Dragan",YUG,Men,handball,M,Gold
Los Angeles,1984,Handball,Handball,"RADJENOVIC, Zdravko",YUG,Men,handball,M,Gold
Los Angeles,1984,Handball,Handball,"RNIC, Momir",YUG,Men,handball,M,Gold
Los Angeles,1984,Handball,Handball,"STRBAC, Branko",YUG,Men,handball,M,Gold
Los Angeles,1984,Handball,Handball,"VUJOVIC, Veselin",YUG,Men,handball,M,Gold
Los Angeles,1984,Handball,Handball,"VUKOVIC, Veselin",YUG,Men,handball,M,Gold
Los Angeles,1984,Handball,Handball,"ZOVKO, Zdravko",YUG,Men,handball,M,Gold
Los Angeles,1984,Handball,Handball,"FRAATZ, Jochen",FRG,Men,handball,M,Silver
Los Angeles,1984,Handball,Handball,"HAPPE, Thomas",FRG,Men,handball,M,Silver
Los Angeles,1984,Handball,Handball,"MEFFLE, Arnulf",FRG,Men,handball,M,Silver
Los Angeles,1984,Handball,Handball,"NEITZEL, Rudiger",FRG,Men,handball,M,Silver
Los Angeles,1984,Handball,Handball,"PAUL, Michael",FRG,Men,handball,M,Silver
Los Angeles,1984,Handball,Handball,"RAUIN, Dirk",FRG,Men,handball,M,Silver
Los Angeles,1984,Handball,Handball,"ROCH, Siegfried",FRG,Men,handball,M,Silver
Los Angeles,1984,Handball,Handball,"ROTH, Michael",FRG,Men,handball,M,Silver
Los Angeles,1984,Handball,Handball,"ROTH, Ulrich",FRG,Men,handball,M,Silver
Los Angeles,1984,Handball,Handball,"SCHWALB, Martin",FRG,Men,handball,M,Silver
Los Angeles,1984,Handball,Handball,"SCHWENKER, Uwe",FRG,Men,handball,M,Silver
Los Angeles,1984,Handball,Handball,"SPRINGEL, Thomas",FRG,Men,handball,M,Silver
Los Angeles,1984,Handball,Handball,"THIEL, Andreas",FRG,Men,handball,M,Silver
Los Angeles,1984,Handball,Handball,"WOLLER, Klaus",FRG,Men,handball,M,Silver
Los Angeles,1984,Handball,Handball,"WUNDERLICH, Erhard",FRG,Men,handball,M,Silver
Los Angeles,1984,Handball,Handball,"CHEN, Zhen",CHN,Women,handball,W,Bronze
Los Angeles,1984,Handball,Handball,"GAO, Xiu-Min",CHN,Women,handball,W,Bronze
Los Angeles,1984,Handball,Handball,"HE, Jian-Ping",CHN,Women,handball,W,Bronze
Los Angeles,1984,Handball,Handball,"LI, Lan",CHN,Women,handball,W,Bronze
Los Angeles,1984,Handball,Handball,"LIU, Li-Ping",CHN,Women,handball,W,Bronze
Los Angeles,1984,Handball,Handball,"LIU, Yu-Mei",CHN,Women,handball,W,Bronze
Los Angeles,1984,Handball,Handball,"SUN, Xiu-Lan",CHN,Women,handball,W,Bronze
Los Angeles,1984,Handball,Handball,"WANG, Lin-Wei",CHN,Women,handball,W,Bronze
Los Angeles,1984,Handball,Handball,"WANG, Ming-Xing",CHN,Women,handball,W,Bronze
Los Angeles,1984,Handball,Handball,"WU, Xing-Jiang",CHN,Women,handball,W,Bronze
Los Angeles,1984,Handball,Handball,"ZHANG, Pei-Jun",CHN,Women,handball,W,Bronze
Los Angeles,1984,Handball,Handball,"ZHANG, Wei-Hong",CHN,Women,handball,W,Bronze
Los Angeles,1984,Handball,Handball,"ZHU, Jue-Feng",CHN,Women,handball,W,Bronze
Los Angeles,1984,Handball,Handball,"ANASTASOVSKI, Svetlana",YUG,Women,handball,W,Gold
Los Angeles,1984,Handball,Handball,"CUDERMAN, Alenka",YUG,Women,handball,W,Gold
Los Angeles,1984,Handball,Handball,"DJUKIC, Slavica",YUG,Women,handball,W,Gold
Los Angeles,1984,Handball,Handball,"DJURIC, Dragica",YUG,Women,handball,W,Gold
Los Angeles,1984,Handball,Handball,"DJURICA, Mirjana",YUG,Women,handball,W,Gold
Los Angeles,1984,Handball,Handball,"ERCIC, Emilija",YUG,Women,handball,W,Gold
Los Angeles,1984,Handball,Handball,"JANKOVIC, Ljubinka",YUG,Women,handball,W,Gold
Los Angeles,1984,Handball,Handball,"KITIC-DASIC, Svetlana",YUG,Women,handball,W,Gold
Los Angeles,1984,Handball,Handball,"MERDAN-KOLAR, Jasna",YUG,Women,handball,W,Gold
Los Angeles,1984,Handball,Handball,"MUGOSA, Ljiljana",YUG,Women,handball,W,Gold
Los Angeles,1984,Handball,Handball,"MUGOSA-ANTIT, Svetlana",YUG,Women,handball,W,Gold
Los Angeles,1984,Handball,Handball,"OGNJENOVIC, Mirjana",YUG,Women,handball,W,Gold
Los Angeles,1984,Handball,Handball,"PAVISEVIC, Zorica",YUG,Women,handball,W,Gold
