Atlanta,1996,Aquatics,Synchronized S.,"NAKAJIMA, Riho",JPN,Women,team,W,Bronze
Atlanta,1996,Aquatics,Synchronized S.,"TACHIBANA, Miya",JPN,Women,team,W,Bronze
Atlanta,1996,Aquatics,Synchronized S.,"TAKAHASHI, Kaori",JPN,Women,team,W,Bronze
Atlanta,1996,Aquatics,Synchronized S.,"TAKEDA, Miho",JPN,Women,team,W,Bronze
Atlanta,1996,Aquatics,Synchronized S.,"TANAKA, Junko",JPN,Women,team,W,Bronze
Atlanta,1996,Aquatics,Synchronized S.,"BIANCO, Suzannah",USA,Women,team,W,Gold
Atlanta,1996,Aquatics,Synchronized S.,"CLELAND, Tammy",USA,Women,team,W,Gold
Atlanta,1996,Aquatics,Synchronized S.,"DYROEN-LANCER, Becky",USA,Women,team,W,Gold
Atlanta,1996,Aquatics,Synchronized S.,"LESUEUR, Emily",USA,Women,team,W,Gold
Atlanta,1996,Aquatics,Synchronized S.,"PEASE, Heather",USA,Women,team,W,Gold
Atlanta,1996,Aquatics,Synchronized S.,"SAVERY, Jill",USA,Women,team,W,Gold
Atlanta,1996,Aquatics,Synchronized S.,"SCHNEYDER, Nathalie",USA,Women,team,W,Gold
Atlanta,1996,Aquatics,Synchronized S.,"SIMMONS-CARRASCO, Heather",USA,Women,team,W,Gold
Atlanta,1996,Aquatics,Synchronized S.,"SUDDUTH, Jill",USA,Women,team,W,Gold
Atlanta,1996,Aquatics,Synchronized S.,"THIEN, Margot",USA,Women,team,W,Gold
Atlanta,1996,Aquatics,Synchronized S.,"ALEXANDER, Lisa",CAN,Women,team,W,Silver
Atlanta,1996,Aquatics,Synchronized S.,"BREMNER, Janice",CAN,Women,team,W,Silver
Atlanta,1996,Aquatics,Synchronized S.,"CLARK, Karen",CAN,Women,team,W,Silver
Atlanta,1996,Aquatics,Synchronized S.,"FONTEYNE, Karen",CAN,Women,team,W,Silver
Atlanta,1996,Aquatics,Synchronized S.,"FRECHETTE, Sylvie",CAN,Women,team,W,Silver
Atlanta,1996,Aquatics,Synchronized S.,"HOULD-MARCHAND, Valerie",CAN,Women,team,W,Silver
Atlanta,1996,Aquatics,Synchronized S.,"KULESZA, Kasia",CAN,Women,team,W,Silver
Atlanta,1996,Aquatics,Synchronized S.,"LARSEN, Christine",CAN,Women,team,W,Silver
Atlanta,1996,Aquatics,Synchronized S.,"READ, Cari",CAN,Women,team,W,Silver
Atlanta,1996,Aquatics,Synchronized S.,"WOODLEY, Erin",CAN,Women,team,W,Silver
Atlanta,1996,Aquatics,Water polo,"ANGELINI, Alberto",ITA,Men,water polo,M,Bronze
Atlanta,1996,Aquatics,Water polo,"ATTOLICO, Francesco",ITA,Men,water polo,M,Bronze
Atlanta,1996,Aquatics,Water polo,"BENCIVENGA, Fabio",ITA,Men,water polo,M,Bronze
Atlanta,1996,Aquatics,Water polo,"BOVO, Alessandro",ITA,Men,water polo,M,Bronze
Atlanta,1996,Aquatics,Water polo,"CALCATERRA, Alessandro",ITA,Men,water polo,M,Bronze
Atlanta,1996,Aquatics,Water polo,"CALCATERRA, Roberto",ITA,Men,water polo,M,Bronze
Atlanta,1996,Aquatics,Water polo,"GERINI, Marco",ITA,Men,water polo,M,Bronze
Atlanta,1996,Aquatics,Water polo,"GHIBELLINI, Alberto",ITA,Men,water polo,M,Bronze
Atlanta,1996,Aquatics,Water polo,"GIUSTOLISI, Luca",ITA,Men,water polo,M,Bronze
Atlanta,1996,Aquatics,Water polo,"POMILIO, Amedeo",ITA,Men,water polo,M,Bronze
Atlanta,1996,Aquatics,Water polo,"POSTIGLIONE, Francesco",ITA,Men,water polo,M,Bronze
Atlanta,1996,Aquatics,Water polo,"SILIPO, Carlo",ITA,Men,water polo,M,Bronze
Atlanta,1996,Aquatics,Water polo,"SOTTANI, Leonardo",ITA,Men,water polo,M,Bronze
Atlanta,1996,Aquatics,Water polo,"ABARCA, Jose Maria",ESP,Men,water polo,M,Gold
Atlanta,1996,Aquatics,Water polo,"ANDREO, Angel",ESP,Men,water polo,M,Gold
Atlanta,1996,Aquatics,Water polo,"BALLART, Daniel",ESP,Men,water polo,M,Gold
Atlanta,1996,Aquatics,Water polo,"ESTIARTE, Manuel",ESP,Men,water polo,M,Gold
Atlanta,1996,Aquatics,Water polo,"GARCIA AGUADO, Pedro",ESP,Men,water polo,M,Gold
Atlanta,1996,Aquatics,Water polo,"GOMEZ, Salvador",ESP,Men,water polo,M,Gold
Atlanta,1996,Aquatics,Water polo,"MORO, Ivan",ESP,Men,water polo,M,Gold
Atlanta,1996,Aquatics,Water polo,"OCA, Miguel Angel",ESP,Men,water polo,M,Gold
Atlanta,1996,Aquatics,Water polo,"PAYA, Jorge",ESP,Men,water polo,M,Gold
Atlanta,1996,Aquatics,Water polo,"PEDREROL, Sergi",ESP,Men,water polo,M,Gold
Atlanta,1996,Aquatics,Water polo,"ROLLAN, Jesus",ESP,Men,water polo,M,Gold
Atlanta,1996,Aquatics,Water polo,"SANS, Jordi",ESP,Men,water polo,M,Gold
Atlanta,1996,Aquatics,Water polo,"SANZ, Carlos",ESP,Men,water polo,M,Gold
Atlanta,1996,Aquatics,Water polo,"BALIC, Maro",CRO,Men,water polo,M,Silver
Atlanta,1996,Aquatics,Water polo,"BUKIC, Perica",CRO,Men,water polo,M,Silver
Atlanta,1996,Aquatics,Water polo,"GLAVAN, Damir",CRO,Men,water polo,M,Silver
Atlanta,1996,Aquatics,Water polo,"HINIC, Igor",CRO,Men,water polo,M,Silver
Atlanta,1996,Aquatics,Water polo,"KOBESCAK, Vjekoslav",CRO,Men,water polo,M,Silver
Atlanta,1996,Aquatics,Water polo,"KREKOVIC, Josko",CRO,Men,water polo,M,Silver
Atlanta,1996,Aquatics,Water polo,"KRZIC, Ognjen",CRO,Men,water polo,M,Silver
Atlanta,1996,Aquatics,Water polo,"SIMENC, Dubravko",CRO,Men,water polo,M,Silver
Atlanta,1996,Aquatics,Water polo,"SKOLNEKOVIC, Sinisa",CRO,Men,water polo,M,Silver
Atlanta,1996,Aquatics,Water polo,"STRITOF, Ratko",CRO,Men,water polo,M,Silver
Atlanta,1996,Aquatics,Water polo,"VEGAR, Tino",CRO,Men,water polo,M,Silver
Atlanta,1996,Aquatics,Water polo,"VRBICIC, Renato",CRO,Men,water polo,M,Silver
Atlanta,1996,Aquatics,Water polo,"VRDOLJAK, Zdeslav",CRO,Men,water polo,M,Silver
Atlanta,1996,Archery,Archery,"OH, Kyo-Moon",KOR,Men,individual (FITA Olympic round - 70m),M,Bronze
Atlanta,1996,Archery,Archery,"HUISH, Justin",USA,Men,individual (FITA Olympic round - 70m),M,Gold
Atlanta,1996,Archery,Archery,"PETERSSON, Magnus",SWE,Men,individual (FITA Olympic round - 70m),M,Silver
Atlanta,1996,Archery,Archery,"SADOVNYCHA, Olena",UKR,Women,individual (FITA Olympic round - 70m),W,Bronze
Atlanta,1996,Archery,Archery,"KIM, Kyung-Wook",KOR,Women,individual (FITA Olympic round - 70m),W,Gold
Atlanta,1996,Archery,Archery,"HE, Ying",CHN,Women,individual (FITA Olympic round - 70m),W,Silver
Atlanta,1996,Archery,Archery,"BISIANI, Matteo",ITA,Men,team (FITA Olympic round - 70m),M,Bronze
Atlanta,1996,Archery,Archery,"FRANGILLI, Michele",ITA,Men,team (FITA Olympic round - 70m),M,Bronze
Atlanta,1996,Archery,Archery,"PARENTI, Andrea",ITA,Men,team (FITA Olympic round - 70m),M,Bronze
Atlanta,1996,Archery,Archery,"HUISH, Justin",USA,Men,team (FITA Olympic round - 70m),M,Gold
Atlanta,1996,Archery,Archery,"JOHNSON, Richard",USA,Men,team (FITA Olympic round - 70m),M,Gold
Atlanta,1996,Archery,Archery,"WHITE, Rodney",USA,Men,team (FITA Olympic round - 70m),M,Gold
Atlanta,1996,Archery,Archery,"JANG, Yong-Ho",KOR,Men,team (FITA Olympic round - 70m),M,Silver
Atlanta,1996,Archery,Archery,"KIM, Bo-Ram",KOR,Men,team (FITA Olympic round - 70m),M,Silver
Atlanta,1996,Archery,Archery,"OH, Kyo-Moon",KOR,Men,team (FITA Olympic round - 70m),M,Silver
Atlanta,1996,Archery,Archery,"DZIECIOL, Iwona",POL,Women,team (FITA Olympic round - 70m),W,Bronze
Atlanta,1996,Archery,Archery,"KLATA, Katarzyna",POL,Women,team (FITA Olympic round - 70m),W,Bronze
Atlanta,1996,Archery,Archery,"NOWICKA, Joanna",POL,Women,team (FITA Olympic round - 70m),W,Bronze
Atlanta,1996,Archery,Archery,"KIM, Jo-Sun",KOR,Women,team (FITA Olympic round - 70m),W,Gold
Atlanta,1996,Archery,Archery,"KIM, Kyung-Wook",KOR,Women,team (FITA Olympic round - 70m),W,Gold
Atlanta,1996,Archery,Archery,"YOUN, Hye-Young",KOR,Women,team (FITA Olympic round - 70m),W,Gold
Atlanta,1996,Archery,Archery,"MENSING, Barbara",GER,Women,team (FITA Olympic round - 70m),W,Silver
Atlanta,1996,Archery,Archery,"PFOHL, Cornelia",GER,Women,team (FITA Olympic round - 70m),W,Silver
Atlanta,1996,Archery,Archery,"WAGNER, Sandra",GER,Women,team (FITA Olympic round - 70m),W,Silver
Atlanta,1996,Athletics,Athletics,"HISSOU, Salah",MAR,Men,10000m,M,Bronze
Atlanta,1996,Athletics,Athletics,"GEBRSELASSIE, Haile",ETH,Men,10000m,M,Gold
Atlanta,1996,Athletics,Athletics,"TERGAT, Paul",KEN,Men,10000m,M,Silver
Atlanta,1996,Athletics,Athletics,"WAMI, Gete",ETH,Women,10000m,W,Bronze
Atlanta,1996,Athletics,Athletics,"RIBEIRO, Fernanda",POR,Women,10000m,W,Gold
Atlanta,1996,Athletics,Athletics,"WANG, Junxia",CHN,Women,10000m,W,Silver
Atlanta,1996,Athletics,Athletics,"WANG, Yan",CHN,Women,10000m walk,W,Bronze
Atlanta,1996,Athletics,Athletics,"NIKOLAYEVA, Yelena",RUS,Women,10000m walk,W,Gold
Atlanta,1996,Athletics,Athletics,"PERRONE, Elisabetta",ITA,Women,10000m walk,W,Silver
Atlanta,1996,Athletics,Athletics,"BOLDON, Ato",TRI,Men,100m,M,Bronze
Atlanta,1996,Athletics,Athletics,"BAILEY, Donovan",CAN,Men,100m,M,Gold
Atlanta,1996,Athletics,Athletics,"FREDERICKS, Frank",NAM,Men,100m,M,Silver
Atlanta,1996,Athletics,Athletics,"TORRENCE, Gwen",USA,Women,100m,W,Bronze
Atlanta,1996,Athletics,Athletics,"DEVERS, Gail",USA,Women,100m,W,Gold
Atlanta,1996,Athletics,Athletics,"OTTEY-PAGE, Merlene",JAM,Women,100m,W,Silver
Atlanta,1996,Athletics,Athletics,"GIRARD, Patricia",FRA,Women,100m hurdles,W,Bronze
Atlanta,1996,Athletics,Athletics,"ENGQUIST, Ludmila",SWE,Women,100m hurdles,W,Gold
Atlanta,1996,Athletics,Athletics,"BUKOVEC, Brigitta",SLO,Women,100m hurdles,W,Silver
Atlanta,1996,Athletics,Athletics,"SCHWARTHOFF, Florian",GER,Men,110m hurdles,M,Bronze
Atlanta,1996,Athletics,Athletics,"JOHNSON, Allen",USA,Men,110m hurdles,M,Gold
Atlanta,1996,Athletics,Athletics,"CREAR, Mark",USA,Men,110m hurdles,M,Silver
Atlanta,1996,Athletics,Athletics,"KIPKORIR, Stephen",KEN,Men,1500m,M,Bronze
Atlanta,1996,Athletics,Athletics,"MORCELI, Nourredine",ALG,Men,1500m,M,Gold
Atlanta,1996,Athletics,Athletics,"CACHO RUIZ, Fermin",ESP,Men,1500m,M,Silver
Atlanta,1996,Athletics,Athletics,"KIESL, Theresia",AUT,Women,1500m,W,Bronze
Atlanta,1996,Athletics,Athletics,"MASTERKOVA, Svetlana",RUS,Women,1500m,W,Gold
Atlanta,1996,Athletics,Athletics,"SZABO, Gabriela",ROU,Women,1500m,W,Silver
Atlanta,1996,Athletics,Athletics,"BOLDON, Ato",TRI,Men,200m,M,Bronze
Atlanta,1996,Athletics,Athletics,"JOHNSON, Michael",USA,Men,200m,M,Gold
Atlanta,1996,Athletics,Athletics,"FREDERICKS, Frank",NAM,Men,200m,M,Silver
Atlanta,1996,Athletics,Athletics,"ONYALI, Mary",NGR,Women,200m,W,Bronze
Atlanta,1996,Athletics,Athletics,"PEREC, Marie-Jose",FRA,Women,200m,W,Gold
Atlanta,1996,Athletics,Athletics,"OTTEY-PAGE, Merlene",JAM,Women,200m,W,Silver
Atlanta,1996,Athletics,Athletics,"SEGURA, Bernardo",MEX,Men,20km walk,M,Bronze
Atlanta,1996,Athletics,Athletics,"PEREZ, Jefferson",ECU,Men,20km walk,M,Gold
Atlanta,1996,Athletics,Athletics,"MARKOV, Ilya",RUS,Men,20km walk,M,Silver
Atlanta,1996,Athletics,Athletics,"LAMBRUSCHINI, Alessandro",ITA,Men,3000m steeplechase,M,Bronze
Atlanta,1996,Athletics,Athletics,"KETER, Joseph",KEN,Men,3000m steeplechase,M,Gold
Atlanta,1996,Athletics,Athletics,"KIPTANUI, Moses",KEN,Men,3000m steeplechase,M,Silver
Atlanta,1996,Athletics,Athletics,"KAMOGA, Davis",UGA,Men,400m,M,Bronze
Atlanta,1996,Athletics,Athletics,"JOHNSON, Michael",USA,Men,400m,M,Gold
Atlanta,1996,Athletics,Athletics,"BLACK, Roger",GBR,Men,400m,M,Silver
Atlanta,1996,Athletics,Athletics,"OGUNKOYA, Falilat",NGR,Women,400m,W,Bronze
Atlanta,1996,Athletics,Athletics,"PEREC, Marie-Jose",FRA,Women,400m,W,Gold
Atlanta,1996,Athletics,Athletics,"FREEMAN, Cathy",AUS,Women,400m,W,Silver
Atlanta,1996,Athletics,Athletics,"DAVIS, Calvin",USA,Men,400m hurdles,M,Bronze
Atlanta,1996,Athletics,Athletics,"ADKINS, Derrick",USA,Men,400m hurdles,M,Gold
Atlanta,1996,Athletics,Athletics,"MATETE, Samuel",ZAM,Men,400m hurdles,M,Silver
Atlanta,1996,Athletics,Athletics,"BUFORD-BAILEY, Tonja",USA,Women,400m hurdles,W,Bronze
Atlanta,1996,Athletics,Athletics,"HEMMINGS, Deon Marie",JAM,Women,400m hurdles,W,Gold
Atlanta,1996,Athletics,Athletics,"BATTEN, Kim",USA,Women,400m hurdles,W,Silver
Atlanta,1996,Athletics,Athletics,"DA SILVA, Arnaldo",BRA,Men,4x100m relay,M,Bronze
Atlanta,1996,Athletics,Athletics,"DA SILVA, Robson",BRA,Men,4x100m relay,M,Bronze
Atlanta,1996,Athletics,Athletics,"RIBEIRO, Edson",BRA,Men,4x100m relay,M,Bronze
Atlanta,1996,Athletics,Athletics,"SILVA, Andre Domingos",BRA,Men,4x100m relay,M,Bronze
Atlanta,1996,Athletics,Athletics,"BAILEY, Donovan",CAN,Men,4x100m relay,M,Gold
Atlanta,1996,Athletics,Athletics,"CHAMBERS, Carlton",CAN,Men,4x100m relay,M,Gold
Atlanta,1996,Athletics,Athletics,"ESMIE, Robert",CAN,Men,4x100m relay,M,Gold
Atlanta,1996,Athletics,Athletics,"GILBERT, Glenroy",CAN,Men,4x100m relay,M,Gold
Atlanta,1996,Athletics,Athletics,"SURIN, Bruny",CAN,Men,4x100m relay,M,Gold
Atlanta,1996,Athletics,Athletics,"DRUMMOND, Jon",USA,Men,4x100m relay,M,Silver
Atlanta,1996,Athletics,Athletics,"HARDEN, Tim",USA,Men,4x100m relay,M,Silver
Atlanta,1996,Athletics,Athletics,"MARSH, Michael",USA,Men,4x100m relay,M,Silver
Atlanta,1996,Athletics,Athletics,"MITCHELL, Dennis",USA,Men,4x100m relay,M,Silver
Atlanta,1996,Athletics,Athletics,"MONTGOMERY, Tim",USA,Men,4x100m relay,M,Silver
Atlanta,1996,Athletics,Athletics,"CUTHBERT, Juliet",JAM,Women,4x100m relay,W,Bronze
Atlanta,1996,Athletics,Athletics,"FREEMAN, Michele",JAM,Women,4x100m relay,W,Bronze
Atlanta,1996,Athletics,Athletics,"LLOYD, Andrea",JAM,Women,4x100m relay,W,Bronze
Atlanta,1996,Athletics,Athletics,"MITCHELL, Nikole",JAM,Women,4x100m relay,W,Bronze
Atlanta,1996,Athletics,Athletics,"OTTEY-PAGE, Merlene",JAM,Women,4x100m relay,W,Bronze
Atlanta,1996,Athletics,Athletics,"RUSSELL, Gillian Claire",JAM,Women,4x100m relay,W,Bronze
Atlanta,1996,Athletics,Athletics,"DEVERS, Gail",USA,Women,4x100m relay,W,Gold
Atlanta,1996,Athletics,Athletics,"GAINES, Chryste",USA,Women,4x100m relay,W,Gold
Atlanta,1996,Athletics,Athletics,"GUIDRY-WHITE, Carlette D.",USA,Women,4x100m relay,W,Gold
Atlanta,1996,Athletics,Athletics,"MILLER, Inger",USA,Women,4x100m relay,W,Gold
Atlanta,1996,Athletics,Athletics,"TORRENCE, Gwen",USA,Women,4x100m relay,W,Gold
Atlanta,1996,Athletics,Athletics,"CLARKE, Eldece",BAH,Women,4x100m relay,W,Silver
Atlanta,1996,Athletics,Athletics,"DAVIS, Pauline Elaine",BAH,Women,4x100m relay,W,Silver
Atlanta,1996,Athletics,Athletics,"FERGUSON-MCKENZIE, Debbie",BAH,Women,4x100m relay,W,Silver
Atlanta,1996,Athletics,Athletics,"FYNES, Sevatheda",BAH,Women,4x100m relay,W,Silver
Atlanta,1996,Athletics,Athletics,"STURRUP, Chandra",BAH,Women,4x100m relay,W,Silver
Atlanta,1996,Athletics,Athletics,"BLAKE, Dennis Anthony",JAM,Men,4x400m relay,M,Bronze
Atlanta,1996,Athletics,Athletics,"CLARKE, Davian",JAM,Men,4x400m relay,M,Bronze
Atlanta,1996,Athletics,Athletics,"HAUGHTON, Greg",JAM,Men,4x400m relay,M,Bronze
Atlanta,1996,Athletics,Athletics,"MARTIN, Roxbert",JAM,Men,4x400m relay,M,Bronze
Atlanta,1996,Athletics,Athletics,"MCDONALD, Michael",JAM,Men,4x400m relay,M,Bronze
Atlanta,1996,Athletics,Athletics,"ROBINSON, Garth",JAM,Men,4x400m relay,M,Bronze
Atlanta,1996,Athletics,Athletics,"HARRISON, Alvin",USA,Men,4x400m relay,M,Gold
Atlanta,1996,Athletics,Athletics,"MAYBANK, Anthuan",USA,Men,4x400m relay,M,Gold
Atlanta,1996,Athletics,Athletics,"MILLS, Derek",USA,Men,4x400m relay,M,Gold
Atlanta,1996,Athletics,Athletics,"ROUSER, Jason",USA,Men,4x400m relay,M,Gold
Atlanta,1996,Athletics,Athletics,"SMITH, Lamont",USA,Men,4x400m relay,M,Gold
Atlanta,1996,Athletics,Athletics,"BAULCH, Jamie",GBR,Men,4x400m relay,M,Silver
Atlanta,1996,Athletics,Athletics,"BLACK, Roger",GBR,Men,4x400m relay,M,Silver
Atlanta,1996,Athletics,Athletics,"HYLTON, Mark",GBR,Men,4x400m relay,M,Silver
Atlanta,1996,Athletics,Athletics,"LADEJO, Duaine",GBR,Men,4x400m relay,M,Silver
Atlanta,1996,Athletics,Athletics,"RICHARDSON, Mark Ashton",GBR,Men,4x400m relay,M,Silver
Atlanta,1996,Athletics,Athletics,"THOMAS, Iwan",GBR,Men,4x400m relay,M,Silver
Atlanta,1996,Athletics,Athletics,"BREUER, Grit",GER,Women,4x400m relay,W,Bronze
Atlanta,1996,Athletics,Athletics,"KISABAKA, Linda",GER,Women,4x400m relay,W,Bronze
Atlanta,1996,Athletics,Athletics,"ROHLANDER, Uta",GER,Women,4x400m relay,W,Bronze
Atlanta,1996,Athletics,Athletics,"RÜCKER, Anja",GER,Women,4x400m relay,W,Bronze
Atlanta,1996,Athletics,Athletics,"GRAHAM, Kim",USA,Women,4x400m relay,W,Gold
Atlanta,1996,Athletics,Athletics,"MALONE, Maicel",USA,Women,4x400m relay,W,Gold
Atlanta,1996,Athletics,Athletics,"MILES, Jearl",USA,Women,4x400m relay,W,Gold
Atlanta,1996,Athletics,Athletics,"STEVENS, Rochelle",USA,Women,4x400m relay,W,Gold
Atlanta,1996,Athletics,Athletics,"WILSON, Linetta",USA,Women,4x400m relay,W,Gold
Atlanta,1996,Athletics,Athletics,"AFOLABI, Bisi",NGR,Women,4x400m relay,W,Silver
Atlanta,1996,Athletics,Athletics,"OGUNKOYA, Falilat",NGR,Women,4x400m relay,W,Silver
Atlanta,1996,Athletics,Athletics,"OPARA, Charity",NGR,Women,4x400m relay,W,Silver
Atlanta,1996,Athletics,Athletics,"YUSUF, Fatima",NGR,Women,4x400m relay,W,Silver
Atlanta,1996,Athletics,Athletics,"BOULAMI, Khalid",MAR,Men,5000m,M,Bronze
Atlanta,1996,Athletics,Athletics,"NIYONGABO, Venuste",BDI,Men,5000m,M,Gold
Atlanta,1996,Athletics,Athletics,"BITOK, Paul",KEN,Men,5000m,M,Silver
Atlanta,1996,Athletics,Athletics,"BRUNET, Roberta",ITA,Women,5000m,W,Bronze
Atlanta,1996,Athletics,Athletics,"WANG, Junxia",CHN,Women,5000m,W,Gold
Atlanta,1996,Athletics,Athletics,"KONGA, Pauline",KEN,Women,5000m,W,Silver
Atlanta,1996,Athletics,Athletics,"MASSANA, Valentin",ESP,Men,50km walk,M,Bronze
Atlanta,1996,Athletics,Athletics,"KORZENIOWSKI, Robert",POL,Men,50km walk,M,Gold
Atlanta,1996,Athletics,Athletics,"SHCHENNIKOV, Mikhail",RUS,Men,50km walk,M,Silver
Atlanta,1996,Athletics,Athletics,"ONYANCHA, Fred",KEN,Men,800m,M,Bronze
Atlanta,1996,Athletics,Athletics,"RODAL, Vebjorn",NOR,Men,800m,M,Gold
Atlanta,1996,Athletics,Athletics,"SEPENG, Hezekiel",RSA,Men,800m,M,Silver
Atlanta,1996,Athletics,Athletics,"MUTOLA, Maria",MOZ,Women,800m,W,Bronze
Atlanta,1996,Athletics,Athletics,"MASTERKOVA, Svetlana",RUS,Women,800m,W,Gold
Atlanta,1996,Athletics,Athletics,"QUIROT, Ana Fidelia",CUB,Women,800m,W,Silver
Atlanta,1996,Athletics,Athletics,"DVORAK, Tomas",CZE,Men,decathlon,M,Bronze
Atlanta,1996,Athletics,Athletics,"O'BRIEN, Dan",USA,Men,decathlon,M,Gold
Atlanta,1996,Athletics,Athletics,"BUSEMANN, Frank",GER,Men,decathlon,M,Silver
Atlanta,1996,Athletics,Athletics,"KAPTYUKH, Vasiliy",BLR,Men,discus throw,M,Bronze
Atlanta,1996,Athletics,Athletics,"RIEDEL, Lars",GER,Men,discus throw,M,Gold
Atlanta,1996,Athletics,Athletics,"DUBROVSHCHIK, Vladimir",BLR,Men,discus throw,M,Silver
Atlanta,1996,Athletics,Athletics,"ZVEREVA, Ellina",BLR,Women,discus throw,W,Bronze
Atlanta,1996,Athletics,Athletics,"WYLUDDA, Ilke",GER,Women,discus throw,W,Gold
Atlanta,1996,Athletics,Athletics,"SADOVA, Natalya",RUS,Women,discus throw,W,Silver
Atlanta,1996,Athletics,Athletics,"KRYKUN, Oleksiy",UKR,Men,hammer throw,M,Bronze
Atlanta,1996,Athletics,Athletics,"KISS, Balazs",HUN,Men,hammer throw,M,Gold
Atlanta,1996,Athletics,Athletics,"DEAL, Lance Earl",USA,Men,hammer throw,M,Silver
Atlanta,1996,Athletics,Athletics,"LEWIS, Denise",GBR,Women,heptathlon,W,Bronze
Atlanta,1996,Athletics,Athletics,"SHOUAA, Ghada",SYR,Women,heptathlon,W,Gold
Atlanta,1996,Athletics,Athletics,"SAZANOVICH, Natalya",BLR,Women,heptathlon,W,Silver
Atlanta,1996,Athletics,Athletics,"SMITH, Stephen James",GBR,Men,high jump,M,Bronze
Atlanta,1996,Athletics,Athletics,"AUSTIN, Charles",USA,Men,high jump,M,Gold
Atlanta,1996,Athletics,Athletics,"PARTYKA, Artur",POL,Men,high jump,M,Silver
Atlanta,1996,Athletics,Athletics,"BABAKOVA, Inha",UKR,Women,high jump,W,Bronze
Atlanta,1996,Athletics,Athletics,"KOSTADINOVA, Stefka",BUL,Women,high jump,W,Gold
Atlanta,1996,Athletics,Athletics,"BAKOGIANNI, Niki",GRE,Women,high jump,W,Silver
Atlanta,1996,Athletics,Athletics,"RATY, Seppo Henrik",FIN,Men,javelin throw,M,Bronze
Atlanta,1996,Athletics,Athletics,"ZELEZNY, Jan",CZE,Men,javelin throw,M,Gold
Atlanta,1996,Athletics,Athletics,"BACKLEY, Steve",GBR,Men,javelin throw,M,Silver
Atlanta,1996,Athletics,Athletics,"HATTESTAD, Trine",NOR,Women,javelin throw,W,Bronze
Atlanta,1996,Athletics,Athletics,"RANTANEN, Heli Orvokki",FIN,Women,javelin throw,W,Gold
Atlanta,1996,Athletics,Athletics,"MCPAUL, Louise",AUS,Women,javelin throw,W,Silver
Atlanta,1996,Athletics,Athletics,"GREENE, Joe",USA,Men,long jump,M,Bronze
Atlanta,1996,Athletics,Athletics,"LEWIS, Carl",USA,Men,long jump,M,Gold
Atlanta,1996,Athletics,Athletics,"BECKFORD, James",JAM,Men,long jump,M,Silver
Atlanta,1996,Athletics,Athletics,"JOYNER-KERSEE, Jackie",USA,Women,long jump,W,Bronze
Atlanta,1996,Athletics,Athletics,"AJUNWA, Chioma",NGR,Women,long jump,W,Gold
Atlanta,1996,Athletics,Athletics,"MAY, Fiona",ITA,Women,long jump,W,Silver
Atlanta,1996,Athletics,Athletics,"WAINAINA, Erick",KEN,Men,marathon,M,Bronze
Atlanta,1996,Athletics,Athletics,"THUGWANE, Josia",RSA,Men,marathon,M,Gold
Atlanta,1996,Athletics,Athletics,"LEE, Bong-Ju",KOR,Men,marathon,M,Silver
Atlanta,1996,Athletics,Athletics,"ARIMORI, Yuko",JPN,Women,marathon,W,Bronze
Atlanta,1996,Athletics,Athletics,"ROBA, Fatuma",ETH,Women,marathon,W,Gold
Atlanta,1996,Athletics,Athletics,"YEGOROVA, Valentina",RUS,Women,marathon,W,Silver
Atlanta,1996,Athletics,Athletics,"TIVONTCHIK, Andrei",GER,Men,pole vault,M,Bronze
Atlanta,1996,Athletics,Athletics,"GALFIONE, Jean",FRA,Men,pole vault,M,Gold
Atlanta,1996,Athletics,Athletics,"TRANDENKOV, Igor",RUS,Men,pole vault,M,Silver
Atlanta,1996,Athletics,Athletics,"BAGACH, Oleksandr",UKR,Men,shot put,M,Bronze
Atlanta,1996,Athletics,Athletics,"BARNES, Eric Randolph",USA,Men,shot put,M,Gold
Atlanta,1996,Athletics,Athletics,"GODINA, John",USA,Men,shot put,M,Silver
Atlanta,1996,Athletics,Athletics,"KHUDOROZHKINA, Irina",RUS,Women,shot put,W,Bronze
Atlanta,1996,Athletics,Athletics,"KUMBERNUSS, Astrid",GER,Women,shot put,W,Gold
Atlanta,1996,Athletics,Athletics,"SUI, Xinmei",CHN,Women,shot put,W,Silver
Atlanta,1996,Athletics,Athletics,"QUESADA, Yoelvis",CUB,Men,triple jump,M,Bronze
Atlanta,1996,Athletics,Athletics,"HARRISON, Kenny",USA,Men,triple jump,M,Gold
Atlanta,1996,Athletics,Athletics,"EDWARDS, Jonathan David",GBR,Men,triple jump,M,Silver
Atlanta,1996,Athletics,Athletics,"KASPARKOVA, Sarka",CZE,Women,triple jump,W,Bronze
Atlanta,1996,Athletics,Athletics,"KRAVETS, Inessa",UKR,Women,triple jump,W,Gold
Atlanta,1996,Athletics,Athletics,"LASOVSKAYA, Inna",RUS,Women,triple jump,W,Silver
Atlanta,1996,Badminton,Badminton,"IRIANTO, Antonius",INA,Men,doubles,M,Bronze
Atlanta,1996,Badminton,Badminton,"KANTONO, Denny",INA,Men,doubles,M,Bronze
Atlanta,1996,Badminton,Badminton,"LIU, Jianjun",CHN,Men,doubles,X,Bronze
Atlanta,1996,Badminton,Badminton,"MAINAKY, Rexy Ronald",INA,Men,doubles,M,Gold
Atlanta,1996,Badminton,Badminton,"SUBAGJA, Ricky Achmad",INA,Men,doubles,M,Gold
Atlanta,1996,Badminton,Badminton,"KIM, Dong Moon",KOR,Men,doubles,X,Gold
Atlanta,1996,Badminton,Badminton,"CHEAH, Soon Kit",MAS,Men,doubles,M,Silver
Atlanta,1996,Badminton,Badminton,"YAP, Kim Hock",MAS,Men,doubles,M,Silver
Atlanta,1996,Badminton,Badminton,"PARK, Joo-Bong",KOR,Men,doubles,X,Silver
Atlanta,1996,Badminton,Badminton,"QIN, Yiyuan",CHN,Women,doubles,W,Bronze
Atlanta,1996,Badminton,Badminton,"TANG, Yongshu",CHN,Women,doubles,W,Bronze
Atlanta,1996,Badminton,Badminton,"SUN, Man",CHN,Women,doubles,X,Bronze
Atlanta,1996,Badminton,Badminton,"GE, Fei",CHN,Women,doubles,W,Gold
Atlanta,1996,Badminton,Badminton,"GU, Jun",CHN,Women,doubles,W,Gold
Atlanta,1996,Badminton,Badminton,"GIL, Young-Ah",KOR,Women,doubles,X,Gold
Atlanta,1996,Badminton,Badminton,"GIL, Young-Ah",KOR,Women,doubles,W,Silver
Atlanta,1996,Badminton,Badminton,"JANG, Hye Ock",KOR,Women,doubles,W,Silver
Atlanta,1996,Badminton,Badminton,"RA, Kyung-Min",KOR,Women,doubles,X,Silver
Atlanta,1996,Badminton,Badminton,"SIDEK, Rashid",MAS,Men,singles,M,Bronze
Atlanta,1996,Badminton,Badminton,"HOYER-LARSEN, Poul Erik",DEN,Men,singles,M,Gold
Atlanta,1996,Badminton,Badminton,"DONG, Jiong",CHN,Men,singles,M,Silver
Atlanta,1996,Badminton,Badminton,"SUSANTI, Susi",INA,Women,singles,W,Bronze
Atlanta,1996,Badminton,Badminton,"BANG, Soo-Hyun",KOR,Women,singles,W,Gold
Atlanta,1996,Badminton,Badminton,"AUDINA, Mia",INA,Women,singles,W,Silver
Atlanta,1996,Baseball,Baseball,"ALLEN, Chad",USA,Men,baseball,M,Bronze
Atlanta,1996,Baseball,Baseball,"BENSON, Kris",USA,Men,baseball,M,Bronze
Atlanta,1996,Baseball,Baseball,"DICKEY, R.A.",USA,Men,baseball,M,Bronze
Atlanta,1996,Baseball,Baseball,"GLAUS, Troy",USA,Men,baseball,M,Bronze
Atlanta,1996,Baseball,Baseball,"GREEN, Chad",USA,Men,baseball,M,Bronze
Atlanta,1996,Baseball,Baseball,"GREISINGER, Seth",USA,Men,baseball,M,Bronze
Atlanta,1996,Baseball,Baseball,"HARKRIDER, Kip",USA,Men,baseball,M,Bronze
Atlanta,1996,Baseball,Baseball,"HINCH, A.J.",USA,Men,baseball,M,Bronze
Atlanta,1996,Baseball,Baseball,"JONES, Jacque",USA,Men,baseball,M,Bronze
Atlanta,1996,Baseball,Baseball,"KOCH, Billy",USA,Men,baseball,M,Bronze
Atlanta,1996,Baseball,Baseball,"KOTSAY, Mark",USA,Men,baseball,M,Bronze
Atlanta,1996,Baseball,Baseball,"LECROY, Matt",USA,Men,baseball,M,Bronze
Atlanta,1996,Baseball,Baseball,"LEE, Travis",USA,Men,baseball,M,Bronze
Atlanta,1996,Baseball,Baseball,"LOOPER, Braden",USA,Men,baseball,M,Bronze
Atlanta,1996,Baseball,Baseball,"LOYD, Brian",USA,Men,baseball,M,Bronze
Atlanta,1996,Baseball,Baseball,"MORRIS, Warren",USA,Men,baseball,M,Bronze
Atlanta,1996,Baseball,Baseball,"OJEDA, Augie",USA,Men,baseball,M,Bronze
Atlanta,1996,Baseball,Baseball,"PARQUE, Jim",USA,Men,baseball,M,Bronze
Atlanta,1996,Baseball,Baseball,"WEAVER, Jeff",USA,Men,baseball,M,Bronze
Atlanta,1996,Baseball,Baseball,"WILLIAMS, Jason",USA,Men,baseball,M,Bronze
Atlanta,1996,Baseball,Baseball,"AJETE, Omar",CUB,Men,baseball,M,Gold
Atlanta,1996,Baseball,Baseball,"CALDES, Miguel",CUB,Men,baseball,M,Gold
Atlanta,1996,Baseball,Baseball,"CONTRERAS, Jose Ariel",CUB,Men,baseball,M,Gold
Atlanta,1996,Baseball,Baseball,"ESTRADA, Jose Antonio",CUB,Men,baseball,M,Gold
Atlanta,1996,Baseball,Baseball,"FUMERO, Jorge",CUB,Men,baseball,M,Gold
Atlanta,1996,Baseball,Baseball,"HERNANDEZ, Alberto",CUB,Men,baseball,M,Gold
Atlanta,1996,Baseball,Baseball,"ISAAC, Rey",CUB,Men,baseball,M,Gold
Atlanta,1996,Baseball,Baseball,"KINDELAN, Orestes",CUB,Men,baseball,M,Gold
Atlanta,1996,Baseball,Baseball,"LAZO, Pedro Luis",CUB,Men,baseball,M,Gold
Atlanta,1996,Baseball,Baseball,"LINARES, Omar",CUB,Men,baseball,M,Gold
Atlanta,1996,Baseball,Baseball,"LUIS, Omar",CUB,Men,baseball,M,Gold
Atlanta,1996,Baseball,Baseball,"MANRIQUE, Juan",CUB,Men,baseball,M,Gold
Atlanta,1996,Baseball,Baseball,"MONTES DE OCA, Eliecer",CUB,Men,baseball,M,Gold
Atlanta,1996,Baseball,Baseball,"PACHECO, Antonio",CUB,Men,baseball,M,Gold
Atlanta,1996,Baseball,Baseball,"PADILLA, Juan",CUB,Men,baseball,M,Gold
Atlanta,1996,Baseball,Baseball,"PARET, Eduardo",CUB,Men,baseball,M,Gold
Atlanta,1996,Baseball,Baseball,"ROMERO, Osmany",CUB,Men,baseball,M,Gold
Atlanta,1996,Baseball,Baseball,"SCULL, Antonio",CUB,Men,baseball,M,Gold
Atlanta,1996,Baseball,Baseball,"ULACIA, Luis",CUB,Men,baseball,M,Gold
Atlanta,1996,Baseball,Baseball,"VARGAS, Lazaro",CUB,Men,baseball,M,Gold
Atlanta,1996,Baseball,Baseball,"FUKUDOME, Kosuke",JPN,Men,baseball,M,Silver
Atlanta,1996,Baseball,Baseball,"IGUCHI, Tadahito",JPN,Men,baseball,M,Silver
Atlanta,1996,Baseball,Baseball,"IMAOKA, Makoto",JPN,Men,baseball,M,Silver
Atlanta,1996,Baseball,Baseball,"KAWAMURA, Takeo",JPN,Men,baseball,M,Silver
Atlanta,1996,Baseball,Baseball,"KIMURA, Jutaro",JPN,Men,baseball,M,Silver
Atlanta,1996,Baseball,Baseball,"KUROSU, Takashi",JPN,Men,baseball,M,Silver
Atlanta,1996,Baseball,Baseball,"KUWAMOTO, Takao",JPN,Men,baseball,M,Silver
Atlanta,1996,Baseball,Baseball,"MATSUNAKA, Nobuhiko",JPN,Men,baseball,M,Silver
Atlanta,1996,Baseball,Baseball,"MISAWA, Koichi",JPN,Men,baseball,M,Silver
Atlanta,1996,Baseball,Baseball,"MORI, Masahiko",JPN,Men,baseball,M,Silver
Atlanta,1996,Baseball,Baseball,"MORINAKA, Masao",JPN,Men,baseball,M,Silver
Atlanta,1996,Baseball,Baseball,"NAKAMURA, Daishin",JPN,Men,baseball,M,Silver
Atlanta,1996,Baseball,Baseball,"NOJIMA, Masahiro",JPN,Men,baseball,M,Silver
Atlanta,1996,Baseball,Baseball,"OKUBO, Hideaki",JPN,Men,baseball,M,Silver
Atlanta,1996,Baseball,Baseball,"ONO, Hitoshi",JPN,Men,baseball,M,Silver
Atlanta,1996,Baseball,Baseball,"SAIGO, Yasuyuki",JPN,Men,baseball,M,Silver
Atlanta,1996,Baseball,Baseball,"SATO, Tomoaki",JPN,Men,baseball,M,Silver
Atlanta,1996,Baseball,Baseball,"SUGIURA, Masanori",JPN,Men,baseball,M,Silver
Atlanta,1996,Baseball,Baseball,"TAKABAYASHI, Takayuki",JPN,Men,baseball,M,Silver
Atlanta,1996,Baseball,Baseball,"TANI, Yoshitomo",JPN,Men,baseball,M,Silver
Atlanta,1996,Basketball,Basketball,"EINIKIS, Gintaras",LTU,Men,basketball,M,Bronze
Atlanta,1996,Basketball,Basketball,"JURKUNAS, Andrius",LTU,Men,basketball,M,Bronze
Atlanta,1996,Basketball,Basketball,"KARNISOVAS, Arturas",LTU,Men,basketball,M,Bronze
Atlanta,1996,Basketball,Basketball,"KURTINAITIS, Rimas",LTU,Men,basketball,M,Bronze
Atlanta,1996,Basketball,Basketball,"LUKMINAS, Darius",LTU,Men,basketball,M,Bronze
Atlanta,1996,Basketball,Basketball,"MARCIULIONIS, Sarunas",LTU,Men,basketball,M,Bronze
Atlanta,1996,Basketball,Basketball,"PACESAS, Tomas",LTU,Men,basketball,M,Bronze
Atlanta,1996,Basketball,Basketball,"SABONIS, Arvydas",LTU,Men,basketball,M,Bronze
Atlanta,1996,Basketball,Basketball,"STOMBERGAS, Saulius",LTU,Men,basketball,M,Bronze
Atlanta,1996,Basketball,Basketball,"VAISVILA, Rytis",LTU,Men,basketball,M,Bronze
Atlanta,1996,Basketball,Basketball,"ZUKAUSKAS, Eurelijus",LTU,Men,basketball,M,Bronze
Atlanta,1996,Basketball,Basketball,"ZUKAUSKAS, Mindaugas",LTU,Men,basketball,M,Bronze
Atlanta,1996,Basketball,Basketball,"BARKLEY, Charles",USA,Men,basketball,M,Gold
Atlanta,1996,Basketball,Basketball,"HARDAWAY, Anfernee",USA,Men,basketball,M,Gold
Atlanta,1996,Basketball,Basketball,"HILL, Grant",USA,Men,basketball,M,Gold
Atlanta,1996,Basketball,Basketball,"MALONE, Karl",USA,Men,basketball,M,Gold
Atlanta,1996,Basketball,Basketball,"MILLER, Reggie",USA,Men,basketball,M,Gold
Atlanta,1996,Basketball,Basketball,"OLAJUWON, Hakeem",USA,Men,basketball,M,Gold
Atlanta,1996,Basketball,Basketball,"O'NEAL, Shaquille",USA,Men,basketball,M,Gold
Atlanta,1996,Basketball,Basketball,"PAYTON, Gary",USA,Men,basketball,M,Gold
Atlanta,1996,Basketball,Basketball,"PIPPEN, Scottie",USA,Men,basketball,M,Gold
Atlanta,1996,Basketball,Basketball,"RICHMOND, Mitchell J.",USA,Men,basketball,M,Gold
Atlanta,1996,Basketball,Basketball,"ROBINSON, David Maurice",USA,Men,basketball,M,Gold
Atlanta,1996,Basketball,Basketball,"STOCKTON, John Houston",USA,Men,basketball,M,Gold
Atlanta,1996,Basketball,Basketball,"BERIC, Miroslav",YUG,Men,basketball,M,Silver
Atlanta,1996,Basketball,Basketball,"BODIROGA, Dejan",YUG,Men,basketball,M,Silver
Atlanta,1996,Basketball,Basketball,"DANILOVIC, Predrag",YUG,Men,basketball,M,Silver
Atlanta,1996,Basketball,Basketball,"DIVAC, Vladimir",YUG,Men,basketball,M,Silver
Atlanta,1996,Basketball,Basketball,"DJORDJEVIC, Aleksandar",YUG,Men,basketball,M,Silver
Atlanta,1996,Basketball,Basketball,"LONCAR, Nikola",YUG,Men,basketball,M,Silver
Atlanta,1996,Basketball,Basketball,"OBRADOVIC, Sasa",YUG,Men,basketball,M,Silver
Atlanta,1996,Basketball,Basketball,"PASPALJ, Zarko",YUG,Men,basketball,M,Silver
Atlanta,1996,Basketball,Basketball,"REBRACA, Zeljko",YUG,Men,basketball,M,Silver
Atlanta,1996,Basketball,Basketball,"SAVIC, Zoran",YUG,Men,basketball,M,Silver
Atlanta,1996,Basketball,Basketball,"TOMASEVIC, Dejan",YUG,Men,basketball,M,Silver
Atlanta,1996,Basketball,Basketball,"TOPIC, Milenko",YUG,Men,basketball,M,Silver
Atlanta,1996,Basketball,Basketball,"BOYD, Carla",AUS,Women,basketball,W,Bronze
Atlanta,1996,Basketball,Basketball,"BROGAN, Michelle",AUS,Women,basketball,W,Bronze
Atlanta,1996,Basketball,Basketball,"BRONDELLO, Alexandra",AUS,Women,basketball,W,Bronze
Atlanta,1996,Basketball,Basketball,"CHANDLER, Michelle",AUS,Women,basketball,W,Bronze
Atlanta,1996,Basketball,Basketball,"COOK, Allison",AUS,Women,basketball,W,Bronze
Atlanta,1996,Basketball,Basketball,"FALLON, Trish",AUS,Women,basketball,W,Bronze
Atlanta,1996,Basketball,Basketball,"MAHER, Robyn",AUS,Women,basketball,W,Bronze
Atlanta,1996,Basketball,Basketball,"ROBINSON, Fiona",AUS,Women,basketball,W,Bronze
Atlanta,1996,Basketball,Basketball,"SANDIE, Shelley",AUS,Women,basketball,W,Bronze
Atlanta,1996,Basketball,Basketball,"SPORN, Rachael",AUS,Women,basketball,W,Bronze
Atlanta,1996,Basketball,Basketball,"TIMMS, Michelle",AUS,Women,basketball,W,Bronze
Atlanta,1996,Basketball,Basketball,"WHITTLE, Jennifer",AUS,Women,basketball,W,Bronze
Atlanta,1996,Basketball,Basketball,"AZZI, Jennifer",USA,Women,basketball,W,Gold
Atlanta,1996,Basketball,Basketball,"BOLTON, Ruthie",USA,Women,basketball,W,Gold
Atlanta,1996,Basketball,Basketball,"EDWARDS, Teresa",USA,Women,basketball,W,Gold
Atlanta,1996,Basketball,Basketball,"LACEY, Venus",USA,Women,basketball,W,Gold
Atlanta,1996,Basketball,Basketball,"LESLIE, Lisa",USA,Women,basketball,W,Gold
Atlanta,1996,Basketball,Basketball,"LOBO, Rebecca",USA,Women,basketball,W,Gold
Atlanta,1996,Basketball,Basketball,"MCCLAIN, Katrina Felicia",USA,Women,basketball,W,Gold
Atlanta,1996,Basketball,Basketball,"MCCRAY, Nikki",USA,Women,basketball,W,Gold
Atlanta,1996,Basketball,Basketball,"MCGHEE, Carla",USA,Women,basketball,W,Gold
Atlanta,1996,Basketball,Basketball,"STALEY, Dawn",USA,Women,basketball,W,Gold
Atlanta,1996,Basketball,Basketball,"STEDING, Katy",USA,Women,basketball,W,Gold
Atlanta,1996,Basketball,Basketball,"SWOOPES, Sheryl",USA,Women,basketball,W,Gold
Atlanta,1996,Basketball,Basketball,"ANGELICA, Maria",BRA,Women,basketball,W,Silver
Atlanta,1996,Basketball,Basketball,"ARCAIN, Janeth",BRA,Women,basketball,W,Silver
Atlanta,1996,Basketball,Basketball,"GUSTAVO, Roseli",BRA,Women,basketball,W,Silver
Atlanta,1996,Basketball,Basketball,"LUZ, Silvia",BRA,Women,basketball,W,Silver
Atlanta,1996,Basketball,Basketball,"OLIVA, Hortencia Marcari",BRA,Women,basketball,W,Silver
Atlanta,1996,Basketball,Basketball,"OLIVEIRA, Alessandra",BRA,Women,basketball,W,Silver
Atlanta,1996,Basketball,Basketball,"PASTOR, Claudia Maria",BRA,Women,basketball,W,Silver
Atlanta,1996,Basketball,Basketball,"SANTOS, Adriana Aparecida",BRA,Women,basketball,W,Silver
Atlanta,1996,Basketball,Basketball,"SANTOS, Cintia",BRA,Women,basketball,W,Silver
Atlanta,1996,Basketball,Basketball,"SILVA, Maria Paula",BRA,Women,basketball,W,Silver
Atlanta,1996,Basketball,Basketball,"SOBRAL, Leila",BRA,Women,basketball,W,Silver
Atlanta,1996,Basketball,Basketball,"SOBRAL, Marta",BRA,Women,basketball,W,Silver
Atlanta,1996,Boxing,Boxing,"KIRYUKHIN, Oleg",UKR,Men,- 48kg (light-flyweight),M,Bronze
Atlanta,1996,Boxing,Boxing,"LOZANO MUÑOZ, Rafael",ESP,Men,- 48kg (light-flyweight),M,Bronze
Atlanta,1996,Boxing,Boxing,"BOJINOV, Daniel Petrov",BUL,Men,- 48kg (light-flyweight),M,Gold
Atlanta,1996,Boxing,Boxing,"VELASCO, Mansueto",PHI,Men,- 48kg (light-flyweight),M,Silver
Atlanta,1996,Boxing,Boxing,"DOKIWARI, Duncan",NGR,Men,+ 91kg (super heavyweight),M,Bronze
Atlanta,1996,Boxing,Boxing,"LEZIN, Alexei",RUS,Men,+ 91kg (super heavyweight),M,Bronze
Atlanta,1996,Boxing,Boxing,"KLICHKO, Vladimir",UKR,Men,+ 91kg (super heavyweight),M,Gold
Atlanta,1996,Boxing,Boxing,"WOLFGRAM, Paea",TGA,Men,+ 91kg (super heavyweight),M,Silver
Atlanta,1996,Boxing,Boxing,"LUNKA, Zoltan",GER,Men,48 - 51kg (flyweight),M,Bronze
Atlanta,1996,Boxing,Boxing,"PAKEEV, Albert",RUS,Men,48 - 51kg (flyweight),M,Bronze
Atlanta,1996,Boxing,Boxing,"ROMERO, Maikro",CUB,Men,48 - 51kg (flyweight),M,Gold
Atlanta,1996,Boxing,Boxing,"DZUMADILOV, Bulat",KAZ,Men,48 - 51kg (flyweight),M,Silver
Atlanta,1996,Boxing,Boxing,"KHADPO, Vichai",THA,Men,51 - 54kg (bantamweight),M,Bronze
Atlanta,1996,Boxing,Boxing,"MALAKHBEKOV, Raimkul",RUS,Men,51 - 54kg (bantamweight),M,Bronze
Atlanta,1996,Boxing,Boxing,"KOVACS, Istvan",HUN,Men,51 - 54kg (bantamweight),M,Gold
Atlanta,1996,Boxing,Boxing,"MESA, Arnaldo",CUB,Men,51 - 54kg (bantamweight),M,Silver
Atlanta,1996,Boxing,Boxing,"CHACON, Pablo",ARG,Men,54 - 57kg (featherweight),M,Bronze
Atlanta,1996,Boxing,Boxing,"MAYWEATHER, Floyd",USA,Men,54 - 57kg (featherweight),M,Bronze
Atlanta,1996,Boxing,Boxing,"KAMSING, Somluck",THA,Men,54 - 57kg (featherweight),M,Gold
Atlanta,1996,Boxing,Boxing,"TODOROV, Serafim",BUL,Men,54 - 57kg (featherweight),M,Silver
Atlanta,1996,Boxing,Boxing,"CAUTHEN, Terrance",USA,Men,57 - 60kg (lightweight),M,Bronze
Atlanta,1996,Boxing,Boxing,"DOROFTEI, Leonard Dorin",ROU,Men,57 - 60kg (lightweight),M,Bronze
Atlanta,1996,Boxing,Boxing,"SOLTANI, Hocine",ALG,Men,57 - 60kg (lightweight),M,Gold
Atlanta,1996,Boxing,Boxing,"TONTCHEV TONTCHO, Dimitrov",BUL,Men,57 - 60kg (lightweight),M,Silver
Atlanta,1996,Boxing,Boxing,"MISSAOUI, Fathi",TUN,Men,60 - 63.5kg (light-welterweight),M,Bronze
Atlanta,1996,Boxing,Boxing,"NIYAZYMBETOV, Bolat",KAZ,Men,60 - 63.5kg (light-welterweight),M,Bronze
Atlanta,1996,Boxing,Boxing,"VINENT, Hector",CUB,Men,60 - 63.5kg (light-welterweight),M,Gold
Atlanta,1996,Boxing,Boxing,"URKAL, Oktay",GER,Men,60 - 63.5kg (light-welterweight),M,Silver
Atlanta,1996,Boxing,Boxing,"SANTOS, Daniel",PUR,Men,63.5 - 67kg (welterweight),M,Bronze
Atlanta,1996,Boxing,Boxing,"SIMION, Marian",ROU,Men,63.5 - 67kg (welterweight),M,Bronze
Atlanta,1996,Boxing,Boxing,"SAITOV, Oleg",RUS,Men,63.5 - 67kg (welterweight),M,Gold
Atlanta,1996,Boxing,Boxing,"HERNANDEZ SIERRA, Juan",CUB,Men,63.5 - 67kg (welterweight),M,Silver
Atlanta,1996,Boxing,Boxing,"IBZAIMOV, Ezmouhan",KAZ,Men,67 - 71kg (light-middleweight),M,Bronze
Atlanta,1996,Boxing,Boxing,"TULAGANOV, Karim",UZB,Men,67 - 71kg (light-middleweight),M,Bronze
Atlanta,1996,Boxing,Boxing,"REID, David",USA,Men,67 - 71kg (light-middleweight),M,Gold
Atlanta,1996,Boxing,Boxing,"DUVERGEL, Alfredo",CUB,Men,67 - 71kg (light-middleweight),M,Silver
Atlanta,1996,Boxing,Boxing,"BAHARI, Mohamed",ALG,Men,71-75kg,M,Bronze
Atlanta,1996,Boxing,Boxing,"WELLS, Rhoshii",USA,Men,71-75kg,M,Bronze
Atlanta,1996,Boxing,Boxing,"HERNANDEZ, Ariel",CUB,Men,71-75kg,M,Gold
Atlanta,1996,Boxing,Boxing,"BEYLEROGLU, Malik",TUR,Men,71-75kg,M,Silver
Atlanta,1996,Boxing,Boxing,"TARVER, Antonio",USA,Men,75 - 81kg (light-heavyweight),M,Bronze
Atlanta,1996,Boxing,Boxing,"ULRICH, Thomas",GER,Men,75 - 81kg (light-heavyweight),M,Bronze
Atlanta,1996,Boxing,Boxing,"JIROV, Vasilii",KAZ,Men,75 - 81kg (light-heavyweight),M,Gold
Atlanta,1996,Boxing,Boxing,"LEE, Seung Bae",KOR,Men,75 - 81kg (light-heavyweight),M,Silver
Atlanta,1996,Boxing,Boxing,"JONES, Nate",USA,Men,81 - 91kg (heavyweight),M,Bronze
Atlanta,1996,Boxing,Boxing,"KRASNIQI, Luan",GER,Men,81 - 91kg (heavyweight),M,Bronze
Atlanta,1996,Boxing,Boxing,"SAVON, Felix",CUB,Men,81 - 91kg (heavyweight),M,Gold
Atlanta,1996,Boxing,Boxing,"DEFIAGBON, David",CAN,Men,81 - 91kg (heavyweight),M,Silver
Atlanta,1996,Canoe / Kayak,Canoe / Kayak F,"ZALA, Gyorgy",HUN,Men,C-1 1000m (canoe single),M,Bronze
Atlanta,1996,Canoe / Kayak,Canoe / Kayak F,"DOKTOR, Martin",CZE,Men,C-1 1000m (canoe single),M,Gold
Atlanta,1996,Canoe / Kayak,Canoe / Kayak F,"KLEMENTYEV, Ivans",LAT,Men,C-1 1000m (canoe single),M,Silver
Atlanta,1996,Canoe / Kayak,Canoe / Kayak F,"PULAI, Imre",HUN,Men,C-1 500m (canoe single),M,Bronze
Atlanta,1996,Canoe / Kayak,Canoe / Kayak F,"DOKTOR, Martin",CZE,Men,C-1 500m (canoe single),M,Gold
Atlanta,1996,Canoe / Kayak,Canoe / Kayak F,"KNAZOVICKY, Slavomir",SVK,Men,C-1 500m (canoe single),M,Silver
Atlanta,1996,Canoe / Kayak,Canoe / Kayak F,"HORVATH, Csaba",HUN,Men,C-2 1000m (canoe double),M,Bronze
Atlanta,1996,Canoe / Kayak,Canoe / Kayak F,"KOLONICS, Gyorgy",HUN,Men,C-2 1000m (canoe double),M,Bronze
Atlanta,1996,Canoe / Kayak,Canoe / Kayak F,"DITTMER, Andreas",GER,Men,C-2 1000m (canoe double),M,Gold
Atlanta,1996,Canoe / Kayak,Canoe / Kayak F,"KIRCHBACH, Gunar",GER,Men,C-2 1000m (canoe double),M,Gold
Atlanta,1996,Canoe / Kayak,Canoe / Kayak F,"BORSAN, Antonel",ROU,Men,C-2 1000m (canoe double),M,Silver
Atlanta,1996,Canoe / Kayak,Canoe / Kayak F,"GLAVAN, Marcel",ROU,Men,C-2 1000m (canoe double),M,Silver
Atlanta,1996,Canoe / Kayak,Canoe / Kayak F,"ANDRIEV, Gheorghe",ROU,Men,C-2 500m (canoe double),M,Bronze
Atlanta,1996,Canoe / Kayak,Canoe / Kayak F,"OBREJA, Grigore",ROU,Men,C-2 500m (canoe double),M,Bronze
Atlanta,1996,Canoe / Kayak,Canoe / Kayak F,"HORVATH, Csaba",HUN,Men,C-2 500m (canoe double),M,Gold
Atlanta,1996,Canoe / Kayak,Canoe / Kayak F,"KOLONICS, Gyorgy",HUN,Men,C-2 500m (canoe double),M,Gold
Atlanta,1996,Canoe / Kayak,Canoe / Kayak F,"JURAVSCHI, Nikolai",MDA,Men,C-2 500m (canoe double),M,Silver
Atlanta,1996,Canoe / Kayak,Canoe / Kayak F,"RENEYSKIY, Viktor",MDA,Men,C-2 500m (canoe double),M,Silver
Atlanta,1996,Canoe / Kayak,Canoe / Kayak F,"ROBINSON, Clint",AUS,Men,K-1 1000m (kayak single),M,Bronze
Atlanta,1996,Canoe / Kayak,Canoe / Kayak F,"HOLMANN, Knut",NOR,Men,K-1 1000m (kayak single),M,Gold
Atlanta,1996,Canoe / Kayak,Canoe / Kayak F,"BONOMI, Beniamino",ITA,Men,K-1 1000m (kayak single),M,Silver
Atlanta,1996,Canoe / Kayak,Canoe / Kayak F,"MARKIEWICZ, Piotr",POL,Men,K-1 500m (kayak single),M,Bronze
Atlanta,1996,Canoe / Kayak,Canoe / Kayak F,"ROSSI, Antonio",ITA,Men,K-1 500m (kayak single),M,Gold
Atlanta,1996,Canoe / Kayak,Canoe / Kayak F,"HOLMANN, Knut",NOR,Men,K-1 500m (kayak single),M,Silver
Atlanta,1996,Canoe / Kayak,Canoe / Kayak F,"IDEM, Josefa",ITA,Women,K-1 500m (kayak single),W,Bronze
Atlanta,1996,Canoe / Kayak,Canoe / Kayak F,"KOBAN, Rita",HUN,Women,K-1 500m (kayak single),W,Gold
Atlanta,1996,Canoe / Kayak,Canoe / Kayak F,"BRUNET, Caroline",CAN,Women,K-1 500m (kayak single),W,Silver
Atlanta,1996,Canoe / Kayak,Canoe / Kayak F,"DUSHEV, Andrian",BUL,Men,K-2 1000m (kayak double),M,Bronze
