Sydney,2000,Cycling,Cycling Road,"VINOKUROV, Alexandr",KAZ,Men,individual road race,M,Silver
Sydney,2000,Cycling,Cycling Road,"ZILIUTE, Diana",LTU,Women,individual road race,W,Bronze
Sydney,2000,Cycling,Cycling Road,"ZIJLAARD-VAN MOORSEL, Leontien",NED,Women,individual road race,W,Gold
Sydney,2000,Cycling,Cycling Road,"KUPFERNAGEL, Hanka",GER,Women,individual road race,W,Silver
Sydney,2000,Cycling,Cycling Road,"ARMSTRONG, Lance E.",USA,Men,individual time trial,M,Bronze
Sydney,2000,Cycling,Cycling Road,"EKIMOV, Vyacheslav",RUS,Men,individual time trial,M,Gold
Sydney,2000,Cycling,Cycling Road,"ULLRICH, Jan",GER,Men,individual time trial,M,Silver
Sydney,2000,Cycling,Cycling Road,"LONGO-CIPRELLI, Jeannie",FRA,Women,individual time trial,W,Bronze
Sydney,2000,Cycling,Cycling Road,"ZIJLAARD-VAN MOORSEL, Leontien",NED,Women,individual time trial,W,Gold
Sydney,2000,Cycling,Cycling Road,"HOLDEN, Mari",USA,Women,individual time trial,W,Silver
Sydney,2000,Cycling,Cycling Track,"KELLY, Shane",AUS,Men,1km time trial,M,Bronze
Sydney,2000,Cycling,Cycling Track,"QUEALLY, Jason",GBR,Men,1km time trial,M,Gold
Sydney,2000,Cycling,Cycling Track,"NIMKE, Stefan",GER,Men,1km time trial,M,Silver
Sydney,2000,Cycling,Cycling Track,"JIANG, Cuihua",CHN,Women,500m time trial,W,Bronze
Sydney,2000,Cycling,Cycling Track,"BALLANGER, Felicia",FRA,Women,500m time trial,W,Gold
Sydney,2000,Cycling,Cycling Track,"FERRIS, Michelle",AUS,Women,500m time trial,W,Silver
Sydney,2000,Cycling,Cycling Track,"MCGEE, Bradley",AUS,Men,Individual Pursuit,M,Bronze
Sydney,2000,Cycling,Cycling Track,"BARTKO, Robert",GER,Men,Individual Pursuit,M,Gold
Sydney,2000,Cycling,Cycling Track,"LEHMANN, Jens",GER,Men,Individual Pursuit,M,Silver
Sydney,2000,Cycling,Cycling Track,"MCGREGOR, Yvonne",GBR,Women,individual pursuit,W,Bronze
Sydney,2000,Cycling,Cycling Track,"ZIJLAARD-VAN MOORSEL, Leontien",NED,Women,individual pursuit,W,Gold
Sydney,2000,Cycling,Cycling Track,"CLIGNET, Marion",FRA,Women,individual pursuit,W,Silver
Sydney,2000,Cycling,Cycling Track,"FIEDLER, Jens",GER,Men,Keirin,M,Bronze
Sydney,2000,Cycling,Cycling Track,"ROUSSEAU, Florian",FRA,Men,Keirin,M,Gold
Sydney,2000,Cycling,Cycling Track,"NEIWAND, Garry Malcolm",AUS,Men,Keirin,M,Silver
Sydney,2000,Cycling,Cycling Track,"MARTINELLO, Silvio",ITA,Men,Madison,M,Bronze
Sydney,2000,Cycling,Cycling Track,"VILLA, Marco",ITA,Men,Madison,M,Bronze
Sydney,2000,Cycling,Cycling Track,"AITKEN, Brett",AUS,Men,Madison,M,Gold
Sydney,2000,Cycling,Cycling Track,"MCGRORY, Scott",AUS,Men,Madison,M,Gold
Sydney,2000,Cycling,Cycling Track,"DE WILDE, Etienne",BEL,Men,Madison,M,Silver
Sydney,2000,Cycling,Cycling Track,"GILMORE, Matthew",BEL,Men,Madison,M,Silver
Sydney,2000,Cycling,Cycling Track,"EADIE, Sean",AUS,Men,Olympic Sprint,M,Bronze
Sydney,2000,Cycling,Cycling Track,"HILL, Darryn",AUS,Men,Olympic Sprint,M,Bronze
Sydney,2000,Cycling,Cycling Track,"NEIWAND, Garry Malcolm",AUS,Men,Olympic Sprint,M,Bronze
Sydney,2000,Cycling,Cycling Track,"GANE, Laurent",FRA,Men,Olympic Sprint,M,Gold
Sydney,2000,Cycling,Cycling Track,"ROUSSEAU, Florian",FRA,Men,Olympic Sprint,M,Gold
Sydney,2000,Cycling,Cycling Track,"TOURNANT, Arnaud",FRA,Men,Olympic Sprint,M,Gold
Sydney,2000,Cycling,Cycling Track,"HOY, Chris",GBR,Men,Olympic Sprint,M,Silver
Sydney,2000,Cycling,Cycling Track,"MACLEAN, Craig",GBR,Men,Olympic Sprint,M,Silver
Sydney,2000,Cycling,Cycling Track,"QUEALLY, Jason",GBR,Men,Olympic Sprint,M,Silver
Sydney,2000,Cycling,Cycling Track,"MARKOV, Alexei",RUS,Men,Points Race,M,Bronze
Sydney,2000,Cycling,Cycling Track,"LLANERAS, Joan",ESP,Men,Points Race,M,Gold
Sydney,2000,Cycling,Cycling Track,"WYNANTS, Milton Ariel",URU,Men,Points Race,M,Silver
Sydney,2000,Cycling,Cycling Track,"SLIOUSSAREVA, Olga",RUS,Women,points race,W,Bronze
Sydney,2000,Cycling,Cycling Track,"BELLUTTI, Antonella",ITA,Women,points race,W,Gold
Sydney,2000,Cycling,Cycling Track,"ZIJLAARD-VAN MOORSEL, Leontien",NED,Women,points race,W,Silver
Sydney,2000,Cycling,Cycling Track,"YANOVYCH, Iryna",UKR,Women,sprint,W,Bronze
Sydney,2000,Cycling,Cycling Track,"BALLANGER, Felicia",FRA,Women,sprint,W,Gold
Sydney,2000,Cycling,Cycling Track,"GRISHINA, Oksana",RUS,Women,sprint,W,Silver
Sydney,2000,Cycling,Cycling Track,"FIEDLER, Jens",GER,Men,Sprint indivual,M,Bronze
Sydney,2000,Cycling,Cycling Track,"NOTHSTEIN, Marty",USA,Men,Sprint indivual,M,Gold
Sydney,2000,Cycling,Cycling Track,"ROUSSEAU, Florian",FRA,Men,Sprint indivual,M,Silver
Sydney,2000,Cycling,Cycling Track,"CLAY, Jonny",GBR,Men,Team Pursuit (4000m),M,Bronze
Sydney,2000,Cycling,Cycling Track,"HAYLES, Rob",GBR,Men,Team Pursuit (4000m),M,Bronze
Sydney,2000,Cycling,Cycling Track,"MANNING, Paul",GBR,Men,Team Pursuit (4000m),M,Bronze
Sydney,2000,Cycling,Cycling Track,"NEWTON, Chris",GBR,Men,Team Pursuit (4000m),M,Bronze
Sydney,2000,Cycling,Cycling Track,"STEEL, Bryan",GBR,Men,Team Pursuit (4000m),M,Bronze
Sydney,2000,Cycling,Cycling Track,"WIGGINS, Bradley",GBR,Men,Team Pursuit (4000m),M,Bronze
Sydney,2000,Cycling,Cycling Track,"BARTKO, Robert",GER,Men,Team Pursuit (4000m),M,Gold
Sydney,2000,Cycling,Cycling Track,"BECKE, Daniel",GER,Men,Team Pursuit (4000m),M,Gold
Sydney,2000,Cycling,Cycling Track,"FULST, Guido",GER,Men,Team Pursuit (4000m),M,Gold
Sydney,2000,Cycling,Cycling Track,"LEHMANN, Jens",GER,Men,Team Pursuit (4000m),M,Gold
Sydney,2000,Cycling,Cycling Track,"POLLACK, Olaf",GER,Men,Team Pursuit (4000m),M,Gold
Sydney,2000,Cycling,Cycling Track,"CHERNYAVSKYY, Sergiy",UKR,Men,Team Pursuit (4000m),M,Silver
Sydney,2000,Cycling,Cycling Track,"FEDENKO, Oleksandr",UKR,Men,Team Pursuit (4000m),M,Silver
Sydney,2000,Cycling,Cycling Track,"MATVEYEV, Sergiy",UKR,Men,Team Pursuit (4000m),M,Silver
Sydney,2000,Cycling,Cycling Track,"SIMONENKO, Alexander",UKR,Men,Team Pursuit (4000m),M,Silver
Sydney,2000,Cycling,Mountain Bike,"SAUSER, Christoph",SUI,Men,cross-country,M,Bronze
Sydney,2000,Cycling,Mountain Bike,"MARTINEZ, Miguel",FRA,Men,cross-country,M,Gold
Sydney,2000,Cycling,Mountain Bike,"MEIRHAEGHE, Filip",BEL,Men,cross-country,M,Silver
Sydney,2000,Cycling,Mountain Bike,"FULLANA, Marga",ESP,Women,cross-country,W,Bronze
Sydney,2000,Cycling,Mountain Bike,"PEZZO, Paola",ITA,Women,cross-country,W,Gold
Sydney,2000,Cycling,Mountain Bike,"BLATTER, Barbara",SUI,Women,cross-country,W,Silver
Sydney,2000,Equestrian,Dressage,"SALZGEBER, Ulla",GER,Women,individual,X,Bronze
Sydney,2000,Equestrian,Dressage,"VAN GRUNSVEN, Anky",NED,Women,individual,X,Gold
Sydney,2000,Equestrian,Dressage,"WERTH, Isabell",GER,Women,individual,X,Silver
Sydney,2000,Equestrian,Dressage,"DOVER, Robert",USA,Men,team,X,Bronze
Sydney,2000,Equestrian,Dressage,"SEIDEL, Guenter",USA,Men,team,X,Bronze
Sydney,2000,Equestrian,Dressage,"TEEUWISSEN, Arjen",NED,Men,team,X,Silver
Sydney,2000,Equestrian,Dressage,"BLINKS, Susan",USA,Women,team,X,Bronze
Sydney,2000,Equestrian,Dressage,"TRAURIG, Christine",USA,Women,team,X,Bronze
Sydney,2000,Equestrian,Dressage,"CAPELLMANN, Nadine",GER,Women,team,X,Gold
Sydney,2000,Equestrian,Dressage,"SALZGEBER, Ulla",GER,Women,team,X,Gold
Sydney,2000,Equestrian,Dressage,"SIMONS DE RIDDER, Alexandra",GER,Women,team,X,Gold
Sydney,2000,Equestrian,Dressage,"WERTH, Isabell",GER,Women,team,X,Gold
Sydney,2000,Equestrian,Dressage,"BONTJE, Ellen",NED,Women,team,X,Silver
Sydney,2000,Equestrian,Dressage,"VAN BAALEN, Coby",NED,Women,team,X,Silver
Sydney,2000,Equestrian,Dressage,"VAN GRUNSVEN, Anky",NED,Women,team,X,Silver
Sydney,2000,Equestrian,Eventing,"TODD, Mark",NZL,Men,individual,X,Bronze
Sydney,2000,Equestrian,Eventing,"O'CONNOR, David",USA,Men,individual,X,Gold
Sydney,2000,Equestrian,Eventing,"HOY, Andrew",AUS,Men,individual,X,Silver
Sydney,2000,Equestrian,Eventing,"O'CONNOR, David",USA,Men,team,X,Bronze
Sydney,2000,Equestrian,Eventing,"DUTTON, Phillip",AUS,Men,team,X,Gold
Sydney,2000,Equestrian,Eventing,"HOY, Andrew",AUS,Men,team,X,Gold
Sydney,2000,Equestrian,Eventing,"RYAN, Matthew Morgan",AUS,Men,team,X,Gold
Sydney,2000,Equestrian,Eventing,"TINNEY, Stuart",AUS,Men,team,X,Gold
Sydney,2000,Equestrian,Eventing,"LAW, Leslie",GBR,Men,team,X,Silver
Sydney,2000,Equestrian,Eventing,"STARK, Ian",GBR,Men,team,X,Silver
Sydney,2000,Equestrian,Eventing,"FOUT, Nina",USA,Women,team,X,Bronze
Sydney,2000,Equestrian,Eventing,"O'CONNOR, Karen",USA,Women,team,X,Bronze
Sydney,2000,Equestrian,Eventing,"WIESMAN, Linden",USA,Women,team,X,Bronze
Sydney,2000,Equestrian,Eventing,"BRAKEWELL, Jeanette",GBR,Women,team,X,Silver
Sydney,2000,Equestrian,Eventing,"FUNNELL, Pippa",GBR,Women,team,X,Silver
Sydney,2000,Equestrian,Jumping,"ALEID, Khaled",KSA,Men,individual,X,Bronze
Sydney,2000,Equestrian,Jumping,"DUBBELDAM, Jeroen",NED,Men,individual,X,Gold
Sydney,2000,Equestrian,Jumping,"VOORN, Albert",NED,Men,individual,X,Silver
Sydney,2000,Equestrian,Jumping,"AZEVEDO, Luiz Felipe",BRA,Men,team,X,Bronze
Sydney,2000,Equestrian,Jumping,"JOHANNPETER, Andre",BRA,Men,team,X,Bronze
Sydney,2000,Equestrian,Jumping,"MIRANDA NETO, Alvaro",BRA,Men,team,X,Bronze
Sydney,2000,Equestrian,Jumping,"PESSOA, Rodrigo",BRA,Men,team,X,Bronze
Sydney,2000,Equestrian,Jumping,"BECKER, Otto",GER,Men,team,X,Gold
Sydney,2000,Equestrian,Jumping,"BEERBAUM, Ludger",GER,Men,team,X,Gold
Sydney,2000,Equestrian,Jumping,"EHNING, Marcus",GER,Men,team,X,Gold
Sydney,2000,Equestrian,Jumping,"NIEBERG, Lars",GER,Men,team,X,Gold
Sydney,2000,Equestrian,Jumping,"FUCHS, Markus",SUI,Men,team,X,Silver
Sydney,2000,Equestrian,Jumping,"MANDLI, Beat",SUI,Men,team,X,Silver
Sydney,2000,Equestrian,Jumping,"MELLIGER, Wilhelm",SUI,Men,team,X,Silver
Sydney,2000,Equestrian,Jumping,"MCNAUGHT, Lesley",SUI,Women,team,X,Silver
Sydney,2000,Fencing,Fencing,"LEE, Sang-Ki",KOR,Men,épée individual,M,Bronze
Sydney,2000,Fencing,Fencing,"KOLOBKOV, Pavel",RUS,Men,épée individual,M,Gold
Sydney,2000,Fencing,Fencing,"OBRY, Hughes",FRA,Men,épée individual,M,Silver
Sydney,2000,Fencing,Fencing,"FLESSEL-COLOVIC, Laura",FRA,Women,épée individual,W,Bronze
Sydney,2000,Fencing,Fencing,"NAGY, Timea",HUN,Women,épée individual,W,Gold
Sydney,2000,Fencing,Fencing,"BUERKI, Gianna",SUI,Women,épée individual,W,Silver
Sydney,2000,Fencing,Fencing,"LOYOLA, Nelson",CUB,Men,épée team,M,Bronze
Sydney,2000,Fencing,Fencing,"PEDROSO, Carlos",CUB,Men,épée team,M,Bronze
Sydney,2000,Fencing,Fencing,"TREVEJO, Ivan",CUB,Men,épée team,M,Bronze
Sydney,2000,Fencing,Fencing,"MAZZONI, Angelo",ITA,Men,épée team,M,Gold
Sydney,2000,Fencing,Fencing,"MILANOLI, Paolo",ITA,Men,épée team,M,Gold
Sydney,2000,Fencing,Fencing,"RANDAZZO, Maurizio",ITA,Men,épée team,M,Gold
Sydney,2000,Fencing,Fencing,"ROTA, Alfredo",ITA,Men,épée team,M,Gold
Sydney,2000,Fencing,Fencing,"DI MARTINO, Jean-Francois",FRA,Men,épée team,M,Silver
Sydney,2000,Fencing,Fencing,"OBRY, Hughes",FRA,Men,épée team,M,Silver
Sydney,2000,Fencing,Fencing,"SRECKI, Eric",FRA,Men,épée team,M,Silver
Sydney,2000,Fencing,Fencing,"LI, Na",CHN,Women,épée team,W,Bronze
Sydney,2000,Fencing,Fencing,"LIANG, Qin",CHN,Women,épée team,W,Bronze
Sydney,2000,Fencing,Fencing,"YANG, Shaoqi",CHN,Women,épée team,W,Bronze
Sydney,2000,Fencing,Fencing,"AZNAVOURIAN, Karina",RUS,Women,épée team,W,Gold
Sydney,2000,Fencing,Fencing,"ERMAKOVA, Oxana",RUS,Women,épée team,W,Gold
Sydney,2000,Fencing,Fencing,"LOGOUNOVA, Tatiana",RUS,Women,épée team,W,Gold
Sydney,2000,Fencing,Fencing,"MAZINA, Mariya",RUS,Women,épée team,W,Gold
Sydney,2000,Fencing,Fencing,"BUERKI, Gianna",SUI,Women,épée team,W,Silver
Sydney,2000,Fencing,Fencing,"LAMON, Sophie",SUI,Women,épée team,W,Silver
Sydney,2000,Fencing,Fencing,"ROMAGNOLI, Diana",SUI,Women,épée team,W,Silver
Sydney,2000,Fencing,Fencing,"SHEVCHENKO, Dmitri",RUS,Men,foil individual,M,Bronze
Sydney,2000,Fencing,Fencing,"KIM, Young Ho",KOR,Men,foil individual,M,Gold
Sydney,2000,Fencing,Fencing,"BISSDORF, Ralf",GER,Men,foil individual,M,Silver
Sydney,2000,Fencing,Fencing,"TRILLINI, Giovanna",ITA,Women,foil individual,W,Bronze
Sydney,2000,Fencing,Fencing,"VEZZALI, Valentina",ITA,Women,foil individual,W,Gold
Sydney,2000,Fencing,Fencing,"KOENIG, Rita",GER,Women,foil individual,W,Silver
Sydney,2000,Fencing,Fencing,"CROSTA, Daniele",ITA,Men,foil team,M,Bronze
Sydney,2000,Fencing,Fencing,"MAGNI, Gabriele",ITA,Men,foil team,M,Bronze
Sydney,2000,Fencing,Fencing,"SANZO, Salvatore",ITA,Men,foil team,M,Bronze
Sydney,2000,Fencing,Fencing,"ZENNARO, Matteo",ITA,Men,foil team,M,Bronze
Sydney,2000,Fencing,Fencing,"FERRARI, Jean-Noel",FRA,Men,foil team,M,Gold
Sydney,2000,Fencing,Fencing,"GUYART, Brice",FRA,Men,foil team,M,Gold
Sydney,2000,Fencing,Fencing,"LHOTELLIER, Patrice",FRA,Men,foil team,M,Gold
Sydney,2000,Fencing,Fencing,"PLUMENAIL, Lionel",FRA,Men,foil team,M,Gold
Sydney,2000,Fencing,Fencing,"DONG, Zhaozhi",CHN,Men,foil team,M,Silver
Sydney,2000,Fencing,Fencing,"WANG, Haibin",CHN,Men,foil team,M,Silver
Sydney,2000,Fencing,Fencing,"YE, Chong",CHN,Men,foil team,M,Silver
Sydney,2000,Fencing,Fencing,"BAU, Sabine Christiane",GER,Women,foil team,W,Bronze
Sydney,2000,Fencing,Fencing,"KOENIG, Rita",GER,Women,foil team,W,Bronze
Sydney,2000,Fencing,Fencing,"WEBER-KOSZTO, Monika",GER,Women,foil team,W,Bronze
Sydney,2000,Fencing,Fencing,"BIANCHEDI, Diana",ITA,Women,foil team,W,Gold
Sydney,2000,Fencing,Fencing,"TRILLINI, Giovanna",ITA,Women,foil team,W,Gold
Sydney,2000,Fencing,Fencing,"VEZZALI, Valentina",ITA,Women,foil team,W,Gold
Sydney,2000,Fencing,Fencing,"GRUCHALA, Sylwia",POL,Women,foil team,W,Silver
Sydney,2000,Fencing,Fencing,"MROCZKIEWICZ, Magdalena",POL,Women,foil team,W,Silver
Sydney,2000,Fencing,Fencing,"RYBICKA, Anna",POL,Women,foil team,W,Silver
Sydney,2000,Fencing,Fencing,"SZEWCZYK, Barbara",POL,Women,foil team,W,Silver
Sydney,2000,Fencing,Fencing,"KOTHNY, Wiradech",GER,Men,sabre individual,M,Bronze
Sydney,2000,Fencing,Fencing,"COVALIU, Mihai",ROU,Men,sabre individual,M,Gold
Sydney,2000,Fencing,Fencing,"GOURDAIN, Mathieu",FRA,Men,sabre individual,M,Silver
Sydney,2000,Fencing,Fencing,"BAUER, Dennis",GER,Men,sabre team,M,Bronze
Sydney,2000,Fencing,Fencing,"KOTHNY, Wiradech",GER,Men,sabre team,M,Bronze
Sydney,2000,Fencing,Fencing,"WEBER, Alexander",GER,Men,sabre team,M,Bronze
Sydney,2000,Fencing,Fencing,"CHARIKOV, Serguei",RUS,Men,sabre team,M,Gold
Sydney,2000,Fencing,Fencing,"FROSSINE, Alexei",RUS,Men,sabre team,M,Gold
Sydney,2000,Fencing,Fencing,"POZDNYAKOV, Stanislav",RUS,Men,sabre team,M,Gold
Sydney,2000,Fencing,Fencing,"GOURDAIN, Mathieu",FRA,Men,sabre team,M,Silver
Sydney,2000,Fencing,Fencing,"PILLET, Julien",FRA,Men,sabre team,M,Silver
Sydney,2000,Fencing,Fencing,"SEGUIN, Cedric",FRA,Men,sabre team,M,Silver
Sydney,2000,Fencing,Fencing,"TOUYA, Damien",FRA,Men,sabre team,M,Silver
Sydney,2000,Football,Football,"ALVAREZ, Cristian",CHI,Men,football,M,Bronze
Sydney,2000,Football,Football,"ARRUE, Francisco",CHI,Men,football,M,Bronze
Sydney,2000,Football,Football,"CONTRERAS, Pablo",CHI,Men,football,M,Bronze
Sydney,2000,Football,Football,"DI GREGORIO, Javier",CHI,Men,football,M,Bronze
Sydney,2000,Football,Football,"GONZALEZ, Sebastian",CHI,Men,football,M,Bronze
Sydney,2000,Football,Football,"HENRIQUEZ, David",CHI,Men,football,M,Bronze
Sydney,2000,Football,Football,"IBARRA, Manuel",CHI,Men,football,M,Bronze
Sydney,2000,Football,Football,"MALDONADO, Claudio",CHI,Men,football,M,Bronze
Sydney,2000,Football,Football,"NAVIA, Reinaldo",CHI,Men,football,M,Bronze
Sydney,2000,Football,Football,"NUNEZ, Rodrigo",CHI,Men,football,M,Bronze
Sydney,2000,Football,Football,"OLARRA, Rafael",CHI,Men,football,M,Bronze
Sydney,2000,Football,Football,"ORMAZABAL, Patricio",CHI,Men,football,M,Bronze
Sydney,2000,Football,Football,"PIZARRO, David",CHI,Men,football,M,Bronze
Sydney,2000,Football,Football,"REYES, Pedro",CHI,Men,football,M,Bronze
Sydney,2000,Football,Football,"ROJAS, Mauricio",CHI,Men,football,M,Bronze
Sydney,2000,Football,Football,"TAPIA, Nelson",CHI,Men,football,M,Bronze
Sydney,2000,Football,Football,"TELLO, Rodrigo",CHI,Men,football,M,Bronze
Sydney,2000,Football,Football,"ZAMORANO, Ivan",CHI,Men,football,M,Bronze
Sydney,2000,Football,Football,"ABANDA ETONG, Patrice",CMR,Men,football,M,Gold
Sydney,2000,Football,Football,"ALNOUDJI, Nicolas",CMR,Men,football,M,Gold
Sydney,2000,Football,Football,"BEAUD, Clement",CMR,Men,football,M,Gold
Sydney,2000,Football,Football,"BEKONO NDENE, Daniel",CMR,Men,football,M,Gold
Sydney,2000,Football,Football,"BRANCO, Serge",CMR,Men,football,M,Gold
Sydney,2000,Football,Football,"EPALLE, Joel",CMR,Men,football,M,Gold
Sydney,2000,Football,Football,"ETAME MAYER, Lawren",CMR,Men,football,M,Gold
Sydney,2000,Football,Football,"ETO'O FILS, Samuel",CMR,Men,football,M,Gold
Sydney,2000,Football,Football,"KAMENI, Idriss C",CMR,Men,football,M,Gold
Sydney,2000,Football,Football,"MBAMI, Modeste",CMR,Men,football,M,Gold
Sydney,2000,Football,Football,"MBOMA DEM, Patrick",CMR,Men,football,M,Gold
Sydney,2000,Football,Football,"MEYONG ZE, Albert",CMR,Men,football,M,Gold
Sydney,2000,Football,Football,"MIMPO, Serge",CMR,Men,football,M,Gold
Sydney,2000,Football,Football,"NGOME KOME, Daniel",CMR,Men,football,M,Gold
Sydney,2000,Football,Football,"NGUIMBAT, Aaron",CMR,Men,football,M,Gold
Sydney,2000,Football,Football,"NJITAP FOTSO, Geremi",CMR,Men,football,M,Gold
Sydney,2000,Football,Football,"SUFFO K, Patrick",CMR,Men,football,M,Gold
Sydney,2000,Football,Football,"WOME NLEND, Pierre",CMR,Men,football,M,Gold
Sydney,2000,Football,Football,"ALBELDA, David",ESP,Men,football,M,Silver
Sydney,2000,Football,Football,"AMAYA, Ivan",ESP,Men,football,M,Silver
Sydney,2000,Football,Football,"ANGULO, Miguel Angel",ESP,Men,football,M,Silver
Sydney,2000,Football,Football,"ARANZUBIA, Daniel",ESP,Men,football,M,Silver
Sydney,2000,Football,Football,"CAPDEVILA, Juan",ESP,Men,football,M,Silver
Sydney,2000,Football,Football,"FERRON, Jordi",ESP,Men,football,M,Silver
Sydney,2000,Football,Football,"GARCIA, Gabriel",ESP,Men,football,M,Silver
Sydney,2000,Football,Football,"HERNANDEZ, Xavier",ESP,Men,football,M,Silver
Sydney,2000,Football,Football,"LACRUZ, Jesus Maria",ESP,Men,football,M,Silver
Sydney,2000,Football,Football,"LUQUE, Alberto",ESP,Men,football,M,Silver
Sydney,2000,Football,Football,"MARCHENA, Carlos",ESP,Men,football,M,Silver
Sydney,2000,Football,Football,"ORTIZ, Felipe",ESP,Men,football,M,Silver
Sydney,2000,Football,Football,"PUYOL, Carlos",ESP,Men,football,M,Silver
Sydney,2000,Football,Football,"ROMERO, Jose Maria",ESP,Men,football,M,Silver
Sydney,2000,Football,Football,"RUIZ, Ismael",ESP,Men,football,M,Silver
Sydney,2000,Football,Football,"TAMUDO, Raul",ESP,Men,football,M,Silver
Sydney,2000,Football,Football,"VELAMAZAN, Antonio",ESP,Men,football,M,Silver
Sydney,2000,Football,Football,"VERGARA, Unai",ESP,Men,football,M,Silver
Sydney,2000,Football,Football,"ANGERER, Nadine",GER,Women,football,W,Bronze
Sydney,2000,Football,Football,"BRANDEBUSEMEYER, Nicole",GER,Women,football,W,Bronze
Sydney,2000,Football,Football,"FITSCHEN, Doris",GER,Women,football,W,Bronze
Sydney,2000,Football,Football,"GOETTE, Jeannette",GER,Women,football,W,Bronze
Sydney,2000,Football,Football,"GOTTSCHLICH, Stefanie",GER,Women,football,W,Bronze
Sydney,2000,Football,Football,"GRINGS, Inka",GER,Women,football,W,Bronze
Sydney,2000,Football,Football,"HINGST, Ariane",GER,Women,football,W,Bronze
Sydney,2000,Football,Football,"HOFFMANN, Melanie",GER,Women,football,W,Bronze
Sydney,2000,Football,Football,"JONES, Steffi",GER,Women,football,W,Bronze
Sydney,2000,Football,Football,"LINGOR, Renate",GER,Women,football,W,Bronze
Sydney,2000,Football,Football,"MEINERT, Maren",GER,Women,football,W,Bronze
Sydney,2000,Football,Football,"MINNERT, Sandra",GER,Women,football,W,Bronze
Sydney,2000,Football,Football,"MUELLER, Claudia",GER,Women,football,W,Bronze
Sydney,2000,Football,Football,"PRINZ, Birgit",GER,Women,football,W,Bronze
Sydney,2000,Football,Football,"ROTTENBERG, Silke",GER,Women,football,W,Bronze
Sydney,2000,Football,Football,"STEGEMANN, Kerstin",GER,Women,football,W,Bronze
Sydney,2000,Football,Football,"WIEGMANN, Bettina",GER,Women,football,W,Bronze
Sydney,2000,Football,Football,"WUNDERLICH, Tina",GER,Women,football,W,Bronze
Sydney,2000,Football,Football,"BEKKEVOLD, Kristin",NOR,Women,football,W,Gold
Sydney,2000,Football,Football,"ESPESETH, Gro",NOR,Women,football,W,Gold
Sydney,2000,Football,Football,"GULBRANDSEN, Ragnhild",NOR,Women,football,W,Gold
Sydney,2000,Football,Football,"GULBRANDSEN, Solveig",NOR,Women,football,W,Gold
Sydney,2000,Football,Football,"HAUGENES, Margunn",NOR,Women,football,W,Gold
Sydney,2000,Football,Football,"HOVLAND, Ingeborg",NOR,Women,football,W,Gold
Sydney,2000,Football,Football,"JENSEN, Christine Boe",NOR,Women,football,W,Gold
Sydney,2000,Football,Football,"JOERGENSEN, Silje",NOR,Women,football,W,Gold
Sydney,2000,Football,Football,"KNUDSEN, Monica",NOR,Women,football,W,Gold
Sydney,2000,Football,Football,"KRINGEN, Goeril",NOR,Women,football,W,Gold
Sydney,2000,Football,Football,"KVITLAND, Bente",NOR,Women,football,W,Gold
Sydney,2000,Football,Football,"LEHN, Unni",NOR,Women,football,W,Gold
Sydney,2000,Football,Football,"MELLGREN, Dagny",NOR,Women,football,W,Gold
Sydney,2000,Football,Football,"NORDBY, Bente",NOR,Women,football,W,Gold
Sydney,2000,Football,Football,"PETTERSEN, Marianne",NOR,Women,football,W,Gold
Sydney,2000,Football,Football,"RAPP, Anita",NOR,Women,football,W,Gold
Sydney,2000,Football,Football,"RIISE, Hege",NOR,Women,football,W,Gold
Sydney,2000,Football,Football,"SANDAUNE, Brit",NOR,Women,football,W,Gold
Sydney,2000,Football,Football,"CHASTAIN, Brandi",USA,Women,football,W,Silver
Sydney,2000,Football,Football,"FAIR, Lorrie",USA,Women,football,W,Silver
Sydney,2000,Football,Football,"FAWCETT, Joy",USA,Women,football,W,Silver
Sydney,2000,Football,Football,"FOUDY, Julie",USA,Women,football,W,Silver
Sydney,2000,Football,Football,"FRENCH, Michelle",USA,Women,football,W,Silver
Sydney,2000,Football,Football,"HAMM, Mia",USA,Women,football,W,Silver
Sydney,2000,Football,Football,"LILLY, Kristine",USA,Women,football,W,Silver
Sydney,2000,Football,Football,"MACMILLAN, Shannon",USA,Women,football,W,Silver
Sydney,2000,Football,Football,"MILBRETT, Tiffeny",USA,Women,football,W,Silver
Sydney,2000,Football,Football,"MULLINIX, Siri",USA,Women,football,W,Silver
Sydney,2000,Football,Football,"OVERBECK, Carla",USA,Women,football,W,Silver
Sydney,2000,Football,Football,"PARLOW, Cindy",USA,Women,football,W,Silver
Sydney,2000,Football,Football,"PEARCE, Christie",USA,Women,football,W,Silver
Sydney,2000,Football,Football,"SCURRY, Briana",USA,Women,football,W,Silver
Sydney,2000,Football,Football,"SERLENGA, Nikki",USA,Women,football,W,Silver
Sydney,2000,Football,Football,"SLATON, Danielle",USA,Women,football,W,Silver
Sydney,2000,Football,Football,"SOBRERO, Kate",USA,Women,football,W,Silver
Sydney,2000,Football,Football,"WHALEN, Sara",USA,Women,football,W,Silver
Sydney,2000,Gymnastics,Artistic G.,"PRODOUNOVA, Elena",RUS,Women,balance beam,W,Bronze
Sydney,2000,Gymnastics,Artistic G.,"LIU, Xuan",CHN,Women,balance beam,W,Gold
Sydney,2000,Gymnastics,Artistic G.,"LOBAZNIOUK, Ekaterina",RUS,Women,balance beam,W,Silver
Sydney,2000,Gymnastics,Artistic G.,"IOVTCHEV, Iordan",BUL,Men,floor exercises,M,Bronze
Sydney,2000,Gymnastics,Artistic G.,"VIHROVS, Igors",LAT,Men,floor exercises,M,Gold
Sydney,2000,Gymnastics,Artistic G.,"NEMOV, Alexei",RUS,Men,floor exercises,M,Silver
Sydney,2000,Gymnastics,Artistic G.,"AMANAR, Simona",ROU,Women,floor exercises,W,Bronze
Sydney,2000,Gymnastics,Artistic G.,"ZAMOLODCHIKOVA, Elena",RUS,Women,floor exercises,W,Gold
Sydney,2000,Gymnastics,Artistic G.,"KHORKINA, Svetlana",RUS,Women,floor exercises,W,Silver
Sydney,2000,Gymnastics,Artistic G.,"LEE, Joo Hyung",KOR,Men,horizontal bar,M,Bronze
Sydney,2000,Gymnastics,Artistic G.,"NEMOV, Alexei",RUS,Men,horizontal bar,M,Gold
Sydney,2000,Gymnastics,Artistic G.,"VARONIAN, Benjamin",FRA,Men,horizontal bar,M,Silver
Sydney,2000,Gymnastics,Artistic G.,"BERESH, Oleksandr",UKR,Men,individual all-round,M,Bronze
Sydney,2000,Gymnastics,Artistic G.,"NEMOV, Alexei",RUS,Men,individual all-round,M,Gold
Sydney,2000,Gymnastics,Artistic G.,"YANG, Wey",CHN,Men,individual all-round,M,Silver
Sydney,2000,Gymnastics,Artistic G.,"LIU, Xuan",CHN,Women,individual all-round,W,Bronze
Sydney,2000,Gymnastics,Artistic G.,"AMANAR, Simona",ROU,Women,individual all-round,W,Gold
Sydney,2000,Gymnastics,Artistic G.,"OLARU, Maria",ROU,Women,individual all-round,W,Silver
Sydney,2000,Gymnastics,Artistic G.,"NEMOV, Alexei",RUS,Men,parallel bars,M,Bronze
Sydney,2000,Gymnastics,Artistic G.,"LI, Xiaopeng",CHN,Men,parallel bars,M,Gold
Sydney,2000,Gymnastics,Artistic G.,"LEE, Joo Hyung",KOR,Men,parallel bars,M,Silver
Sydney,2000,Gymnastics,Artistic G.,"NEMOV, Alexei",RUS,Men,pommel horse,M,Bronze
Sydney,2000,Gymnastics,Artistic G.,"URZICA, Marius Daniel",ROU,Men,pommel horse,M,Gold
Sydney,2000,Gymnastics,Artistic G.,"POUJADE, Eric",FRA,Men,pommel horse,M,Silver
Sydney,2000,Gymnastics,Artistic G.,"IOVTCHEV, Iordan",BUL,Men,rings,M,Bronze
Sydney,2000,Gymnastics,Artistic G.,"CSOLLANY, Szilveszter",HUN,Men,rings,M,Gold
Sydney,2000,Gymnastics,Artistic G.,"TAMPAKOS, Dimosthenis",GRE,Men,rings,M,Silver
Sydney,2000,Gymnastics,Artistic G.,"ALECHINE, Maxim",RUS,Men,team competition,M,Bronze
Sydney,2000,Gymnastics,Artistic G.,"BONDARENKO, Alexei",RUS,Men,team competition,M,Bronze
Sydney,2000,Gymnastics,Artistic G.,"DREVINE, Dmitri",RUS,Men,team competition,M,Bronze
Sydney,2000,Gymnastics,Artistic G.,"KRUKOV, Nikolay",RUS,Men,team competition,M,Bronze
Sydney,2000,Gymnastics,Artistic G.,"NEMOV, Alexei",RUS,Men,team competition,M,Bronze
Sydney,2000,Gymnastics,Artistic G.,"PODGORNYI, Evgueni",RUS,Men,team competition,M,Bronze
Sydney,2000,Gymnastics,Artistic G.,"HUANG, Xu",CHN,Men,team competition,M,Gold
Sydney,2000,Gymnastics,Artistic G.,"LI, Xiaopeng",CHN,Men,team competition,M,Gold
Sydney,2000,Gymnastics,Artistic G.,"XIAO, Junfeng",CHN,Men,team competition,M,Gold
Sydney,2000,Gymnastics,Artistic G.,"XING, Aowei",CHN,Men,team competition,M,Gold
Sydney,2000,Gymnastics,Artistic G.,"YANG, Wey",CHN,Men,team competition,M,Gold
Sydney,2000,Gymnastics,Artistic G.,"ZHENG, Lihui",CHN,Men,team competition,M,Gold
Sydney,2000,Gymnastics,Artistic G.,"BERESH, Oleksandr",UKR,Men,team competition,M,Silver
Sydney,2000,Gymnastics,Artistic G.,"GONCHAROV, Valeri",UKR,Men,team competition,M,Silver
Sydney,2000,Gymnastics,Artistic G.,"MYEZYENTSEV, Ruslan",UKR,Men,team competition,M,Silver
Sydney,2000,Gymnastics,Artistic G.,"PERESHKURA, Valeriy",UKR,Men,team competition,M,Silver
Sydney,2000,Gymnastics,Artistic G.,"SVETLICHNYI, Alexandre",UKR,Men,team competition,M,Silver
Sydney,2000,Gymnastics,Artistic G.,"ZOZULIA, Roman",UKR,Men,team competition,M,Silver
Sydney,2000,Gymnastics,Artistic G.,"CHOW, Amy",USA,Women,team competition,W,Bronze
Sydney,2000,Gymnastics,Artistic G.,"DANTZSCHER, Jamie",USA,Women,team competition,W,Bronze
Sydney,2000,Gymnastics,Artistic G.,"DAWES, Dominique",USA,Women,team competition,W,Bronze
Sydney,2000,Gymnastics,Artistic G.,"MALONEY, Kristin",USA,Women,team competition,W,Bronze
Sydney,2000,Gymnastics,Artistic G.,"RAY, Elise",USA,Women,team competition,W,Bronze
Sydney,2000,Gymnastics,Artistic G.,"SCHWIKERT-WARREN, Tasha",USA,Women,team competition,W,Bronze
Sydney,2000,Gymnastics,Artistic G.,"AMANAR, Simona",ROU,Women,team competition,W,Gold
Sydney,2000,Gymnastics,Artistic G.,"BOBOC, Loredana",ROU,Women,team competition,W,Gold
Sydney,2000,Gymnastics,Artistic G.,"ISARESCU, Andreea Florenta",ROU,Women,team competition,W,Gold
Sydney,2000,Gymnastics,Artistic G.,"OLARU, Maria",ROU,Women,team competition,W,Gold
Sydney,2000,Gymnastics,Artistic G.,"PRESACAN, Maria Claudia",ROU,Women,team competition,W,Gold
Sydney,2000,Gymnastics,Artistic G.,"RADUCAN, Andreea Madalina",ROU,Women,team competition,W,Gold
Sydney,2000,Gymnastics,Artistic G.,"KHORKINA, Svetlana",RUS,Women,team competition,W,Silver
Sydney,2000,Gymnastics,Artistic G.,"KOLESNIKOVA, Anastassia",RUS,Women,team competition,W,Silver
Sydney,2000,Gymnastics,Artistic G.,"LOBAZNIOUK, Ekaterina",RUS,Women,team competition,W,Silver
Sydney,2000,Gymnastics,Artistic G.,"PRODOUNOVA, Elena",RUS,Women,team competition,W,Silver
Sydney,2000,Gymnastics,Artistic G.,"TCHEPELEVA, Anna",RUS,Women,team competition,W,Silver
Sydney,2000,Gymnastics,Artistic G.,"ZAMOLODCHIKOVA, Elena",RUS,Women,team competition,W,Silver
Sydney,2000,Gymnastics,Artistic G.,"YANG, Yun",CHN,Women,uneven bars,W,Bronze
Sydney,2000,Gymnastics,Artistic G.,"KHORKINA, Svetlana",RUS,Women,uneven bars,W,Gold
Sydney,2000,Gymnastics,Artistic G.,"LING, Jie",CHN,Women,uneven bars,W,Silver
Sydney,2000,Gymnastics,Artistic G.,"BLANIK, Leszek",POL,Men,vault,M,Bronze
Sydney,2000,Gymnastics,Artistic G.,"DEFERR, Gervasio",ESP,Men,vault,M,Gold
Sydney,2000,Gymnastics,Artistic G.,"BONDARENKO, Alexei",RUS,Men,vault,M,Silver
Sydney,2000,Gymnastics,Artistic G.,"LOBAZNIOUK, Ekaterina",RUS,Women,vault,W,Bronze
Sydney,2000,Gymnastics,Artistic G.,"ZAMOLODCHIKOVA, Elena",RUS,Women,vault,W,Gold
Sydney,2000,Gymnastics,Artistic G.,"RADUCAN, Andreea Madalina",ROU,Women,vault,W,Silver
Sydney,2000,Gymnastics,Rhythmic G.,"AINDILI, Eirini",GRE,Women,group competition,W,Bronze
Sydney,2000,Gymnastics,Rhythmic G.,"CHRISTODOULOU, Evangelia",GRE,Women,group competition,W,Bronze
Sydney,2000,Gymnastics,Rhythmic G.,"GEORGATOU, Maria",GRE,Women,group competition,W,Bronze
Sydney,2000,Gymnastics,Rhythmic G.,"KARYAMI, Zacharoula",GRE,Women,group competition,W,Bronze
Sydney,2000,Gymnastics,Rhythmic G.,"PANTAZI, Charikleia",GRE,Women,group competition,W,Bronze
Sydney,2000,Gymnastics,Rhythmic G.,"POLLATOU, Anna",GRE,Women,group competition,W,Bronze
Sydney,2000,Gymnastics,Rhythmic G.,"BELOVA, Irina",RUS,Women,group competition,W,Gold
Sydney,2000,Gymnastics,Rhythmic G.,"CHALAMOVA, Elena",RUS,Women,group competition,W,Gold
Sydney,2000,Gymnastics,Rhythmic G.,"LAVROVA, Natalia",RUS,Women,group competition,W,Gold
Sydney,2000,Gymnastics,Rhythmic G.,"NETESSOVA, Maria",RUS,Women,group competition,W,Gold
Sydney,2000,Gymnastics,Rhythmic G.,"SHIMANSKAYA, Vera",RUS,Women,group competition,W,Gold
Sydney,2000,Gymnastics,Rhythmic G.,"ZILBER, Irina",RUS,Women,group competition,W,Gold
Sydney,2000,Gymnastics,Rhythmic G.,"ANANKO, Tatyana",BLR,Women,group competition,W,Silver
Sydney,2000,Gymnastics,Rhythmic G.,"BELAN, Tatyana",BLR,Women,group competition,W,Silver
Sydney,2000,Gymnastics,Rhythmic G.,"GLAZKOVA, Anna",BLR,Women,group competition,W,Silver
Sydney,2000,Gymnastics,Rhythmic G.,"ILYENKOVA, Irina",BLR,Women,group competition,W,Silver
Sydney,2000,Gymnastics,Rhythmic G.,"LAZUK, Maria",BLR,Women,group competition,W,Silver
Sydney,2000,Gymnastics,Rhythmic G.,"PUZHEVICH, Olga",BLR,Women,group competition,W,Silver
Sydney,2000,Gymnastics,Rhythmic G.,"KABAEVA, Alina",RUS,Women,individual all-round,W,Bronze
Sydney,2000,Gymnastics,Rhythmic G.,"BARSLUKOVA, Yulia",RUS,Women,individual all-round,W,Gold
Sydney,2000,Gymnastics,Rhythmic G.,"RASKINA, Yulia",BLR,Women,individual all-round,W,Silver
Sydney,2000,Gymnastics,Trampoline,"TURGEON, Mathieu",CAN,Men,individual,M,Bronze
Sydney,2000,Gymnastics,Trampoline,"MOSKALENKO, Alexander",RUS,Men,individual,M,Gold
Sydney,2000,Gymnastics,Trampoline,"WALLACE, Ji",AUS,Men,individual,M,Silver
Sydney,2000,Gymnastics,Trampoline,"COCKBURN, Karen",CAN,Women,individual,W,Bronze
Sydney,2000,Gymnastics,Trampoline,"KARAVAEVA, Irina",RUS,Women,individual,W,Gold
Sydney,2000,Gymnastics,Trampoline,"TSYHULEVA, Oksana",UKR,Women,individual,W,Silver
Sydney,2000,Handball,Handball,"BARRUFET, David",ESP,Men,handball,M,Bronze
Sydney,2000,Handball,Handball,"DOUICHEBAEV, Talant",ESP,Men,handball,M,Bronze
Sydney,2000,Handball,Handball,"GARRALDA, Mateo",ESP,Men,handball,M,Bronze
Sydney,2000,Handball,Handball,"GUIJOSA, Rafael",ESP,Men,handball,M,Bronze
Sydney,2000,Handball,Handball,"LOZANO, Demetrio",ESP,Men,handball,M,Bronze
Sydney,2000,Handball,Handball,"MASIP BORRAS, Enric",ESP,Men,handball,M,Bronze
Sydney,2000,Handball,Handball,"NUNEZ, Jordi",ESP,Men,handball,M,Bronze
Sydney,2000,Handball,Handball,"O'CALLAGHAN, Xavier",ESP,Men,handball,M,Bronze
Sydney,2000,Handball,Handball,"OLALLA, Jesus",ESP,Men,handball,M,Bronze
Sydney,2000,Handball,Handball,"ORTEGA, Antonio",ESP,Men,handball,M,Bronze
Sydney,2000,Handball,Handball,"PEREZ, Juan",ESP,Men,handball,M,Bronze
Sydney,2000,Handball,Handball,"UGALDE, Antonio",ESP,Men,handball,M,Bronze
Sydney,2000,Handball,Handball,"URDANGARIN, Ignacio",ESP,Men,handball,M,Bronze
Sydney,2000,Handball,Handball,"URDIALES, Alberto",ESP,Men,handball,M,Bronze
Sydney,2000,Handball,Handball,"XEPKIN, Andriy",ESP,Men,handball,M,Bronze
Sydney,2000,Handball,Handball,"FILIPPOV, Dmitriy",RUS,Men,handball,M,Gold
Sydney,2000,Handball,Handball,"GORPICHIN, Viatcheslav",RUS,Men,handball,M,Gold
Sydney,2000,Handball,Handball,"KHODKOV, Oleg",RUS,Men,handball,M,Gold
Sydney,2000,Handball,Handball,"KOKCHAROV, Edouard",RUS,Men,handball,M,Gold
Sydney,2000,Handball,Handball,"KOUDINOV, Vassili",RUS,Men,handball,M,Gold
Sydney,2000,Handball,Handball,"KOULINTCHENKO, Stanislav",RUS,Men,handball,M,Gold
Sydney,2000,Handball,Handball,"KOUZELEV, Dmitri",RUS,Men,handball,M,Gold
Sydney,2000,Handball,Handball,"KRIVOSHLYKOV, Denis",RUS,Men,handball,M,Gold
Sydney,2000,Handball,Handball,"LAVROV, Andrey",RUS,Men,handball,M,Gold
Sydney,2000,Handball,Handball,"LAVROV, Igor",RUS,Men,handball,M,Gold
Sydney,2000,Handball,Handball,"POGORELOV, Serguei",RUS,Men,handball,M,Gold
Sydney,2000,Handball,Handball,"SUKOSSIAN, Pavel",RUS,Men,handball,M,Gold
Sydney,2000,Handball,Handball,"TORGOVANOV, Dmitri",RUS,Men,handball,M,Gold
Sydney,2000,Handball,Handball,"TUCHKIN, Alexandre",RUS,Men,handball,M,Gold
Sydney,2000,Handball,Handball,"VORONIN, Lev",RUS,Men,handball,M,Gold
Sydney,2000,Handball,Handball,"ANDERSSON, Magnus",SWE,Men,handball,M,Silver
Sydney,2000,Handball,Handball,"BOQUIST, Martin",SWE,Men,handball,M,Silver
Sydney,2000,Handball,Handball,"FRANDESJO, Martin",SWE,Men,handball,M,Silver
Sydney,2000,Handball,Handball,"FRANZEN, Mathias",SWE,Men,handball,M,Silver
Sydney,2000,Handball,Handball,"GENTZEL, Peter",SWE,Men,handball,M,Silver
Sydney,2000,Handball,Handball,"LARSSON, Andreas",SWE,Men,handball,M,Silver
Sydney,2000,Handball,Handball,"LINDGREN, Ola",SWE,Men,handball,M,Silver
Sydney,2000,Handball,Handball,"LOFGREN, Stefan",SWE,Men,handball,M,Silver
Sydney,2000,Handball,Handball,"OLSSON, Staffan",SWE,Men,handball,M,Silver
Sydney,2000,Handball,Handball,"PETTERSSON, Johan",SWE,Men,handball,M,Silver
Sydney,2000,Handball,Handball,"SIVERTSSON, Thomas",SWE,Men,handball,M,Silver
Sydney,2000,Handball,Handball,"SVENSSON, Tomas",SWE,Men,handball,M,Silver
Sydney,2000,Handball,Handball,"THORSSON, Pierre",SWE,Men,handball,M,Silver
Sydney,2000,Handball,Handball,"VRANJES, Ljubomir",SWE,Men,handball,M,Silver
Sydney,2000,Handball,Handball,"WISLANDER, Magnus",SWE,Men,handball,M,Silver
Sydney,2000,Handball,Handball,"BJERKRHEIM, Susann Goksoer",NOR,Women,handball,W,Bronze
Sydney,2000,Handball,Handball,"DUVHOLT, Kristine",NOR,Women,handball,W,Bronze
Sydney,2000,Handball,Handball,"ERIKSEN, Ann",NOR,Women,handball,W,Bronze
Sydney,2000,Handball,Handball,"GRINI, Kjersti",NOR,Women,handball,W,Bronze
Sydney,2000,Handball,Handball,"HALTVIK, Trine",NOR,Women,handball,W,Bronze
Sydney,2000,Handball,Handball,"HILMO, Elisabeth",NOR,Women,handball,W,Bronze
Sydney,2000,Handball,Handball,"HUNDVIN, Mia",NOR,Women,handball,W,Bronze
Sydney,2000,Handball,Handball,"LARSEN, Tonje",NOR,Women,handball,W,Bronze
Sydney,2000,Handball,Handball,"LEGANGER, Cecilie",NOR,Women,handball,W,Bronze
Sydney,2000,Handball,Handball,"NILSEN, Jeanette",NOR,Women,handball,W,Bronze
Sydney,2000,Handball,Handball,"ROKNE, Marianne",NOR,Women,handball,W,Bronze
Sydney,2000,Handball,Handball,"SAETTEM, Birgitte",NOR,Women,handball,W,Bronze
Sydney,2000,Handball,Handball,"SANDVE, Monica",NOR,Women,handball,W,Bronze
Sydney,2000,Handball,Handball,"SOERLIE, Else-Marthe",NOR,Women,handball,W,Bronze
Sydney,2000,Handball,Handball,"TJUGUM, Heidi Maire",NOR,Women,handball,W,Bronze
Sydney,2000,Handball,Handball,"ANDERSEN, Camilla",DEN,Women,handball,W,Gold
Sydney,2000,Handball,Handball,"BOTTZAU, Tina",DEN,Women,handball,W,Gold
Sydney,2000,Handball,Handball,"BRODSGAARD, Karen",DEN,Women,handball,W,Gold
Sydney,2000,Handball,Handball,"FRUELUND, Katrine",DEN,Women,handball,W,Gold
Sydney,2000,Handball,Handball,"GRONBEK, Maja",DEN,Women,handball,W,Gold
Sydney,2000,Handball,Handball,"HANSEN, Christina Roslyng",DEN,Women,handball,W,Gold
Sydney,2000,Handball,Handball,"HOFFMAN, Anette",DEN,Women,handball,W,Gold
Sydney,2000,Handball,Handball,"KIAERSKOU, Lotte",DEN,Women,handball,W,Gold
Sydney,2000,Handball,Handball,"KJAERGAARD, Tonje",DEN,Women,handball,W,Gold
Sydney,2000,Handball,Handball,"KOLLING, Janne",DEN,Women,handball,W,Gold
Sydney,2000,Handball,Handball,"MORTENSEN, Karin",DEN,Women,handball,W,Gold
Sydney,2000,Handball,Handball,"NIELSEN, Anja",DEN,Women,handball,W,Gold
Sydney,2000,Handball,Handball,"PETERSEN, Rikke",DEN,Women,handball,W,Gold
Sydney,2000,Handball,Handball,"RANTALA, Lene",DEN,Women,handball,W,Gold
Sydney,2000,Handball,Handball,"VESTERGAARD LARSEN, Mette",DEN,Women,handball,W,Gold
Sydney,2000,Handball,Handball,"BALOGH, Beatrix",HUN,Women,handball,W,Silver
Sydney,2000,Handball,Handball,"DELI, Rita",HUN,Women,handball,W,Silver
Sydney,2000,Handball,Handball,"FARKAS, Agnes",HUN,Women,handball,W,Silver
Sydney,2000,Handball,Handball,"FARKAS, Andrea",HUN,Women,handball,W,Silver
Sydney,2000,Handball,Handball,"KANTOR, Aniko",HUN,Women,handball,W,Silver
Sydney,2000,Handball,Handball,"KOKENY, Beatrix",HUN,Women,handball,W,Silver
Sydney,2000,Handball,Handball,"KULCSAR, Anita",HUN,Women,handball,W,Silver
Sydney,2000,Handball,Handball,"LOWY, Dora",HUN,Women,handball,W,Silver
Sydney,2000,Handball,Handball,"NAGY, Aniko",HUN,Women,handball,W,Silver
Sydney,2000,Handball,Handball,"PADAR, Ildiko",HUN,Women,handball,W,Silver
Sydney,2000,Handball,Handball,"PALINGER, Katalin",HUN,Women,handball,W,Silver
Sydney,2000,Handball,Handball,"PIGNICZKI, Krisztina",HUN,Women,handball,W,Silver
Sydney,2000,Handball,Handball,"RADULOVICS, Bojana",HUN,Women,handball,W,Silver
Sydney,2000,Handball,Handball,"SITI, Beata",HUN,Women,handball,W,Silver
Sydney,2000,Handball,Handball,"ZSEMBERY, Tamasne",HUN,Women,handball,W,Silver
Sydney,2000,Hockey,Hockey,"BRENNAN, Michael",AUS,Men,hockey,M,Bronze
Sydney,2000,Hockey,Hockey,"COMMENS, Adam",AUS,Men,hockey,M,Bronze
Sydney,2000,Hockey,Hockey,"DAVIES, Stephen",AUS,Men,hockey,M,Bronze
Sydney,2000,Hockey,Hockey,"DILETTI, Damon",AUS,Men,hockey,M,Bronze
Sydney,2000,Hockey,Hockey,"DREHER, Lachlan",AUS,Men,hockey,M,Bronze
Sydney,2000,Hockey,Hockey,"DUFF, Jason",AUS,Men,hockey,M,Bronze
Sydney,2000,Hockey,Hockey,"ELDER, Troy",AUS,Men,hockey,M,Bronze
Sydney,2000,Hockey,Hockey,"ELMER, James",AUS,Men,hockey,M,Bronze
Sydney,2000,Hockey,Hockey,"GAUDOIN, Paul",AUS,Men,hockey,M,Bronze
Sydney,2000,Hockey,Hockey,"HOLT, Stephen",AUS,Men,hockey,M,Bronze
Sydney,2000,Hockey,Hockey,"LIVERMORE, Brent",AUS,Men,hockey,M,Bronze
Sydney,2000,Hockey,Hockey,"SPROULE, Daniel",AUS,Men,hockey,M,Bronze
Sydney,2000,Hockey,Hockey,"STACEY, Jay Jason",AUS,Men,hockey,M,Bronze
Sydney,2000,Hockey,Hockey,"VICTORY, Craig",AUS,Men,hockey,M,Bronze
Sydney,2000,Hockey,Hockey,"WELLS, Matthew",AUS,Men,hockey,M,Bronze
Sydney,2000,Hockey,Hockey,"YORK, Michael",AUS,Men,hockey,M,Bronze
Sydney,2000,Hockey,Hockey,"BRINKMAN, Jacques",NED,Men,hockey,M,Gold
Sydney,2000,Hockey,Hockey,"BUMA, Jaap Derk",NED,Men,hockey,M,Gold
Sydney,2000,Hockey,Hockey,"DE NOOIJER, Teun",NED,Men,hockey,M,Gold
