Sydney,2000,Archery,Archery,"KIM, Chung-Tae",KOR,Men,team (FITA Olympic round - 70m),M,Gold
Sydney,2000,Archery,Archery,"OH, Kyo-Moon",KOR,Men,team (FITA Olympic round - 70m),M,Gold
Sydney,2000,Archery,Archery,"BISIANI, Matteo",ITA,Men,team (FITA Olympic round - 70m),M,Silver
Sydney,2000,Archery,Archery,"DI BUO, Ilario",ITA,Men,team (FITA Olympic round - 70m),M,Silver
Sydney,2000,Archery,Archery,"FRANGILLI, Michele",ITA,Men,team (FITA Olympic round - 70m),M,Silver
Sydney,2000,Archery,Archery,"MENSING, Barbara",GER,Women,team (FITA Olympic round - 70m),W,Bronze
Sydney,2000,Archery,Archery,"PFOHL, Cornelia",GER,Women,team (FITA Olympic round - 70m),W,Bronze
Sydney,2000,Archery,Archery,"WAGNER, Sandra",GER,Women,team (FITA Olympic round - 70m),W,Bronze
Sydney,2000,Archery,Archery,"KIM, Nam-Soon",KOR,Women,team (FITA Olympic round - 70m),W,Gold
Sydney,2000,Archery,Archery,"KIM, Soo-Nyung",KOR,Women,team (FITA Olympic round - 70m),W,Gold
Sydney,2000,Archery,Archery,"YUN, Mi-Jin",KOR,Women,team (FITA Olympic round - 70m),W,Gold
Sydney,2000,Archery,Archery,"BURDEYNA, Nataliya",UKR,Women,team (FITA Olympic round - 70m),W,Silver
Sydney,2000,Archery,Archery,"SADOVNYCHA, Olena",UKR,Women,team (FITA Olympic round - 70m),W,Silver
Sydney,2000,Archery,Archery,"SERDYUK, Kateryna",UKR,Women,team (FITA Olympic round - 70m),W,Silver
Sydney,2000,Athletics,Athletics,"MEZGEBU, Assefa",ETH,Men,10000m,M,Bronze
Sydney,2000,Athletics,Athletics,"GEBRSELASSIE, Haile",ETH,Men,10000m,M,Gold
Sydney,2000,Athletics,Athletics,"TERGAT, Paul",KEN,Men,10000m,M,Silver
Sydney,2000,Athletics,Athletics,"RIBEIRO, Fernanda",POR,Women,10000m,W,Bronze
Sydney,2000,Athletics,Athletics,"TULU, Derartu",ETH,Women,10000m,W,Gold
Sydney,2000,Athletics,Athletics,"WAMI, Gete",ETH,Women,10000m,W,Silver
Sydney,2000,Athletics,Athletics,"THOMPSON, Obadele",BAR,Men,100m,M,Bronze
Sydney,2000,Athletics,Athletics,"GREENE, Maurice",USA,Men,100m,M,Gold
Sydney,2000,Athletics,Athletics,"BOLDON, Ato",TRI,Men,100m,M,Silver
Sydney,2000,Athletics,Athletics,"OTTEY-PAGE, Merlene",JAM,Women,100m,W,Bronze
Sydney,2000,Athletics,Athletics,"LAWRENCE, Tanya",JAM,Women,100m,W,Silver
Sydney,2000,Athletics,Athletics,"THANOU, Ekaterini",GRE,Women,100m,W,Silver
Sydney,2000,Athletics,Athletics,"MORRISON, Melissa",USA,Women,100m hurdles,W,Bronze
Sydney,2000,Athletics,Athletics,"SHISHIGINA, Olga",KAZ,Women,100m hurdles,W,Gold
Sydney,2000,Athletics,Athletics,"ALOZIE, Gloria",NGR,Women,100m hurdles,W,Silver
Sydney,2000,Athletics,Athletics,"CREAR, Mark",USA,Men,110m hurdles,M,Bronze
Sydney,2000,Athletics,Athletics,"GARCIA, Anier",CUB,Men,110m hurdles,M,Gold
Sydney,2000,Athletics,Athletics,"TRAMMELL, Terrence",USA,Men,110m hurdles,M,Silver
Sydney,2000,Athletics,Athletics,"LAGAT, Bernard",KEN,Men,1500m,M,Bronze
Sydney,2000,Athletics,Athletics,"NGENYI, Noah Kiprono",KEN,Men,1500m,M,Gold
Sydney,2000,Athletics,Athletics,"EL GUERROUJ, Hicham",MAR,Men,1500m,M,Silver
Sydney,2000,Athletics,Athletics,"SZABO, Gabriela",ROU,Women,1500m,W,Bronze
Sydney,2000,Athletics,Athletics,"MERAH-BENIDA, Nouria",ALG,Women,1500m,W,Gold
Sydney,2000,Athletics,Athletics,"SZEKELY, Violeta",ROU,Women,1500m,W,Silver
Sydney,2000,Athletics,Athletics,"BOLDON, Ato",TRI,Men,200m,M,Bronze
Sydney,2000,Athletics,Athletics,"KENTERIS, Konstantinos",GRE,Men,200m,M,Gold
Sydney,2000,Athletics,Athletics,"CAMPBELL, Darren",GBR,Men,200m,M,Silver
Sydney,2000,Athletics,Athletics,"MCDONALD, Beverly",JAM,Women,200m,W,Bronze
Sydney,2000,Athletics,Athletics,"DAVIS, Pauline Elaine",BAH,Women,200m,W,Gold
Sydney,2000,Athletics,Athletics,"JAYASINGHE, Susanthika",SRI,Women,200m,W,Silver
Sydney,2000,Athletics,Athletics,"VASCO, Maria",ESP,Women,20km race walk,W,Bronze
Sydney,2000,Athletics,Athletics,"WANG, Liping",CHN,Women,20km race walk,W,Gold
Sydney,2000,Athletics,Athletics,"PLAETZER, Kjersti",NOR,Women,20km race walk,W,Silver
Sydney,2000,Athletics,Athletics,"ANDREYEV, Vladimir",RUS,Men,20km walk,M,Bronze
Sydney,2000,Athletics,Athletics,"KORZENIOWSKI, Robert",POL,Men,20km walk,M,Gold
Sydney,2000,Athletics,Athletics,"HERNANDEZ, Noe",MEX,Men,20km walk,M,Silver
Sydney,2000,Athletics,Athletics,"EZZINE, Ali",MAR,Men,3000m steeplechase,M,Bronze
Sydney,2000,Athletics,Athletics,"KOSGEI, Reuben",KEN,Men,3000m steeplechase,M,Gold
Sydney,2000,Athletics,Athletics,"KIPKETER, Wilson Boit",KEN,Men,3000m steeplechase,M,Silver
Sydney,2000,Athletics,Athletics,"HAUGHTON, Greg",JAM,Men,400m,M,Bronze
Sydney,2000,Athletics,Athletics,"JOHNSON, Michael",USA,Men,400m,M,Gold
Sydney,2000,Athletics,Athletics,"HARRISON, Alvin",USA,Men,400m,M,Silver
Sydney,2000,Athletics,Athletics,"MERRY, Katharine",GBR,Women,400m,W,Bronze
Sydney,2000,Athletics,Athletics,"FREEMAN, Cathy",AUS,Women,400m,W,Gold
Sydney,2000,Athletics,Athletics,"GRAHAM, Lorraine",JAM,Women,400m,W,Silver
Sydney,2000,Athletics,Athletics,"HERBERT, Llewellyn",RSA,Men,400m hurdles,M,Bronze
Sydney,2000,Athletics,Athletics,"TAYLOR, Angelo",USA,Men,400m hurdles,M,Gold
Sydney,2000,Athletics,Athletics,"SOMAYLI, Hadi",KSA,Men,400m hurdles,M,Silver
Sydney,2000,Athletics,Athletics,"BIDOUANE, Nouzha",MAR,Women,400m hurdles,W,Bronze
Sydney,2000,Athletics,Athletics,"PRIVALOVA, Irina",RUS,Women,400m hurdles,W,Gold
Sydney,2000,Athletics,Athletics,"HEMMINGS, Deon Marie",JAM,Women,400m hurdles,W,Silver
Sydney,2000,Athletics,Athletics,"CESAR, Jose Angel",CUB,Men,4x100m relay,M,Bronze
Sydney,2000,Athletics,Athletics,"GARCIA, Ivan",CUB,Men,4x100m relay,M,Bronze
Sydney,2000,Athletics,Athletics,"MAYOLA, Freddy",CUB,Men,4x100m relay,M,Bronze
Sydney,2000,Athletics,Athletics,"PEREZ, Luis Alberto",CUB,Men,4x100m relay,M,Bronze
Sydney,2000,Athletics,Athletics,"BROKENBURR, Kenneth",USA,Men,4x100m relay,M,Gold
Sydney,2000,Athletics,Athletics,"DRUMMOND, Jon",USA,Men,4x100m relay,M,Gold
Sydney,2000,Athletics,Athletics,"GREENE, Maurice",USA,Men,4x100m relay,M,Gold
Sydney,2000,Athletics,Athletics,"LEWIS, Brian",USA,Men,4x100m relay,M,Gold
Sydney,2000,Athletics,Athletics,"MONTGOMERY, Tim",USA,Men,4x100m relay,M,Gold
Sydney,2000,Athletics,Athletics,"WILLIAMS III, Bernard",USA,Men,4x100m relay,M,Gold
Sydney,2000,Athletics,Athletics,"DE LIMA, Vicente",BRA,Men,4x100m relay,M,Silver
Sydney,2000,Athletics,Athletics,"RIBEIRO, Edson",BRA,Men,4x100m relay,M,Silver
Sydney,2000,Athletics,Athletics,"SILVA, Andre Domingos",BRA,Men,4x100m relay,M,Silver
Sydney,2000,Athletics,Athletics,"SILVA, Claudinei",BRA,Men,4x100m relay,M,Silver
Sydney,2000,Athletics,Athletics,"SOUZA, Claudio Roberto",BRA,Men,4x100m relay,M,Silver
Sydney,2000,Athletics,Athletics,"EDWARDS, Torri",USA,Women,4x100m relay,W,Bronze
Sydney,2000,Athletics,Athletics,"GAINES, Chryste",USA,Women,4x100m relay,W,Bronze
Sydney,2000,Athletics,Athletics,"PERRY, Nanceen",USA,Women,4x100m relay,W,Bronze
Sydney,2000,Athletics,Athletics,"RICHARDSON, Passion",USA,Women,4x100m relay,W,Bronze
Sydney,2000,Athletics,Athletics,"DAVIS, Pauline Elaine",BAH,Women,4x100m relay,W,Gold
Sydney,2000,Athletics,Athletics,"FERGUSON-MCKENZIE, Debbie",BAH,Women,4x100m relay,W,Gold
Sydney,2000,Athletics,Athletics,"FYNES, Sevatheda",BAH,Women,4x100m relay,W,Gold
Sydney,2000,Athletics,Athletics,"LEWIS, Eldice",BAH,Women,4x100m relay,W,Gold
Sydney,2000,Athletics,Athletics,"STURRUP, Chandra",BAH,Women,4x100m relay,W,Gold
Sydney,2000,Athletics,Athletics,"CAMPBELL-BROWN, Veronica",JAM,Women,4x100m relay,W,Silver
Sydney,2000,Athletics,Athletics,"FRAZER, Merlene",JAM,Women,4x100m relay,W,Silver
Sydney,2000,Athletics,Athletics,"LAWRENCE, Tanya",JAM,Women,4x100m relay,W,Silver
Sydney,2000,Athletics,Athletics,"MCDONALD, Beverly",JAM,Women,4x100m relay,W,Silver
Sydney,2000,Athletics,Athletics,"OTTEY-PAGE, Merlene",JAM,Women,4x100m relay,W,Silver
Sydney,2000,Athletics,Athletics,"AYRE, Sanjay",JAM,Men,4x400m relay,M,Bronze
Sydney,2000,Athletics,Athletics,"BLACKWOOD, Michael",JAM,Men,4x400m relay,M,Bronze
Sydney,2000,Athletics,Athletics,"HAUGHTON, Greg",JAM,Men,4x400m relay,M,Bronze
Sydney,2000,Athletics,Athletics,"MCDONALD, Michael",JAM,Men,4x400m relay,M,Bronze
Sydney,2000,Athletics,Athletics,"MCFARLANE, Danny",JAM,Men,4x400m relay,M,Bronze
Sydney,2000,Athletics,Athletics,"WILLIAMS, Christopher",JAM,Men,4x400m relay,M,Bronze
Sydney,2000,Athletics,Athletics,"AWAZIE, Nduka",NGR,Men,4x400m relay,M,Silver
Sydney,2000,Athletics,Athletics,"BADA, Sunday",NGR,Men,4x400m relay,M,Silver
Sydney,2000,Athletics,Athletics,"CHUKWU, Clement",NGR,Men,4x400m relay,M,Silver
Sydney,2000,Athletics,Athletics,"GADZAMA, Fidelis",NGR,Men,4x400m relay,M,Silver
Sydney,2000,Athletics,Athletics,"MONYE, Jude",NGR,Men,4x400m relay,M,Silver
Sydney,2000,Athletics,Athletics,"UDO OBONG, Enefiok",NGR,Men,4x400m relay,M,Silver
Sydney,2000,Athletics,Athletics,"GONCHARENKO, Svetlana",RUS,Women,4x400m relay,W,Bronze
Sydney,2000,Athletics,Athletics,"KOTLYAROVA, Olga",RUS,Women,4x400m relay,W,Bronze
Sydney,2000,Athletics,Athletics,"NAZAROVA, Natalya",RUS,Women,4x400m relay,W,Bronze
Sydney,2000,Athletics,Athletics,"PRIVALOVA, Irina",RUS,Women,4x400m relay,W,Bronze
Sydney,2000,Athletics,Athletics,"SOTNIKOVA, Yulia",RUS,Women,4x400m relay,W,Bronze
Sydney,2000,Athletics,Athletics,"ZYKINA, Olesya",RUS,Women,4x400m relay,W,Bronze
Sydney,2000,Athletics,Athletics,"ANDERSON, Andrea",USA,Women,4x400m relay,W,Gold
Sydney,2000,Athletics,Athletics,"COLANDER, LaTasha",USA,Women,4x400m relay,W,Gold
Sydney,2000,Athletics,Athletics,"HENNAGAN, Monique",USA,Women,4x400m relay,W,Gold
Sydney,2000,Athletics,Athletics,"MILES, Jearl",USA,Women,4x400m relay,W,Gold
Sydney,2000,Athletics,Athletics,"BURGHER, Michelle",JAM,Women,4x400m relay,W,Silver
Sydney,2000,Athletics,Athletics,"GRAHAM, Lorraine",JAM,Women,4x400m relay,W,Silver
Sydney,2000,Athletics,Athletics,"HEMMINGS, Deon Marie",JAM,Women,4x400m relay,W,Silver
Sydney,2000,Athletics,Athletics,"HOWELL, Charmaine",JAM,Women,4x400m relay,W,Silver
Sydney,2000,Athletics,Athletics,"RICHARDS, Sandie",JAM,Women,4x400m relay,W,Silver
Sydney,2000,Athletics,Athletics,"SCOTT-POMALES, Catherine",JAM,Women,4x400m relay,W,Silver
Sydney,2000,Athletics,Athletics,"LAHLAFI, Brahim",MAR,Men,5000m,M,Bronze
Sydney,2000,Athletics,Athletics,"WOLDE, Millon",ETH,Men,5000m,M,Gold
Sydney,2000,Athletics,Athletics,"SAIDI-SIEF, Ali",ALG,Men,5000m,M,Silver
Sydney,2000,Athletics,Athletics,"WAMI, Gete",ETH,Women,5000m,W,Bronze
Sydney,2000,Athletics,Athletics,"SZABO, Gabriela",ROU,Women,5000m,W,Gold
Sydney,2000,Athletics,Athletics,"O'SULLIVAN, Sonia",IRL,Women,5000m,W,Silver
Sydney,2000,Athletics,Athletics,"SANCHEZ GUERRERO, Joel",MEX,Men,50km walk,M,Bronze
Sydney,2000,Athletics,Athletics,"KORZENIOWSKI, Robert",POL,Men,50km walk,M,Gold
Sydney,2000,Athletics,Athletics,"FADEJEVS, Aigars",LAT,Men,50km walk,M,Silver
Sydney,2000,Athletics,Athletics,"SAID GUERNI, Djabir",ALG,Men,800m,M,Bronze
Sydney,2000,Athletics,Athletics,"SCHUMANN, Nils",GER,Men,800m,M,Gold
Sydney,2000,Athletics,Athletics,"KIPKETER, Wilson",DEN,Men,800m,M,Silver
Sydney,2000,Athletics,Athletics,"HOLMES, Kelly",GBR,Women,800m,W,Bronze
Sydney,2000,Athletics,Athletics,"MUTOLA, Maria",MOZ,Women,800m,W,Gold
Sydney,2000,Athletics,Athletics,"GRAF, Stephanie",AUT,Women,800m,W,Silver
Sydney,2000,Athletics,Athletics,"HUFFINS, Chris",USA,Men,decathlon,M,Bronze
Sydney,2000,Athletics,Athletics,"NOOL, Erki",EST,Men,decathlon,M,Gold
Sydney,2000,Athletics,Athletics,"SEBRLE, Roman",CZE,Men,decathlon,M,Silver
Sydney,2000,Athletics,Athletics,"KRUGER, Frantz",RSA,Men,discus throw,M,Bronze
Sydney,2000,Athletics,Athletics,"ALEKNA, Virgilijus",LTU,Men,discus throw,M,Gold
Sydney,2000,Athletics,Athletics,"RIEDEL, Lars",GER,Men,discus throw,M,Silver
Sydney,2000,Athletics,Athletics,"YATCHENKO, Iryna",BLR,Women,discus throw,W,Bronze
Sydney,2000,Athletics,Athletics,"ZVEREVA, Ellina",BLR,Women,discus throw,W,Gold
Sydney,2000,Athletics,Athletics,"KELESIDOU, Anastasia",GRE,Women,discus throw,W,Silver
Sydney,2000,Athletics,Athletics,"ASTAPKOVICH, Igor",BLR,Men,hammer throw,M,Bronze
Sydney,2000,Athletics,Athletics,"ZIOLKOWSKI, Szymon",POL,Men,hammer throw,M,Gold
Sydney,2000,Athletics,Athletics,"VIZZONI, Nicola",ITA,Men,hammer throw,M,Silver
Sydney,2000,Athletics,Athletics,"MUENCHOW, Kirsten",GER,Women,hammer throw,W,Bronze
Sydney,2000,Athletics,Athletics,"SKOLIMOWSKA, Kamila",POL,Women,hammer throw,W,Gold
Sydney,2000,Athletics,Athletics,"KUZENKOVA, Olga",RUS,Women,hammer throw,W,Silver
Sydney,2000,Athletics,Athletics,"SAZANOVICH, Natalya",BLR,Women,heptathlon,W,Bronze
Sydney,2000,Athletics,Athletics,"LEWIS, Denise",GBR,Women,heptathlon,W,Gold
Sydney,2000,Athletics,Athletics,"PROKHOROVA, Yelena",RUS,Women,heptathlon,W,Silver
Sydney,2000,Athletics,Athletics,"HAMMAD, Abderrahmane",ALG,Men,high jump,M,Bronze
Sydney,2000,Athletics,Athletics,"KLIUGIN, Sergey",RUS,Men,high jump,M,Gold
Sydney,2000,Athletics,Athletics,"SOTOMAYOR, Javier",CUB,Men,high jump,M,Silver
Sydney,2000,Athletics,Athletics,"BERGQVIST, Kajsa",SWE,Women,high jump,W,Bronze
Sydney,2000,Athletics,Athletics,"PANTELIMON, Oana",ROU,Women,high jump,W,Bronze
Sydney,2000,Athletics,Athletics,"YELESINA, Yelena",RUS,Women,high jump,W,Gold
Sydney,2000,Athletics,Athletics,"CLOETE, Hestrie",RSA,Women,high jump,W,Silver
Sydney,2000,Athletics,Athletics,"MAKAROV, Sergey",RUS,Men,javelin throw,M,Bronze
Sydney,2000,Athletics,Athletics,"ZELEZNY, Jan",CZE,Men,javelin throw,M,Gold
Sydney,2000,Athletics,Athletics,"BACKLEY, Steve",GBR,Men,javelin throw,M,Silver
Sydney,2000,Athletics,Athletics,"MENENDEZ, Osleidys",CUB,Women,javelin throw,W,Bronze
Sydney,2000,Athletics,Athletics,"HATTESTAD, Trine",NOR,Women,javelin throw,W,Gold
Sydney,2000,Athletics,Athletics,"MANIANI-TZELILI, Mirella",GRE,Women,javelin throw,W,Silver
Sydney,2000,Athletics,Athletics,"SCHURENKO, Roman",UKR,Men,long jump,M,Bronze
Sydney,2000,Athletics,Athletics,"PEDROSO, Ivan",CUB,Men,long jump,M,Gold
Sydney,2000,Athletics,Athletics,"TAURIMA, Jai",AUS,Men,long jump,M,Silver
Sydney,2000,Athletics,Athletics,"KOTOVA, Tatyana",RUS,Women,long jump,W,Bronze
Sydney,2000,Athletics,Athletics,"DRECHSLER, Heike",GER,Women,long jump,W,Gold
Sydney,2000,Athletics,Athletics,"MAY, Fiona",ITA,Women,long jump,W,Silver
Sydney,2000,Athletics,Athletics,"TOLA, Tesfaye",ETH,Men,marathon,M,Bronze
Sydney,2000,Athletics,Athletics,"CHEPCHUMBA, Joyce",KEN,Men,marathon,W,Bronze
Sydney,2000,Athletics,Athletics,"ABERA, Gezahegne",ETH,Men,marathon,M,Gold
Sydney,2000,Athletics,Athletics,"WAINAINA, Erick",KEN,Men,marathon,M,Silver
Sydney,2000,Athletics,Athletics,"TAKAHASHI, Naoko",JPN,Women,marathon,W,Gold
Sydney,2000,Athletics,Athletics,"SIMON, Lidia Elena",ROU,Women,marathon,W,Silver
Sydney,2000,Athletics,Athletics,"TARASOV, Maksim",RUS,Men,pole vault,M,Bronze
Sydney,2000,Athletics,Athletics,"HYSONG, Nick",USA,Men,pole vault,M,Gold
Sydney,2000,Athletics,Athletics,"JOHNSON, Lawrence",USA,Men,pole vault,M,Silver
Sydney,2000,Athletics,Athletics,"FLOSADOTTIR, Vala",ISL,Women,pole vault,W,Bronze
Sydney,2000,Athletics,Athletics,"DRAGILA, Stacy",USA,Women,pole vault,W,Gold
Sydney,2000,Athletics,Athletics,"GRIGORIEVA, Tatiana",AUS,Women,pole vault,W,Silver
Sydney,2000,Athletics,Athletics,"GODINA, John",USA,Men,shot put,M,Bronze
Sydney,2000,Athletics,Athletics,"HARJU, Arsi",FIN,Men,shot put,M,Gold
Sydney,2000,Athletics,Athletics,"NELSON, Adam",USA,Men,shot put,M,Silver
Sydney,2000,Athletics,Athletics,"KUMBERNUSS, Astrid",GER,Women,shot put,W,Bronze
Sydney,2000,Athletics,Athletics,"KAROLCHIK, Yanina",BLR,Women,shot put,W,Gold
Sydney,2000,Athletics,Athletics,"PELESHENKO, Larisa",RUS,Women,shot put,W,Silver
Sydney,2000,Athletics,Athletics,"KAPUSTIN, Denis",RUS,Men,triple jump,M,Bronze
Sydney,2000,Athletics,Athletics,"EDWARDS, Jonathan David",GBR,Men,triple jump,M,Gold
Sydney,2000,Athletics,Athletics,"GARCIA, Yoel",CUB,Men,triple jump,M,Silver
Sydney,2000,Athletics,Athletics,"HOVOROVA, Olena",UKR,Women,triple jump,W,Bronze
Sydney,2000,Athletics,Athletics,"MARINOVA, Tereza",BUL,Women,triple jump,W,Gold
Sydney,2000,Athletics,Athletics,"LEBEDEVA, Tatyana",RUS,Women,triple jump,W,Silver
Sydney,2000,Badminton,Badminton,"HA, Tae-Kwon",KOR,Men,doubles,M,Bronze
Sydney,2000,Badminton,Badminton,"KIM, Dong Moon",KOR,Men,doubles,M,Bronze
Sydney,2000,Badminton,Badminton,"ARCHER, Simon",GBR,Men,doubles,X,Bronze
Sydney,2000,Badminton,Badminton,"GUNAWAN, Tony",INA,Men,doubles,M,Gold
Sydney,2000,Badminton,Badminton,"WIJAYA, Candra",INA,Men,doubles,M,Gold
Sydney,2000,Badminton,Badminton,"ZHANG, Jun",CHN,Men,doubles,X,Gold
Sydney,2000,Badminton,Badminton,"LEE, Dong Soo",KOR,Men,doubles,M,Silver
Sydney,2000,Badminton,Badminton,"YOO, Yong-Sung",KOR,Men,doubles,M,Silver
Sydney,2000,Badminton,Badminton,"KUSHANJANTO, Tri",INA,Men,doubles,X,Silver
Sydney,2000,Badminton,Badminton,"GAO, Ling",CHN,Women,doubles,W,Bronze
Sydney,2000,Badminton,Badminton,"QIN, Yiyuan",CHN,Women,doubles,W,Bronze
Sydney,2000,Badminton,Badminton,"GOODE, Joanne",GBR,Women,doubles,X,Bronze
Sydney,2000,Badminton,Badminton,"GE, Fei",CHN,Women,doubles,W,Gold
Sydney,2000,Badminton,Badminton,"GU, Jun",CHN,Women,doubles,W,Gold
Sydney,2000,Badminton,Badminton,"GAO, Ling",CHN,Women,doubles,X,Gold
Sydney,2000,Badminton,Badminton,"HUANG, Nanyan",CHN,Women,doubles,W,Silver
Sydney,2000,Badminton,Badminton,"YANG, Wei",CHN,Women,doubles,W,Silver
Sydney,2000,Badminton,Badminton,"TIMUR, Minarti",INA,Women,doubles,X,Silver
Sydney,2000,Badminton,Badminton,"XIA, Xuanze",CHN,Men,singles,M,Bronze
Sydney,2000,Badminton,Badminton,"JI, Xinpeng",CHN,Men,singles,M,Gold
Sydney,2000,Badminton,Badminton,HENDRAWAN,INA,Men,singles,M,Silver
Sydney,2000,Badminton,Badminton,"YE, Zhaoying",CHN,Women,singles,W,Bronze
Sydney,2000,Badminton,Badminton,"GONG, Zhichao",CHN,Women,singles,W,Gold
Sydney,2000,Badminton,Badminton,"MARTIN, Camilla",DEN,Women,singles,W,Silver
Sydney,2000,Baseball,Baseball,"CHANG, Song-Ho",KOR,Men,baseball,M,Bronze
Sydney,2000,Baseball,Baseball,"CHONG, Tae-Hyon",KOR,Men,baseball,M,Bronze
Sydney,2000,Baseball,Baseball,"CHUNG, Min-Tae",KOR,Men,baseball,M,Bronze
Sydney,2000,Baseball,Baseball,"CHUNG, Soo-Keun",KOR,Men,baseball,M,Bronze
Sydney,2000,Baseball,Baseball,"HONG, Sung-Heon",KOR,Men,baseball,M,Bronze
Sydney,2000,Baseball,Baseball,"JIN, Pil-Jung",KOR,Men,baseball,M,Bronze
Sydney,2000,Baseball,Baseball,"KIM, Dong-Joo",KOR,Men,baseball,M,Bronze
Sydney,2000,Baseball,Baseball,"KIM, Han-Soo",KOR,Men,baseball,M,Bronze
Sydney,2000,Baseball,Baseball,"KIM, Ki-Tae",KOR,Men,baseball,M,Bronze
Sydney,2000,Baseball,Baseball,"KIM, Soo-Kyung",KOR,Men,baseball,M,Bronze
Sydney,2000,Baseball,Baseball,"KIM, Tae-Gyun",KOR,Men,baseball,M,Bronze
Sydney,2000,Baseball,Baseball,"KOO, Dae-Sung",KOR,Men,baseball,M,Bronze
Sydney,2000,Baseball,Baseball,"LEE, Byoung-Kyu",KOR,Men,baseball,M,Bronze
Sydney,2000,Baseball,Baseball,"LEE, Seung-Ho",KOR,Men,baseball,M,Bronze
Sydney,2000,Baseball,Baseball,"LEE, Seung-Yub",KOR,Men,baseball,M,Bronze
Sydney,2000,Baseball,Baseball,"LIM, Chang-Yong",KOR,Men,baseball,M,Bronze
Sydney,2000,Baseball,Baseball,"LIM, Sun-Dong",KOR,Men,baseball,M,Bronze
Sydney,2000,Baseball,Baseball,"PARK, Jae-Hong",KOR,Men,baseball,M,Bronze
Sydney,2000,Baseball,Baseball,"PARK, Jinman",KOR,Men,baseball,M,Bronze
Sydney,2000,Baseball,Baseball,"PARK, Jong-Ho",KOR,Men,baseball,M,Bronze
Sydney,2000,Baseball,Baseball,"PARK, Kyung-Oan",KOR,Men,baseball,M,Bronze
Sydney,2000,Baseball,Baseball,"PARK, Seok-Jin",KOR,Men,baseball,M,Bronze
Sydney,2000,Baseball,Baseball,"SON, Min-Han",KOR,Men,baseball,M,Bronze
Sydney,2000,Baseball,Baseball,"SONG, Jin-Woo",KOR,Men,baseball,M,Bronze
Sydney,2000,Baseball,Baseball,"ABERNATHY, Brent",USA,Men,baseball,M,Gold
Sydney,2000,Baseball,Baseball,"AINSWORTH, Kurt",USA,Men,baseball,M,Gold
Sydney,2000,Baseball,Baseball,"BORDERS, Pat",USA,Men,baseball,M,Gold
Sydney,2000,Baseball,Baseball,"BURROUGHS, Sean",USA,Men,baseball,M,Gold
Sydney,2000,Baseball,Baseball,"COTTON, John",USA,Men,baseball,M,Gold
Sydney,2000,Baseball,Baseball,"DAWKINS, Travis",USA,Men,baseball,M,Gold
Sydney,2000,Baseball,Baseball,"EVERETT, Adam",USA,Men,baseball,M,Gold
Sydney,2000,Baseball,Baseball,"FRANKLIN, Ryan",USA,Men,baseball,M,Gold
Sydney,2000,Baseball,Baseball,"GEORGE, Chris",USA,Men,baseball,M,Gold
Sydney,2000,Baseball,Baseball,"HEAMS, Shane",USA,Men,baseball,M,Gold
Sydney,2000,Baseball,Baseball,"JENSEN, Marcus",USA,Men,baseball,M,Gold
Sydney,2000,Baseball,Baseball,"KINKADE, Mike",USA,Men,baseball,M,Gold
Sydney,2000,Baseball,Baseball,"KRIVDA, Rick",USA,Men,baseball,M,Gold
Sydney,2000,Baseball,Baseball,"MIENTKIEWICZ, Doug",USA,Men,baseball,M,Gold
Sydney,2000,Baseball,Baseball,"NEILL, Mike",USA,Men,baseball,M,Gold
Sydney,2000,Baseball,Baseball,"OSWALT, Roy",USA,Men,baseball,M,Gold
Sydney,2000,Baseball,Baseball,"RAUCH, Jon",USA,Men,baseball,M,Gold
Sydney,2000,Baseball,Baseball,"SANDERS, Anthony",USA,Men,baseball,M,Gold
Sydney,2000,Baseball,Baseball,"SEAY, Bobby",USA,Men,baseball,M,Gold
Sydney,2000,Baseball,Baseball,"SHEETS, Ben",USA,Men,baseball,M,Gold
Sydney,2000,Baseball,Baseball,"WILKERSON, Brad",USA,Men,baseball,M,Gold
Sydney,2000,Baseball,Baseball,"WILLIAMS, Todd",USA,Men,baseball,M,Gold
Sydney,2000,Baseball,Baseball,"YOUNG, Ernie",USA,Men,baseball,M,Gold
Sydney,2000,Baseball,Baseball,"YOUNG, Tim",USA,Men,baseball,M,Gold
Sydney,2000,Baseball,Baseball,"AJETE, Omar",CUB,Men,baseball,M,Silver
Sydney,2000,Baseball,Baseball,"ARAGON, Yovany",CUB,Men,baseball,M,Silver
Sydney,2000,Baseball,Baseball,"CALDES, Miguel",CUB,Men,baseball,M,Silver
Sydney,2000,Baseball,Baseball,"CASTRO, Danel",CUB,Men,baseball,M,Silver
Sydney,2000,Baseball,Baseball,"CONTRERAS, Jose Ariel",CUB,Men,baseball,M,Silver
Sydney,2000,Baseball,Baseball,"DUENAS, Yobal",CUB,Men,baseball,M,Silver
Sydney,2000,Baseball,Baseball,"GOMEZ, Yasser",CUB,Men,baseball,M,Silver
Sydney,2000,Baseball,Baseball,"IBAR, Jose",CUB,Men,baseball,M,Silver
Sydney,2000,Baseball,Baseball,"KINDELAN, Orestes",CUB,Men,baseball,M,Silver
Sydney,2000,Baseball,Baseball,"LAZO, Pedro Luis",CUB,Men,baseball,M,Silver
Sydney,2000,Baseball,Baseball,"LINARES, Omar",CUB,Men,baseball,M,Silver
Sydney,2000,Baseball,Baseball,"MACIAS, Oscar",CUB,Men,baseball,M,Silver
Sydney,2000,Baseball,Baseball,"MANRIQUE, Juan",CUB,Men,baseball,M,Silver
Sydney,2000,Baseball,Baseball,"MENDEZ, Javier",CUB,Men,baseball,M,Silver
Sydney,2000,Baseball,Baseball,"MERINO, Rolando",CUB,Men,baseball,M,Silver
Sydney,2000,Baseball,Baseball,"MESA FRESNEDA, German",CUB,Men,baseball,M,Silver
Sydney,2000,Baseball,Baseball,"PACHECO, Antonio",CUB,Men,baseball,M,Silver
Sydney,2000,Baseball,Baseball,"PESTANO, Ariel",CUB,Men,baseball,M,Silver
Sydney,2000,Baseball,Baseball,"PIERRE, Gabriel",CUB,Men,baseball,M,Silver
Sydney,2000,Baseball,Baseball,"RODRIGUEZ, Maels",CUB,Men,baseball,M,Silver
Sydney,2000,Baseball,Baseball,"SCULL, Antonio",CUB,Men,baseball,M,Silver
Sydney,2000,Baseball,Baseball,"ULACIA, Luis",CUB,Men,baseball,M,Silver
Sydney,2000,Baseball,Baseball,"VALLE, Lazaro",CUB,Men,baseball,M,Silver
Sydney,2000,Baseball,Baseball,"VERA, Norge Luis",CUB,Men,baseball,M,Silver
Sydney,2000,Basketball,Basketball,"ADOMAITIS, Dainius",LTU,Men,basketball,M,Bronze
Sydney,2000,Basketball,Basketball,"EINIKIS, Gintaras",LTU,Men,basketball,M,Bronze
Sydney,2000,Basketball,Basketball,"GIEDRAITIS, Audrius",LTU,Men,basketball,M,Bronze
Sydney,2000,Basketball,Basketball,"JASIKEVICIUS, Sarunas",LTU,Men,basketball,M,Bronze
Sydney,2000,Basketball,Basketball,"MARCIULIONIS, Kestutis",LTU,Men,basketball,M,Bronze
Sydney,2000,Basketball,Basketball,"MASIULIS, Tomas",LTU,Men,basketball,M,Bronze
Sydney,2000,Basketball,Basketball,"MASKOLIUNAS, Darius",LTU,Men,basketball,M,Bronze
Sydney,2000,Basketball,Basketball,"SISKAUSKAS, Ramunas",LTU,Men,basketball,M,Bronze
Sydney,2000,Basketball,Basketball,"SONGAILA, Darius",LTU,Men,basketball,M,Bronze
Sydney,2000,Basketball,Basketball,"STOMBERGAS, Saulius",LTU,Men,basketball,M,Bronze
Sydney,2000,Basketball,Basketball,"TIMINSKAS, Mindaugas",LTU,Men,basketball,M,Bronze
Sydney,2000,Basketball,Basketball,"ZUKAUSKAS, Eurelijus",LTU,Men,basketball,M,Bronze
Sydney,2000,Basketball,Basketball,"ABDUR-RAHIM, Shareef",USA,Men,basketball,M,Gold
Sydney,2000,Basketball,Basketball,"ALLEN, Ray",USA,Men,basketball,M,Gold
Sydney,2000,Basketball,Basketball,"BAKER, Vin",USA,Men,basketball,M,Gold
Sydney,2000,Basketball,Basketball,"CARTER, Vince",USA,Men,basketball,M,Gold
Sydney,2000,Basketball,Basketball,"GARNETT, Kevin",USA,Men,basketball,M,Gold
Sydney,2000,Basketball,Basketball,"HARDAWAY, Tim",USA,Men,basketball,M,Gold
Sydney,2000,Basketball,Basketball,"HOUSTON, Allan",USA,Men,basketball,M,Gold
Sydney,2000,Basketball,Basketball,"KIDD, Jason",USA,Men,basketball,M,Gold
Sydney,2000,Basketball,Basketball,"MCDYESS, Antonio",USA,Men,basketball,M,Gold
Sydney,2000,Basketball,Basketball,"MOURNING, Alonzo",USA,Men,basketball,M,Gold
Sydney,2000,Basketball,Basketball,"PAYTON, Gary",USA,Men,basketball,M,Gold
Sydney,2000,Basketball,Basketball,"SMITH, Steve",USA,Men,basketball,M,Gold
Sydney,2000,Basketball,Basketball,"BILBA, Jim",FRA,Men,basketball,M,Silver
Sydney,2000,Basketball,Basketball,"BONATO, Yann",FRA,Men,basketball,M,Silver
Sydney,2000,Basketball,Basketball,"DIOUMASSI, Makan",FRA,Men,basketball,M,Silver
Sydney,2000,Basketball,Basketball,"FOIREST, Laurent",FRA,Men,basketball,M,Silver
Sydney,2000,Basketball,Basketball,"GADOU, Thierry",FRA,Men,basketball,M,Silver
Sydney,2000,Basketball,Basketball,"JULIAN, Cyril",FRA,Men,basketball,M,Silver
Sydney,2000,Basketball,Basketball,"PALMER, Henry Crawford",FRA,Men,basketball,M,Silver
Sydney,2000,Basketball,Basketball,"RIGAUDEAU, Antoine",FRA,Men,basketball,M,Silver
Sydney,2000,Basketball,Basketball,"RISACHER, Stephane",FRA,Men,basketball,M,Silver
Sydney,2000,Basketball,Basketball,"SCIARRA, Laurent",FRA,Men,basketball,M,Silver
Sydney,2000,Basketball,Basketball,"SONKO, Mustapha",FRA,Men,basketball,M,Silver
Sydney,2000,Basketball,Basketball,"WEIS, Frederic",FRA,Men,basketball,M,Silver
Sydney,2000,Basketball,Basketball,"ARCAIN, Janeth",BRA,Women,basketball,W,Bronze
Sydney,2000,Basketball,Basketball,"DAVID, Ilisaine Karen",BRA,Women,basketball,W,Bronze
Sydney,2000,Basketball,Basketball,"GONCALVES, Lilian Cristina",BRA,Women,basketball,W,Bronze
Sydney,2000,Basketball,Basketball,"LUZ, Helen Cristina",BRA,Women,basketball,W,Bronze
Sydney,2000,Basketball,Basketball,"LUZ, Silvia",BRA,Women,basketball,W,Bronze
Sydney,2000,Basketball,Basketball,"NEVES, Claudia",BRA,Women,basketball,W,Bronze
Sydney,2000,Basketball,Basketball,"OLIVEIRA, Alessandra",BRA,Women,basketball,W,Bronze
Sydney,2000,Basketball,Basketball,"PINTO, Adriana",BRA,Women,basketball,W,Bronze
Sydney,2000,Basketball,Basketball,"SANTOS, Adriana Aparecida",BRA,Women,basketball,W,Bronze
Sydney,2000,Basketball,Basketball,"SANTOS, Cintia",BRA,Women,basketball,W,Bronze
Sydney,2000,Basketball,Basketball,"SANTOS, Kelly",BRA,Women,basketball,W,Bronze
Sydney,2000,Basketball,Basketball,"SOBRAL, Marta",BRA,Women,basketball,W,Bronze
Sydney,2000,Basketball,Basketball,"BOLTON, Ruthie",USA,Women,basketball,W,Gold
Sydney,2000,Basketball,Basketball,"EDWARDS, Teresa",USA,Women,basketball,W,Gold
Sydney,2000,Basketball,Basketball,"GRIFFITH, Yolanda",USA,Women,basketball,W,Gold
Sydney,2000,Basketball,Basketball,"HOLDSCLAW, Chamique",USA,Women,basketball,W,Gold
Sydney,2000,Basketball,Basketball,"LESLIE, Lisa",USA,Women,basketball,W,Gold
Sydney,2000,Basketball,Basketball,"MCCRAY, Nikki",USA,Women,basketball,W,Gold
Sydney,2000,Basketball,Basketball,"MILTON, Delisha",USA,Women,basketball,W,Gold
Sydney,2000,Basketball,Basketball,"SMITH, Katie",USA,Women,basketball,W,Gold
Sydney,2000,Basketball,Basketball,"STALEY, Dawn",USA,Women,basketball,W,Gold
Sydney,2000,Basketball,Basketball,"SWOOPES, Sheryl",USA,Women,basketball,W,Gold
Sydney,2000,Basketball,Basketball,"WILLIAMS, Natalie",USA,Women,basketball,W,Gold
Sydney,2000,Basketball,Basketball,"WOLTERS, Kara",USA,Women,basketball,W,Gold
Sydney,2000,Basketball,Basketball,"BOYD, Carla",AUS,Women,basketball,W,Silver
Sydney,2000,Basketball,Basketball,"BROGAN, Michelle",AUS,Women,basketball,W,Silver
Sydney,2000,Basketball,Basketball,"BRONDELLO, Alexandra",AUS,Women,basketball,W,Silver
Sydney,2000,Basketball,Basketball,"FALLON, Trish",AUS,Women,basketball,W,Silver
Sydney,2000,Basketball,Basketball,"HARROWER, Kristi",AUS,Women,basketball,W,Silver
Sydney,2000,Basketball,Basketball,"HILL, Jo",AUS,Women,basketball,W,Silver
Sydney,2000,Basketball,Basketball,"JACKSON, Lauren",AUS,Women,basketball,W,Silver
Sydney,2000,Basketball,Basketball,"LA FLEUR, Annie",AUS,Women,basketball,W,Silver
Sydney,2000,Basketball,Basketball,"SANDIE, Shelley",AUS,Women,basketball,W,Silver
Sydney,2000,Basketball,Basketball,"SPORN, Rachael",AUS,Women,basketball,W,Silver
Sydney,2000,Basketball,Basketball,"TIMMS, Michelle",AUS,Women,basketball,W,Silver
Sydney,2000,Basketball,Basketball,"WHITTLE, Jennifer",AUS,Women,basketball,W,Silver
Sydney,2000,Boxing,Boxing,"KIM, Un Chol",PRK,Men,- 48kg (light-flyweight),M,Bronze
Sydney,2000,Boxing,Boxing,"ROMERO, Maikro",CUB,Men,- 48kg (light-flyweight),M,Bronze
Sydney,2000,Boxing,Boxing,"ASLOUM, Brahim",FRA,Men,- 48kg (light-flyweight),M,Gold
Sydney,2000,Boxing,Boxing,"LOZANO MUÃ‘OZ, Rafael",ESP,Men,- 48kg (light-flyweight),M,Silver
Sydney,2000,Boxing,Boxing,"SAIDOV, Rustam",UZB,Men,+ 91kg (super heavyweight),M,Bronze
Sydney,2000,Boxing,Boxing,"VIDOZ, Paolo",ITA,Men,+ 91kg (super heavyweight),M,Bronze
Sydney,2000,Boxing,Boxing,"HARRISON, Audley",GBR,Men,+ 91kg (super heavyweight),M,Gold
Sydney,2000,Boxing,Boxing,"DILDABEKOV, Mukhtarkhan",KAZ,Men,+ 91kg (super heavyweight),M,Silver
Sydney,2000,Boxing,Boxing,"SYDORENKO, Volodymyr",UKR,Men,48 - 51kg (flyweight),M,Bronze
Sydney,2000,Boxing,Boxing,"THOMAS, Jerome",FRA,Men,48 - 51kg (flyweight),M,Bronze
Sydney,2000,Boxing,Boxing,"PONLID, Wijan",THA,Men,48 - 51kg (flyweight),M,Gold
Sydney,2000,Boxing,Boxing,"JUMADILOV, Bulat",KAZ,Men,48 - 51kg (flyweight),M,Silver
Sydney,2000,Boxing,Boxing,"DANYLCHENKO, Sergiy",UKR,Men,51 - 54kg (bantamweight),M,Bronze
Sydney,2000,Boxing,Boxing,"VINSON, Clarence",USA,Men,51 - 54kg (bantamweight),M,Bronze
Sydney,2000,Boxing,Boxing,"RIGONDEAUX ORTIZ, Guillermo",CUB,Men,51 - 54kg (bantamweight),M,Gold
Sydney,2000,Boxing,Boxing,"MALAKHBEKOV, Raimkul",RUS,Men,51 - 54kg (bantamweight),M,Silver
Sydney,2000,Boxing,Boxing,"DJAMALOUDINOV, Kamil",RUS,Men,54 - 57kg (featherweight),M,Bronze
Sydney,2000,Boxing,Boxing,"TAMSAMANI, Tahar",MAR,Men,54 - 57kg (featherweight),M,Bronze
Sydney,2000,Boxing,Boxing,"SATTARKHANOV, Bekzat",KAZ,Men,54 - 57kg (featherweight),M,Gold
Sydney,2000,Boxing,Boxing,"JUAREZ, Ricardo",USA,Men,54 - 57kg (featherweight),M,Silver
Sydney,2000,Boxing,Boxing,"BEJARANO, Cristian",MEX,Men,57 - 60kg (lightweight),M,Bronze
Sydney,2000,Boxing,Boxing,"MALETINE, Alexandre",RUS,Men,57 - 60kg (lightweight),M,Bronze
Sydney,2000,Boxing,Boxing,"KINDELAN, Mario",CUB,Men,57 - 60kg (lightweight),M,Gold
Sydney,2000,Boxing,Boxing,"KOTELNYK, Andriy",UKR,Men,57 - 60kg (lightweight),M,Silver
Sydney,2000,Boxing,Boxing,"ALLALOU, Mohamed",ALG,Men,60 - 63.5kg (light-welterweight),M,Bronze
Sydney,2000,Boxing,Boxing,"LUNA, Diogenes",CUB,Men,60 - 63.5kg (light-welterweight),M,Bronze
Sydney,2000,Boxing,Boxing,"ABDOOLLAYEV, Mahammatkodir",UZB,Men,60 - 63.5kg (light-welterweight),M,Gold
Sydney,2000,Boxing,Boxing,"WILLIAMS JR, Ricardo",USA,Men,60 - 63.5kg (light-welterweight),M,Silver
Sydney,2000,Boxing,Boxing,"GRUSAC, Vitalie",MDA,Men,63.5 - 67kg (welterweight),M,Bronze
Sydney,2000,Boxing,Boxing,"SIMION, Dorel",ROU,Men,63.5 - 67kg (welterweight),M,Bronze
Sydney,2000,Boxing,Boxing,"SAITOV, Oleg",RUS,Men,63.5 - 67kg (welterweight),M,Gold
Sydney,2000,Boxing,Boxing,"DOTSENKO, Sergey",UKR,Men,63.5 - 67kg (welterweight),M,Silver
Sydney,2000,Boxing,Boxing,"TAYLOR, Jermain",USA,Men,67 - 71kg (light-middleweight),M,Bronze
Sydney,2000,Boxing,Boxing,"THONGBURAN, Pornchai",THA,Men,67 - 71kg (light-middleweight),M,Bronze
Sydney,2000,Boxing,Boxing,"IBRAIMOV, Yermakhan",KAZ,Men,67 - 71kg (light-middleweight),M,Gold
Sydney,2000,Boxing,Boxing,"SIMION, Marian",ROU,Men,67 - 71kg (light-middleweight),M,Silver
Sydney,2000,Boxing,Boxing,"ALAKPAROV, Vugar",AZE,Men,71-75kg,M,Bronze
Sydney,2000,Boxing,Boxing,"ERDEI, Zsolt",HUN,Men,71-75kg,M,Bronze
Sydney,2000,Boxing,Boxing,"GUTIERREZ, Jorge",CUB,Men,71-75kg,M,Gold
Sydney,2000,Boxing,Boxing,"GAIDARBEKOV, Gaidarbek",RUS,Men,71-75kg,M,Silver
Sydney,2000,Boxing,Boxing,"FEDCHUK, Andriy",UKR,Men,75 - 81kg (light-heavyweight),M,Bronze
Sydney,2000,Boxing,Boxing,"MIHAYLOV, Sergey",UZB,Men,75 - 81kg (light-heavyweight),M,Bronze
Sydney,2000,Boxing,Boxing,"LEBZIAK, Alexandre",RUS,Men,75 - 81kg (light-heavyweight),M,Gold
Sydney,2000,Boxing,Boxing,"KRAJ, Rudolf",CZE,Men,75 - 81kg (light-heavyweight),M,Silver
Sydney,2000,Boxing,Boxing,"KOEBER, Sebastian",GER,Men,81 - 91kg (heavyweight),M,Bronze
Sydney,2000,Boxing,Boxing,"TCHANTURIA, Vladimer",GEO,Men,81 - 91kg (heavyweight),M,Bronze
Sydney,2000,Boxing,Boxing,"SAVON, Felix",CUB,Men,81 - 91kg (heavyweight),M,Gold
Sydney,2000,Boxing,Boxing,"IBRAGUIMOV, Soultanakhmed",RUS,Men,81 - 91kg (heavyweight),M,Silver
Sydney,2000,Canoe / Kayak,Canoe / Kayak F,"GILES, Stephen Cory",CAN,Men,C-1 1000m (canoe single),M,Bronze
Sydney,2000,Canoe / Kayak,Canoe / Kayak F,"DITTMER, Andreas",GER,Men,C-1 1000m (canoe single),M,Gold
Sydney,2000,Canoe / Kayak,Canoe / Kayak F,"BALCEIRO, Ledys Frank",CUB,Men,C-1 1000m (canoe single),M,Silver
Sydney,2000,Canoe / Kayak,Canoe / Kayak F,"DITTMER, Andreas",GER,Men,C-1 500m (canoe single),M,Bronze
Sydney,2000,Canoe / Kayak,Canoe / Kayak F,"KOLONICS, Gyorgy",HUN,Men,C-1 500m (canoe single),M,Gold
Sydney,2000,Canoe / Kayak,Canoe / Kayak F,"OPALEV, Maxim",RUS,Men,C-1 500m (canoe single),M,Silver
Sydney,2000,Canoe / Kayak,Canoe / Kayak F,"KOBER, Lars",GER,Men,C-2 1000m (canoe double),M,Bronze
Sydney,2000,Canoe / Kayak,Canoe / Kayak F,"UTESS, Stefan",GER,Men,C-2 1000m (canoe double),M,Bronze
Sydney,2000,Canoe / Kayak,Canoe / Kayak F,"POPESCU, Florin",ROU,Men,C-2 1000m (canoe double),M,Gold
Sydney,2000,Canoe / Kayak,Canoe / Kayak F,"PRICOP, Mitica",ROU,Men,C-2 1000m (canoe double),M,Gold
Sydney,2000,Canoe / Kayak,Canoe / Kayak F,"PEREIRA, Leobaldo",CUB,Men,C-2 1000m (canoe double),M,Silver
Sydney,2000,Canoe / Kayak,Canoe / Kayak F,"ROJAS, Ibrahin",CUB,Men,C-2 1000m (canoe double),M,Silver
Sydney,2000,Canoe / Kayak,Canoe / Kayak F,"POPESCU, Florin",ROU,Men,C-2 500m (canoe double),M,Bronze
Sydney,2000,Canoe / Kayak,Canoe / Kayak F,"PRICOP, Mitica",ROU,Men,C-2 500m (canoe double),M,Bronze
Sydney,2000,Canoe / Kayak,Canoe / Kayak F,"NOVAK, Ferenc",HUN,Men,C-2 500m (canoe double),M,Gold
Sydney,2000,Canoe / Kayak,Canoe / Kayak F,"PULAI, Imre",HUN,Men,C-2 500m (canoe double),M,Gold
Sydney,2000,Canoe / Kayak,Canoe / Kayak F,"BARASZKIEWICZ, Pawel",POL,Men,C-2 500m (canoe double),M,Silver
Sydney,2000,Canoe / Kayak,Canoe / Kayak F,"JEDRASZKO, Daniel",POL,Men,C-2 500m (canoe double),M,Silver
Sydney,2000,Canoe / Kayak,Canoe / Kayak F,"BRABANTS, Tim",GBR,Men,K-1 1000m (kayak single),M,Bronze
Sydney,2000,Canoe / Kayak,Canoe / Kayak F,"HOLMANN, Knut",NOR,Men,K-1 1000m (kayak single),M,Gold
Sydney,2000,Canoe / Kayak,Canoe / Kayak F,"MERKOV, Petar",BUL,Men,K-1 1000m (kayak single),M,Silver
Sydney,2000,Canoe / Kayak,Canoe / Kayak F,"KOLGANOV, Michael",ISR,Men,K-1 500m (kayak single),M,Bronze
Sydney,2000,Canoe / Kayak,Canoe / Kayak F,"HOLMANN, Knut",NOR,Men,K-1 500m (kayak single),M,Gold
Sydney,2000,Canoe / Kayak,Canoe / Kayak F,"MERKOV, Petar",BUL,Men,K-1 500m (kayak single),M,Silver
Sydney,2000,Canoe / Kayak,Canoe / Kayak F,"BORCHERT, Katrin",AUS,Women,K-1 500m (kayak single),W,Bronze
Sydney,2000,Canoe / Kayak,Canoe / Kayak F,"IDEM, Josefa",ITA,Women,K-1 500m (kayak single),W,Gold
Sydney,2000,Canoe / Kayak,Canoe / Kayak F,"BRUNET, Caroline",CAN,Women,K-1 500m (kayak single),W,Silver
Sydney,2000,Canoe / Kayak,Canoe / Kayak F,"BARTFAI, Krisztian",HUN,Men,K-2 1000m (kayak double),M,Bronze
Sydney,2000,Canoe / Kayak,Canoe / Kayak F,"VEREB, Krisztian",HUN,Men,K-2 1000m (kayak double),M,Bronze
Sydney,2000,Canoe / Kayak,Canoe / Kayak F,"BONOMI, Beniamino",ITA,Men,K-2 1000m (kayak double),M,Gold
Sydney,2000,Canoe / Kayak,Canoe / Kayak F,"ROSSI, Antonio",ITA,Men,K-2 1000m (kayak double),M,Gold
Sydney,2000,Canoe / Kayak,Canoe / Kayak F,"NILSSON, Henrik",SWE,Men,K-2 1000m (kayak double),M,Silver
Sydney,2000,Canoe / Kayak,Canoe / Kayak F,"OSCARSSON, Markus",SWE,Men,K-2 1000m (kayak double),M,Silver
Sydney,2000,Canoe / Kayak,Canoe / Kayak F,"RAUHE, Ronald",GER,Men,K-2 500m (kayak double),M,Bronze
Sydney,2000,Canoe / Kayak,Canoe / Kayak F,"WIESKOETTER, Tim",GER,Men,K-2 500m (kayak double),M,Bronze
Sydney,2000,Canoe / Kayak,Canoe / Kayak F,"KAMMERER, Zoltan",HUN,Men,K-2 500m (kayak double),M,Gold
Sydney,2000,Canoe / Kayak,Canoe / Kayak F,"STORCZ, Botond",HUN,Men,K-2 500m (kayak double),M,Gold
Sydney,2000,Canoe / Kayak,Canoe / Kayak F,"COLLINS, Daniel",AUS,Men,K-2 500m (kayak double),M,Silver
Sydney,2000,Canoe / Kayak,Canoe / Kayak F,"TRIM, Andrew Lawrence",AUS,Men,K-2 500m (kayak double),M,Silver
Sydney,2000,Canoe / Kayak,Canoe / Kayak F,"PASTUSZKA, Aneta",POL,Women,K-2 500m (kayak double),W,Bronze
Sydney,2000,Canoe / Kayak,Canoe / Kayak F,"SOKOLOWSKA KULESZA, Beata",POL,Women,K-2 500m (kayak double),W,Bronze
Sydney,2000,Canoe / Kayak,Canoe / Kayak F,"FISCHER, Birgit",GER,Women,K-2 500m (kayak double),W,Gold
Sydney,2000,Canoe / Kayak,Canoe / Kayak F,"WAGNER-AUGUSTIN, Katrin",GER,Women,K-2 500m (kayak double),W,Gold
Sydney,2000,Canoe / Kayak,Canoe / Kayak F,"KOVACS, Katalin",HUN,Women,K-2 500m (kayak double),W,Silver
Sydney,2000,Canoe / Kayak,Canoe / Kayak F,"SZABO, Szilvia",HUN,Women,K-2 500m (kayak double),W,Silver
Sydney,2000,Canoe / Kayak,Canoe / Kayak F,"BIALKOWSKI, Dariusz",POL,Men,K-4 1000m (kayak four),M,Bronze
Sydney,2000,Canoe / Kayak,Canoe / Kayak F,"KOTOWICZ, Grzegorz",POL,Men,K-4 1000m (kayak four),M,Bronze
Sydney,2000,Canoe / Kayak,Canoe / Kayak F,"SEROCZYNSKI, Adam",POL,Men,K-4 1000m (kayak four),M,Bronze
Sydney,2000,Canoe / Kayak,Canoe / Kayak F,"WITKOWSKI, Marek",POL,Men,K-4 1000m (kayak four),M,Bronze
Sydney,2000,Canoe / Kayak,Canoe / Kayak F,"HORVATH, Gabor",HUN,Men,K-4 1000m (kayak four),M,Gold
Sydney,2000,Canoe / Kayak,Canoe / Kayak F,"KAMMERER, Zoltan",HUN,Men,K-4 1000m (kayak four),M,Gold
Sydney,2000,Canoe / Kayak,Canoe / Kayak F,"STORCZ, Botond",HUN,Men,K-4 1000m (kayak four),M,Gold
Sydney,2000,Canoe / Kayak,Canoe / Kayak F,"VERECKEI, Akos",HUN,Men,K-4 1000m (kayak four),M,Gold
Sydney,2000,Canoe / Kayak,Canoe / Kayak F,"BACH, Bjoern",GER,Men,K-4 1000m (kayak four),M,Silver
Sydney,2000,Canoe / Kayak,Canoe / Kayak F,"SCHAEFER, Jan",GER,Men,K-4 1000m (kayak four),M,Silver
Sydney,2000,Canoe / Kayak,Canoe / Kayak F,"ULM, Stefan",GER,Men,K-4 1000m (kayak four),M,Silver
Sydney,2000,Canoe / Kayak,Canoe / Kayak F,"ZABEL, Mark",GER,Men,K-4 1000m (kayak four),M,Silver
Sydney,2000,Canoe / Kayak,Canoe / Kayak F,"IONITA, Raluca",ROU,Women,K-4 500m (kayak four),W,Bronze
Sydney,2000,Canoe / Kayak,Canoe / Kayak F,"LIMBAU, Mariana",ROU,Women,K-4 500m (kayak four),W,Bronze
Sydney,2000,Canoe / Kayak,Canoe / Kayak F,"RADU, Elena",ROU,Women,K-4 500m (kayak four),W,Bronze
Sydney,2000,Canoe / Kayak,Canoe / Kayak F,"TOMA, Sanda",ROU,Women,K-4 500m (kayak four),W,Bronze
Sydney,2000,Canoe / Kayak,Canoe / Kayak F,"FISCHER, Birgit",GER,Women,K-4 500m (kayak four),W,Gold
Sydney,2000,Canoe / Kayak,Canoe / Kayak F,"MUCKE, Manuela",GER,Women,K-4 500m (kayak four),W,Gold
Sydney,2000,Canoe / Kayak,Canoe / Kayak F,"SCHUCK, Anett",GER,Women,K-4 500m (kayak four),W,Gold
Sydney,2000,Canoe / Kayak,Canoe / Kayak F,"WAGNER-AUGUSTIN, Katrin",GER,Women,K-4 500m (kayak four),W,Gold
Sydney,2000,Canoe / Kayak,Canoe / Kayak F,"KOBAN, Rita",HUN,Women,K-4 500m (kayak four),W,Silver
Sydney,2000,Canoe / Kayak,Canoe / Kayak F,"KOVACS, Katalin",HUN,Women,K-4 500m (kayak four),W,Silver
Sydney,2000,Canoe / Kayak,Canoe / Kayak F,"SZABO, Szilvia",HUN,Women,K-4 500m (kayak four),W,Silver
Sydney,2000,Canoe / Kayak,Canoe / Kayak F,"VISKI, Erzsebet",HUN,Women,K-4 500m (kayak four),W,Silver
Sydney,2000,Canoe / Kayak,Canoe / Kayak S,"MINCIK, Juraj",SVK,Men,C-1 (canoe single),M,Bronze
Sydney,2000,Canoe / Kayak,Canoe / Kayak S,"ESTANGUET, Tony",FRA,Men,C-1 (canoe single),M,Gold
Sydney,2000,Canoe / Kayak,Canoe / Kayak S,"MARTIKAN, Michal",SVK,Men,C-1 (canoe single),M,Silver
Sydney,2000,Canoe / Kayak,Canoe / Kayak S,"JIRAS, Marek",CZE,Men,C-2 (canoe double),M,Bronze
Sydney,2000,Canoe / Kayak,Canoe / Kayak S,"MADER, Tomas",CZE,Men,C-2 (canoe double),M,Bronze
Sydney,2000,Canoe / Kayak,Canoe / Kayak S,"HOCHSCHORNER, Pavol",SVK,Men,C-2 (canoe double),M,Gold
Sydney,2000,Canoe / Kayak,Canoe / Kayak S,"HOCHSCHORNER, Peter",SVK,Men,C-2 (canoe double),M,Gold
Sydney,2000,Canoe / Kayak,Canoe / Kayak S,"KOLOMANSKI, Krzysztof",POL,Men,C-2 (canoe double),M,Silver
Sydney,2000,Canoe / Kayak,Canoe / Kayak S,"STANISZEWSKI, Michal",POL,Men,C-2 (canoe double),M,Silver
Sydney,2000,Canoe / Kayak,Canoe / Kayak S,"FERRAZZI, Pierpaolo",ITA,Men,K-1 (kayak single),M,Bronze
Sydney,2000,Canoe / Kayak,Canoe / Kayak S,"SCHMIDT, Thomas",GER,Men,K-1 (kayak single),M,Gold
Sydney,2000,Canoe / Kayak,Canoe / Kayak S,"RATCLIFFE, Paul",GBR,Men,K-1 (kayak single),M,Silver
Sydney,2000,Canoe / Kayak,Canoe / Kayak S,"BARDET, Anne-Lise",FRA,Women,K-1 (kayak single),W,Bronze
Sydney,2000,Canoe / Kayak,Canoe / Kayak S,"HILGERTOVA, Stepanka",CZE,Women,K-1 (kayak single),W,Gold
Sydney,2000,Canoe / Kayak,Canoe / Kayak S,"GUIBAL, Brigitte",FRA,Women,K-1 (kayak single),W,Silver
Sydney,2000,Cycling,Cycling Road,"KLODEN, Andreas",GER,Men,individual road race,M,Bronze
Sydney,2000,Cycling,Cycling Road,"ULLRICH, Jan",GER,Men,individual road race,M,Gold
