Amsterdam,1928,Hockey,Hockey,"HORN, Fritz",GER,Men,hockey,M,Bronze
Amsterdam,1928,Hockey,Hockey,"IRMER, Karl-Heinz",GER,Men,hockey,M,Bronze
Amsterdam,1928,Hockey,Hockey,"KEMMER, Herbert",GER,Men,hockey,M,Bronze
Amsterdam,1928,Hockey,Hockey,"LINCKE, F.",GER,Men,hockey,M,Bronze
Amsterdam,1928,Hockey,Hockey,"MÜLLER, Herbert",GER,Men,hockey,M,Bronze
Amsterdam,1928,Hockey,Hockey,"PROFT, Werner",GER,Men,hockey,M,Bronze
Amsterdam,1928,Hockey,Hockey,"SCHÄFER, H.",GER,Men,hockey,M,Bronze
Amsterdam,1928,Hockey,Hockey,"STRANTZEN, Gerd",GER,Men,hockey,M,Bronze
Amsterdam,1928,Hockey,Hockey,"WEISS, Kurt",GER,Men,hockey,M,Bronze
Amsterdam,1928,Hockey,Hockey,"WOLLNER, Rolf",GER,Men,hockey,M,Bronze
Amsterdam,1928,Hockey,Hockey,"WÖLTJE, Heinz",GER,Men,hockey,M,Bronze
Amsterdam,1928,Hockey,Hockey,"ZANDER, Erich",GER,Men,hockey,M,Bronze
Amsterdam,1928,Hockey,Hockey,"ALLEN, Richard James",IND,Men,hockey,M,Gold
Amsterdam,1928,Hockey,Hockey,"CHAND, Dyan",IND,Men,hockey,M,Gold
Amsterdam,1928,Hockey,Hockey,"GATELEY, Maurice A.",IND,Men,hockey,M,Gold
Amsterdam,1928,Hockey,Hockey,"GILL, K. S.",IND,Men,hockey,M,Gold
Amsterdam,1928,Hockey,Hockey,"GOODSIR-CULLEN, William John",IND,Men,hockey,M,Gold
Amsterdam,1928,Hockey,Hockey,"HAMMOND, Leslie Charles",IND,Men,hockey,M,Gold
Amsterdam,1928,Hockey,Hockey,"KHAN, Feroze Uddin",IND,Men,hockey,M,Gold
Amsterdam,1928,Hockey,Hockey,"MARTHINS, George E.",IND,Men,hockey,M,Gold
Amsterdam,1928,Hockey,Hockey,"NORRIS, Rex A.",IND,Men,hockey,M,Gold
Amsterdam,1928,Hockey,Hockey,"PINNIGER, Broome Eric",IND,Men,hockey,M,Gold
Amsterdam,1928,Hockey,Hockey,"ROCQUE, Michael E.",IND,Men,hockey,M,Gold
Amsterdam,1928,Hockey,Hockey,"SEAMAN, Frederic S.",IND,Men,hockey,M,Gold
Amsterdam,1928,Hockey,Hockey,"SHAUKAT, Ali",IND,Men,hockey,M,Gold
Amsterdam,1928,Hockey,Hockey,"SINGH, Jaipal",IND,Men,hockey,M,Gold
Amsterdam,1928,Hockey,Hockey,"YUSUF, Sayed Mohamed",IND,Men,hockey,M,Gold
Amsterdam,1928,Hockey,Hockey,"ANKERMAN, Jan Geert",NED,Men,hockey,M,Silver
Amsterdam,1928,Hockey,Hockey,"BRAND, Johannes Willem",NED,Men,hockey,M,Silver
Amsterdam,1928,Hockey,Hockey,"DE WAAL, Reindert Berend Jan",NED,Men,hockey,M,Silver
Amsterdam,1928,Hockey,Hockey,"DUSON, Emiel Paulus Josef",NED,Men,hockey,M,Silver
Amsterdam,1928,Hockey,Hockey,"HARDEBECK, C. J. J.",NED,Men,hockey,M,Silver
Amsterdam,1928,Hockey,Hockey,"HUBRECHT, T. F.",NED,Men,hockey,M,Silver
Amsterdam,1928,Hockey,Hockey,"JANNINK, Gerrit Jan Arnold",NED,Men,hockey,M,Silver
Amsterdam,1928,Hockey,Hockey,"KATTE, Adriaan Johan Louis",NED,Men,hockey,M,Silver
Amsterdam,1928,Hockey,Hockey,"KOP, August Johannes",NED,Men,hockey,M,Silver
Amsterdam,1928,Hockey,Hockey,"LEEMBRUGGEN, G.",NED,Men,hockey,M,Silver
Amsterdam,1928,Hockey,Hockey,"MANGELAAR MEERTENS, H. J. L.",NED,Men,hockey,M,Silver
Amsterdam,1928,Hockey,Hockey,"MULLER V. CZERNICKI, O. F.",NED,Men,hockey,M,Silver
Amsterdam,1928,Hockey,Hockey,"TRESLING, Albert Willem",NED,Men,hockey,M,Silver
Amsterdam,1928,Hockey,Hockey,"VAN CITTERS, W. J.",NED,Men,hockey,M,Silver
Amsterdam,1928,Hockey,Hockey,"VAN DE ROVAERT, Paulus",NED,Men,hockey,M,Silver
Amsterdam,1928,Hockey,Hockey,"VAN DER HAGEN, C. J.",NED,Men,hockey,M,Silver
Amsterdam,1928,Hockey,Hockey,"VAN DER VEEN, Robert",NED,Men,hockey,M,Silver
Amsterdam,1928,Hockey,Hockey,"VAN LIEROP, Antoine Robert",NED,Men,hockey,M,Silver
Amsterdam,1928,Hockey,Hockey,"VAN TIENHOVEN VAN DEN BOGAARD, J. J.",NED,Men,hockey,M,Silver
Amsterdam,1928,Hockey,Hockey,"VAN VOORST VAN BEEST, J. M.",NED,Men,hockey,M,Silver
Amsterdam,1928,Hockey,Hockey,"VISSER 'T HOOFT, Hendrik Philip",NED,Men,hockey,M,Silver
Amsterdam,1928,Hockey,Hockey,"WENTHOLT, N.",NED,Men,hockey,M,Silver
Amsterdam,1928,Modern Pentathlon,Modern Pentath.,"KAHL, Helmut",GER,Men,Individual competition,M,Bronze
Amsterdam,1928,Modern Pentathlon,Modern Pentath.,"THOFELT, Sven",SWE,Men,Individual competition,M,Gold
Amsterdam,1928,Modern Pentathlon,Modern Pentath.,"LINDMAN, Bo S. G.",SWE,Men,Individual competition,M,Silver
Amsterdam,1928,Rowing,Rowing,"MCDOWELL, Paul L.",USA,Men,coxless pair (2-),M,Bronze
Amsterdam,1928,Rowing,Rowing,"SCHMITT, John Victor",USA,Men,coxless pair (2-),M,Bronze
Amsterdam,1928,Rowing,Rowing,"MÖSCHTER, Kurt",GER,Men,coxless pair (2-),M,Gold
Amsterdam,1928,Rowing,Rowing,"MÜLLER, Bruno",GER,Men,coxless pair (2-),M,Gold
Amsterdam,1928,Rowing,Rowing,"NISBET, Robert Archibald",GBR,Men,coxless pair (2-),M,Silver
Amsterdam,1928,Rowing,Rowing,"O'BRIEN, Terence Noel",GBR,Men,coxless pair (2-),M,Silver
Amsterdam,1928,Rowing,Rowing,"FLESSL, Viktor",AUT,Men,double sculls (2x),M,Bronze
Amsterdam,1928,Rowing,Rowing,"LOSERT, Leo",AUT,Men,double sculls (2x),M,Bronze
Amsterdam,1928,Rowing,Rowing,"COSTELLO, Paul Vincent",USA,Men,double sculls (2x),M,Gold
Amsterdam,1928,Rowing,Rowing,"MCILVAINE, Charles Joseph",USA,Men,double sculls (2x),M,Gold
Amsterdam,1928,Rowing,Rowing,"GUEST, John Schofield",CAN,Men,double sculls (2x),M,Silver
Amsterdam,1928,Rowing,Rowing,"WRIGHT JR., Joseph William",CAN,Men,double sculls (2x),M,Silver
Amsterdam,1928,Rowing,Rowing,"DONNELLY, John Henry",CAN,Men,eight with coxswain (8+),M,Bronze
Amsterdam,1928,Rowing,Rowing,"FIDDES, Frank James",CAN,Men,eight with coxswain (8+),M,Bronze
Amsterdam,1928,Rowing,Rowing,"HAND, John L.",CAN,Men,eight with coxswain (8+),M,Bronze
Amsterdam,1928,Rowing,Rowing,"HEDGES, Frederick Charles",CAN,Men,eight with coxswain (8+),M,Bronze
Amsterdam,1928,Rowing,Rowing,"MEECH, Athol Charles",CAN,Men,eight with coxswain (8+),M,Bronze
Amsterdam,1928,Rowing,Rowing,"MURDOCH, Jack L.",CAN,Men,eight with coxswain (8+),M,Bronze
Amsterdam,1928,Rowing,Rowing,"NORRIS, Charles Edgar",CAN,Men,eight with coxswain (8+),M,Bronze
Amsterdam,1928,Rowing,Rowing,"RICHARDSON, Herbert Trenchard",CAN,Men,eight with coxswain (8+),M,Bronze
Amsterdam,1928,Rowing,Rowing,"ROSS, William M.",CAN,Men,eight with coxswain (8+),M,Bronze
Amsterdam,1928,Rowing,Rowing,"BLESSING, Donald F.",USA,Men,eight with coxswain (8+),M,Gold
Amsterdam,1928,Rowing,Rowing,"BRINCK, John Manning",USA,Men,eight with coxswain (8+),M,Gold
Amsterdam,1928,Rowing,Rowing,"CALDWELL, Hubert Aspinwall",USA,Men,eight with coxswain (8+),M,Gold
Amsterdam,1928,Rowing,Rowing,"DALLY, William Morris",USA,Men,eight with coxswain (8+),M,Gold
Amsterdam,1928,Rowing,Rowing,"DONLON, Peter Dwight",USA,Men,eight with coxswain (8+),M,Gold
Amsterdam,1928,Rowing,Rowing,"FREDERICK, Francis Harland",USA,Men,eight with coxswain (8+),M,Gold
Amsterdam,1928,Rowing,Rowing,"STALDER, Marvin Frederick",USA,Men,eight with coxswain (8+),M,Gold
Amsterdam,1928,Rowing,Rowing,"THOMPSON, William G.",USA,Men,eight with coxswain (8+),M,Gold
Amsterdam,1928,Rowing,Rowing,"WORKMAN, James Theodore",USA,Men,eight with coxswain (8+),M,Gold
Amsterdam,1928,Rowing,Rowing,"BADCOCK, John Charles",GBR,Men,eight with coxswain (8+),M,Silver
Amsterdam,1928,Rowing,Rowing,"BERESFORD, Jack",GBR,Men,eight with coxswain (8+),M,Silver
Amsterdam,1928,Rowing,Rowing,"GOLLAN, Donald Herbert Louis",GBR,Men,eight with coxswain (8+),M,Silver
Amsterdam,1928,Rowing,Rowing,"HAMILTON, James Hamish",GBR,Men,eight with coxswain (8+),M,Silver
Amsterdam,1928,Rowing,Rowing,"KILLICK, G. Cecil",GBR,Men,eight with coxswain (8+),M,Silver
Amsterdam,1928,Rowing,Rowing,"LANE, Harold Mansfield",GBR,Men,eight with coxswain (8+),M,Silver
Amsterdam,1928,Rowing,Rowing,"NICKALLS, Guy Oliver Jr.",GBR,Men,eight with coxswain (8+),M,Silver
Amsterdam,1928,Rowing,Rowing,"SULLEY, Arthur Lindsay",GBR,Men,eight with coxswain (8+),M,Silver
Amsterdam,1928,Rowing,Rowing,"WEST, Harold E.",GBR,Men,eight with coxswain (8+),M,Silver
Amsterdam,1928,Rowing,Rowing,"BONADE, Umberto",ITA,Men,four without coxswain (4-),M,Bronze
Amsterdam,1928,Rowing,Rowing,"FRESCHI, Pietro",ITA,Men,four without coxswain (4-),M,Bronze
Amsterdam,1928,Rowing,Rowing,"GENNARI, Paolo",ITA,Men,four without coxswain (4-),M,Bronze
Amsterdam,1928,Rowing,Rowing,"ROSSI, Cesare",ITA,Men,four without coxswain (4-),M,Bronze
Amsterdam,1928,Rowing,Rowing,"BEESLY, Richard",GBR,Men,four without coxswain (4-),M,Gold
Amsterdam,1928,Rowing,Rowing,"BEVAN, Edward Vaughan",GBR,Men,four without coxswain (4-),M,Gold
Amsterdam,1928,Rowing,Rowing,"LANDER, John Gerard Heath",GBR,Men,four without coxswain (4-),M,Gold
Amsterdam,1928,Rowing,Rowing,"WARRINER, Michael Henry",GBR,Men,four without coxswain (4-),M,Gold
Amsterdam,1928,Rowing,Rowing,"BAYER, Ernest Henry",USA,Men,four without coxswain (4-),M,Silver
Amsterdam,1928,Rowing,Rowing,"HEALIS, George",USA,Men,four without coxswain (4-),M,Silver
Amsterdam,1928,Rowing,Rowing,"KARLE, Charles G.",USA,Men,four without coxswain (4-),M,Silver
Amsterdam,1928,Rowing,Rowing,"MILLER, William G.",USA,Men,four without coxswain (4-),M,Silver
Amsterdam,1928,Rowing,Rowing,"BIRKHOLZ, Leszek Leon",POL,Men,four-oared shell with coxswain (4-),M,Bronze
Amsterdam,1928,Rowing,Rowing,"BRONIKOWSKI, Franciszek",POL,Men,four-oared shell with coxswain (4-),M,Bronze
Amsterdam,1928,Rowing,Rowing,"DREWEK, Boleslaw",POL,Men,four-oared shell with coxswain (4-),M,Bronze
Amsterdam,1928,Rowing,Rowing,"JANKOWSKI, Edmund",POL,Men,four-oared shell with coxswain (4-),M,Bronze
Amsterdam,1928,Rowing,Rowing,"ORMANOWSKI, Bernard",POL,Men,four-oared shell with coxswain (4-),M,Bronze
Amsterdam,1928,Rowing,Rowing,"D, Giliante",ITA,Men,four-oared shell with coxswain (4-),M,Gold
Amsterdam,1928,Rowing,Rowing,"DELISE, Giovanni",ITA,Men,four-oared shell with coxswain (4-),M,Gold
Amsterdam,1928,Rowing,Rowing,"PERENTIN, Valerio",ITA,Men,four-oared shell with coxswain (4-),M,Gold
Amsterdam,1928,Rowing,Rowing,"PETRONIO, Renato",ITA,Men,four-oared shell with coxswain (4-),M,Gold
Amsterdam,1928,Rowing,Rowing,"VITTORI, Nicolo",ITA,Men,four-oared shell with coxswain (4-),M,Gold
Amsterdam,1928,Rowing,Rowing,"BÖSCH, Fritz",SUI,Men,four-oared shell with coxswain (4-),M,Silver
Amsterdam,1928,Rowing,Rowing,"BUCHER, Otto",SUI,Men,four-oared shell with coxswain (4-),M,Silver
Amsterdam,1928,Rowing,Rowing,"HAAS, Ernst",SUI,Men,four-oared shell with coxswain (4-),M,Silver
Amsterdam,1928,Rowing,Rowing,"MEYER, Joseph",SUI,Men,four-oared shell with coxswain (4-),M,Silver
Amsterdam,1928,Rowing,Rowing,"SCHWEGLER, Karl",SUI,Men,four-oared shell with coxswain (4-),M,Silver
Amsterdam,1928,Rowing,Rowing,"ANTHONY, Georges",BEL,Men,pair-oared shell with coxswain (2+),M,Bronze
Amsterdam,1928,Rowing,Rowing,"DE CONINCK, François",BEL,Men,pair-oared shell with coxswain (2+),M,Bronze
Amsterdam,1928,Rowing,Rowing,"FLAMENT, Léon",BEL,Men,pair-oared shell with coxswain (2+),M,Bronze
Amsterdam,1928,Rowing,Rowing,"BOURQUIN, Hans",SUI,Men,pair-oared shell with coxswain (2+),M,Gold
Amsterdam,1928,Rowing,Rowing,"SCHÖCHLIN, Hans W.",SUI,Men,pair-oared shell with coxswain (2+),M,Gold
Amsterdam,1928,Rowing,Rowing,"SCHÖCHLIN, Karl F.",SUI,Men,pair-oared shell with coxswain (2+),M,Gold
Amsterdam,1928,Rowing,Rowing,"MARCELLE, Armand",FRA,Men,pair-oared shell with coxswain (2+),M,Silver
Amsterdam,1928,Rowing,Rowing,"MARCELLE, Edouard",FRA,Men,pair-oared shell with coxswain (2+),M,Silver
Amsterdam,1928,Rowing,Rowing,"PRÉAUX, Henri",FRA,Men,pair-oared shell with coxswain (2+),M,Silver
Amsterdam,1928,Rowing,Rowing,"COLLET, Theodore David Anthony",GBR,Men,single sculls (1x),M,Bronze
Amsterdam,1928,Rowing,Rowing,"PEARCE, Henry Robert",AUS,Men,single sculls (1x),M,Gold
Amsterdam,1928,Rowing,Rowing,"MYERS, Kenneth",USA,Men,single sculls (1x),M,Silver
Amsterdam,1928,Sailing,Sailing,"BROMAN, B.",FIN,Men,12 foot dinghy individual,X,Bronze
Amsterdam,1928,Sailing,Sailing,"THORELL, Sven",SWE,Men,12 foot dinghy individual,X,Gold
Amsterdam,1928,Sailing,Sailing,"ROBERT, Henrik",NOR,Men,12 foot dinghy individual,X,Silver
Amsterdam,1928,Sailing,Sailing,"FAEHLMANN, A.",EST,Men,6m,X,Bronze
Amsterdam,1928,Sailing,Sailing,"FAEHLMANN, G.",EST,Men,6m,X,Bronze
Amsterdam,1928,Sailing,Sailing,"VOGDT, E.",EST,Men,6m,X,Bronze
Amsterdam,1928,Sailing,Sailing,"VON WIREN, W.",EST,Men,6m,X,Bronze
Amsterdam,1928,Sailing,Sailing,"WEKSCHIN, N.",EST,Men,6m,X,Bronze
Amsterdam,1928,Sailing,Sailing,"ANKER, E.",NOR,Men,6m,X,Gold
Amsterdam,1928,Sailing,Sailing,"ANKER, Johan August",NOR,Men,6m,X,Gold
Amsterdam,1928,Sailing,Sailing,"BRYHN, H.P.",NOR,Men,6m,X,Gold
Amsterdam,1928,Sailing,Sailing,"CROWN PRINCE OLAV, H.R.H.",NOR,Men,6m,X,Gold
Amsterdam,1928,Sailing,Sailing,HOY-PETERSEN,DEN,Men,6m,X,Silver
Amsterdam,1928,Sailing,Sailing,"LINCK, S.",DEN,Men,6m,X,Silver
Amsterdam,1928,Sailing,Sailing,"MOELLER, Edmund Otto Jr.",DEN,Men,6m,X,Silver
Amsterdam,1928,Sailing,Sailing,"SCHLÜTTER, P.",DEN,Men,6m,X,Silver
Amsterdam,1928,Sailing,Sailing,"VETT, Vilhelm",DEN,Men,6m,X,Silver
Amsterdam,1928,Sailing,Sailing,"HAMMAR, Clarence",SWE,Men,8m,X,Bronze
Amsterdam,1928,Sailing,Sailing,"HOLM, Tore",SWE,Men,8m,X,Bronze
Amsterdam,1928,Sailing,Sailing,"SANDBLOM, C.G.",SWE,Men,8m,X,Bronze
Amsterdam,1928,Sailing,Sailing,"SANDBLOM, J.N.",SWE,Men,8m,X,Bronze
Amsterdam,1928,Sailing,Sailing,"SANDBLOM, J.P.",SWE,Men,8m,X,Bronze
Amsterdam,1928,Sailing,Sailing,"TOERSLEFF, O.W.F.",SWE,Men,8m,X,Bronze
Amsterdam,1928,Sailing,Sailing,"DE VRIES LENTSCH JR., Willem",NED,Men,8m,X,Silver
Amsterdam,1928,Sailing,Sailing,"DE WIT, M.",NED,Men,8m,X,Silver
Amsterdam,1928,Sailing,Sailing,"DOEDES, L.",NED,Men,8m,X,Silver
Amsterdam,1928,Sailing,Sailing,"KERSKEN, H.",NED,Men,8m,X,Silver
Amsterdam,1928,Sailing,Sailing,"VAN HOOLWERFF, J.C.",NED,Men,8m,X,Silver
Amsterdam,1928,Sailing,Sailing,"VAN STAVEREN, C.",NED,Men,8m,X,Silver
Amsterdam,1928,Sailing,Sailing,"HERIOT, Virginie",FRA,Women,8m,X,Gold
Amsterdam,1928,Weightlifting,Weightlifting,"WÖLPERT, Hans",GER,Men,"- 60kg, total (featherweight)",M,Bronze
Amsterdam,1928,Weightlifting,Weightlifting,"ANDRYSEK, Franz Joseph",AUT,Men,"- 60kg, total (featherweight)",M,Gold
Amsterdam,1928,Weightlifting,Weightlifting,"GABETTI, Pierino",ITA,Men,"- 60kg, total (featherweight)",M,Silver
Amsterdam,1928,Weightlifting,Weightlifting,"SKOBLA, Jaroslav",TCH,Men,"+ 82.5kg, total (heavyweight)",M,Bronze
Amsterdam,1928,Weightlifting,Weightlifting,"STRASSBERGER, Josef",GER,Men,"+ 82.5kg, total (heavyweight)",M,Gold
Amsterdam,1928,Weightlifting,Weightlifting,"LUHAÄÄR, Arnold",EST,Men,"+ 82.5kg, total (heavyweight)",M,Silver
Amsterdam,1928,Weightlifting,Weightlifting,"ARNOUT, Fernand",FRA,Men,"60 - 67.5kg, total (lightweight)",M,Bronze
Amsterdam,1928,Weightlifting,Weightlifting,"HAAS, Hans",AUT,Men,"60 - 67.5kg, total (lightweight)",M,Gold
Amsterdam,1928,Weightlifting,Weightlifting,"HELBIG, Kurt",GER,Men,"60 - 67.5kg, total (lightweight)",M,Gold
Amsterdam,1928,Weightlifting,Weightlifting,"SCHEFFER, August",NED,Men,"67.5 - 75kg, total (middleweight)",M,Bronze
Amsterdam,1928,Weightlifting,Weightlifting,"FRANÇOIS, Roger",FRA,Men,"67.5 - 75kg, total (middleweight)",M,Gold
Amsterdam,1928,Weightlifting,Weightlifting,"GALIMBERTI, Carlo",ITA,Men,"67.5 - 75kg, total (middleweight)",M,Silver
Amsterdam,1928,Weightlifting,Weightlifting,"VERHEYEN, Johannes",NED,Men,"75 - 82.5kg, total (light-heavyweight)",M,Bronze
Amsterdam,1928,Weightlifting,Weightlifting,"NOSSEIR, El Sayed Mohamed",EGY,Men,"75 - 82.5kg, total (light-heavyweight)",M,Gold
Amsterdam,1928,Weightlifting,Weightlifting,"HOSTIN, Louis",FRA,Men,"75 - 82.5kg, total (light-heavyweight)",M,Silver
Amsterdam,1928,Wrestling,Wrestling Free.,"TRIFUNOV, James",CAN,Men,- 56kg (bantamweight),M,Bronze
Amsterdam,1928,Wrestling,Wrestling Free.,"MÄKINEN, Kaarlo E.",FIN,Men,- 56kg (bantamweight),M,Gold
Amsterdam,1928,Wrestling,Wrestling Free.,"SPAPEN, Edmond",BEL,Men,- 56kg (bantamweight),M,Silver
Amsterdam,1928,Wrestling,Wrestling Free.,"DAME, Edmond",FRA,Men,+ 87kg (heavyweight),M,Bronze
Amsterdam,1928,Wrestling,Wrestling Free.,"RICKTTOFF, Johan",SWE,Men,+ 87kg (heavyweight),M,Gold
Amsterdam,1928,Wrestling,Wrestling Free.,"SIHVOLA, A.",FIN,Men,+ 87kg (heavyweight),M,Silver
Amsterdam,1928,Wrestling,Wrestling Free.,"MINDER, Hans",SUI,Men,56 - 61kg (featherweight),M,Bronze
Amsterdam,1928,Wrestling,Wrestling Free.,"MORRISON, Allie Roy",USA,Men,56 - 61kg (featherweight),M,Gold
Amsterdam,1928,Wrestling,Wrestling Free.,"PIHLAJAMÄKI, Kustaa",FIN,Men,56 - 61kg (featherweight),M,Silver
Amsterdam,1928,Wrestling,Wrestling Free.,"LEINO, Eino Aukusti",FIN,Men,61 - 66kg (lightweight),M,Bronze
Amsterdam,1928,Wrestling,Wrestling Free.,"KAPP, Osvald",EST,Men,61 - 66kg (lightweight),M,Gold
Amsterdam,1928,Wrestling,Wrestling Free.,"PACÔME, Charles",FRA,Men,61 - 66kg (lightweight),M,Silver
Amsterdam,1928,Wrestling,Wrestling Free.,"LETCHFORD, Maurice E.",CAN,Men,66 - 72kg (welterweight),M,Bronze
Amsterdam,1928,Wrestling,Wrestling Free.,"HAAVISTO, Arvo",FIN,Men,66 - 72kg (welterweight),M,Gold
Amsterdam,1928,Wrestling,Wrestling Free.,"APPLETON, Lloyd Otto",USA,Men,66 - 72kg (welterweight),M,Silver
Amsterdam,1928,Wrestling,Wrestling Free.,"RABIN, S.",GBR,Men,72 - 79kg (middleweight),M,Bronze
Amsterdam,1928,Wrestling,Wrestling Free.,"KYBURZ, E.",SUI,Men,72 - 79kg (middleweight),M,Gold
Amsterdam,1928,Wrestling,Wrestling Free.,"STOCKTON, Donald Parker",CAN,Men,72 - 79kg (middleweight),M,Silver
Amsterdam,1928,Wrestling,Wrestling Free.,"LEFEBVRE, H.",FRA,Men,79 - 87kg (light-heavyweight),M,Bronze
Amsterdam,1928,Wrestling,Wrestling Free.,"SJÖSTEDT, Thure",SWE,Men,79 - 87kg (light-heavyweight),M,Gold
Amsterdam,1928,Wrestling,Wrestling Free.,"BÖGLI, A.",SUI,Men,79 - 87kg (light-heavyweight),M,Silver
Amsterdam,1928,Wrestling,Wrestling Gre-R,"GOZZI, Giovanni",ITA,Men,- 58kg (bantamweight),M,Bronze
Amsterdam,1928,Wrestling,Wrestling Gre-R,"LEUCHT, K.",GER,Men,- 58kg (bantamweight),M,Gold
Amsterdam,1928,Wrestling,Wrestling Gre-R,"MAUDR, Jindrich",TCH,Men,- 58kg (bantamweight),M,Silver
Amsterdam,1928,Wrestling,Wrestling Gre-R,"GEHRING, Georg",GER,Men,+ 82.5kg (super heavyweight),M,Bronze
Amsterdam,1928,Wrestling,Wrestling Gre-R,"SVENSSON, Rudolf",SWE,Men,+ 82.5kg (super heavyweight),M,Gold
Amsterdam,1928,Wrestling,Wrestling Gre-R,"NYSTRÖM, Hjalmar Eemil",FIN,Men,+ 82.5kg (super heavyweight),M,Silver
Amsterdam,1928,Wrestling,Wrestling Gre-R,"QUAGLIA, Gerolamo",ITA,Men,58 - 60kg (featherweight),M,Bronze
Amsterdam,1928,Wrestling,Wrestling Gre-R,"WALI, W.",EST,Men,58 - 60kg (featherweight),M,Gold
Amsterdam,1928,Wrestling,Wrestling Gre-R,"MALMBERG, Eric",SWE,Men,58 - 60kg (featherweight),M,Silver
Amsterdam,1928,Wrestling,Wrestling Gre-R,"VESTERLUND, E.V.",FIN,Men,60 - 67.5kg (lightweight),M,Bronze
Amsterdam,1928,Wrestling,Wrestling Gre-R,"KERESZTES, Lajos",HUN,Men,60 - 67.5kg (lightweight),M,Gold
Amsterdam,1928,Wrestling,Wrestling Gre-R,"SPERLING, Eduard",GER,Men,60 - 67.5kg (lightweight),M,Silver
Amsterdam,1928,Wrestling,Wrestling Gre-R,"KUSNETS, Albert",EST,Men,67.5 - 75kg (middleweight),M,Bronze
Amsterdam,1928,Wrestling,Wrestling Gre-R,"KOKKINEN, Väinö Anselmi",FIN,Men,67.5 - 75kg (middleweight),M,Gold
Amsterdam,1928,Wrestling,Wrestling Gre-R,"PAPP, L.",HUN,Men,67.5 - 75kg (middleweight),M,Silver
Amsterdam,1928,Wrestling,Wrestling Gre-R,"PELLINEN, Onni",FIN,Men,75 - 82.5kg (light-heavyweight),M,Bronze
Amsterdam,1928,Wrestling,Wrestling Gre-R,"MOUSTAPHA, Ibrahim",EGY,Men,75 - 82.5kg (light-heavyweight),M,Gold
Amsterdam,1928,Wrestling,Wrestling Gre-R,"RIEGER, A.",GER,Men,75 - 82.5kg (light-heavyweight),M,Silver
Los Angeles,1932,Aquatics,Diving,"KURTZ, Frank Allen",USA,Men,10m platform,M,Bronze
Los Angeles,1932,Aquatics,Diving,"SMITH, Harold Edwin",USA,Men,10m platform,M,Gold
Los Angeles,1932,Aquatics,Diving,"GALITZEN, Michael Riley",USA,Men,10m platform,M,Silver
Los Angeles,1932,Aquatics,Diving,"ROPER, Marion Dale",USA,Women,10m platform,W,Bronze
Los Angeles,1932,Aquatics,Diving,"POYNTON-HILL, Dorothy",USA,Women,10m platform,W,Gold
Los Angeles,1932,Aquatics,Diving,"COLEMAN, Georgia V.",USA,Women,10m platform,W,Silver
Los Angeles,1932,Aquatics,Diving,"DEGENER, Richard Kempster",USA,Men,3m springboard,M,Bronze
Los Angeles,1932,Aquatics,Diving,"GALITZEN, Michael Riley",USA,Men,3m springboard,M,Gold
Los Angeles,1932,Aquatics,Diving,"SMITH, Harold Edwin",USA,Men,3m springboard,M,Silver
Los Angeles,1932,Aquatics,Diving,"FAUNTZ, Jane",USA,Women,3m springboard,W,Bronze
Los Angeles,1932,Aquatics,Diving,"COLEMAN, Georgia V.",USA,Women,3m springboard,W,Gold
Los Angeles,1932,Aquatics,Diving,"RAWLS, Katherine Louise",USA,Women,3m springboard,W,Silver
Los Angeles,1932,Aquatics,Swimming,"KAWATSU, Kentaro",JPN,Men,100m backstroke,M,Bronze
Los Angeles,1932,Aquatics,Swimming,"KIYOKAWA, Masaji",JPN,Men,100m backstroke,M,Gold
Los Angeles,1932,Aquatics,Swimming,"IRIYE, Toshio",JPN,Men,100m backstroke,M,Silver
Los Angeles,1932,Aquatics,Swimming,"DAVIES, Elizabeth Valerie",GBR,Women,100m backstroke,W,Bronze
Los Angeles,1932,Aquatics,Swimming,"HOLM, Eleanor",USA,Women,100m backstroke,W,Gold
Los Angeles,1932,Aquatics,Swimming,"MEALING, Philomenia Alecia",AUS,Women,100m backstroke,W,Silver
Los Angeles,1932,Aquatics,Swimming,"SCHWARTZ, Albert",USA,Men,100m freestyle,M,Bronze
Los Angeles,1932,Aquatics,Swimming,"MIOYAZAKI, Yasuji",JPN,Men,100m freestyle,M,Gold
Los Angeles,1932,Aquatics,Swimming,"KAWAISHI, Tatsugo",JPN,Men,100m freestyle,M,Silver
Los Angeles,1932,Aquatics,Swimming,"SAVILLE, Eleanor",USA,Women,100m freestyle,W,Bronze
Los Angeles,1932,Aquatics,Swimming,"MADISON, Helene",USA,Women,100m freestyle,W,Gold
Los Angeles,1932,Aquatics,Swimming,"DEN OUDEN, Willemyntje (Willy)",NED,Women,100m freestyle,W,Silver
Los Angeles,1932,Aquatics,Swimming,"CRISTY, James Crapo Jr.",USA,Men,1500m freestyle,M,Bronze
Los Angeles,1932,Aquatics,Swimming,"KITAMURA, Kusuo",JPN,Men,1500m freestyle,M,Gold
Los Angeles,1932,Aquatics,Swimming,"MAKINO, Shozo",JPN,Men,1500m freestyle,M,Silver
Los Angeles,1932,Aquatics,Swimming,"YLDEFONSO, Teofilo",PHI,Men,200m breaststroke,M,Bronze
Los Angeles,1932,Aquatics,Swimming,"TSURUTA, Yoshiyuki",JPN,Men,200m breaststroke,M,Gold
Los Angeles,1932,Aquatics,Swimming,"KOIKE, Reizo",JPN,Men,200m breaststroke,M,Silver
Los Angeles,1932,Aquatics,Swimming,"JACOBSEN, Else Agnes Ella",DEN,Women,200m breaststroke,W,Bronze
Los Angeles,1932,Aquatics,Swimming,"DENNIS, Clare",AUS,Women,200m breaststroke,W,Gold
Los Angeles,1932,Aquatics,Swimming,"MAEHATA, Hideko",JPN,Women,200m breaststroke,W,Silver
Los Angeles,1932,Aquatics,Swimming,"OYOKOTA, Tsutomu",JPN,Men,400m freestyle,M,Bronze
Los Angeles,1932,Aquatics,Swimming,"CRABBE, Clarence",USA,Men,400m freestyle,M,Gold
Los Angeles,1932,Aquatics,Swimming,"TARIS, Jean",FRA,Men,400m freestyle,M,Silver
Los Angeles,1932,Aquatics,Swimming,"MAAKAL, Jenny",RSA,Women,400m freestyle,W,Bronze
Los Angeles,1932,Aquatics,Swimming,"MADISON, Helene",USA,Women,400m freestyle,W,Gold
Los Angeles,1932,Aquatics,Swimming,"KIGHT-WINGARD, Lenore",USA,Women,400m freestyle,W,Silver
Los Angeles,1932,Aquatics,Swimming,"COOPER, Margaret Joyce",GBR,Women,4x100m freestyle relay,W,Bronze
Los Angeles,1932,Aquatics,Swimming,"DAVIES, Elizabeth Valerie",GBR,Women,4x100m freestyle relay,W,Bronze
Los Angeles,1932,Aquatics,Swimming,"HUGHES, Edna Tildesley",GBR,Women,4x100m freestyle relay,W,Bronze
Los Angeles,1932,Aquatics,Swimming,"VARCOE, Helen Gradwell",GBR,Women,4x100m freestyle relay,W,Bronze
Los Angeles,1932,Aquatics,Swimming,"JOHNS, Helen Eileen",USA,Women,4x100m freestyle relay,W,Gold
Los Angeles,1932,Aquatics,Swimming,"MADISON, Helene",USA,Women,4x100m freestyle relay,W,Gold
Los Angeles,1932,Aquatics,Swimming,"MCKIM, Josephine E.",USA,Women,4x100m freestyle relay,W,Gold
Los Angeles,1932,Aquatics,Swimming,"SAVILLE, Eleanor",USA,Women,4x100m freestyle relay,W,Gold
Los Angeles,1932,Aquatics,Swimming,"DEN OUDEN, Willemyntje (Willy)",NED,Women,4x100m freestyle relay,W,Silver
Los Angeles,1932,Aquatics,Swimming,"LADDE, Cornelia",NED,Women,4x100m freestyle relay,W,Silver
Los Angeles,1932,Aquatics,Swimming,"OVERSLOOT, Maria Petronella",NED,Women,4x100m freestyle relay,W,Silver
Los Angeles,1932,Aquatics,Swimming,"VIERDAG, Maria",NED,Women,4x100m freestyle relay,W,Silver
Los Angeles,1932,Aquatics,Swimming,"BARANY, Istvan",HUN,Men,4x200m freestyle relay,M,Bronze
Los Angeles,1932,Aquatics,Swimming,"SZABADOS, László",HUN,Men,4x200m freestyle relay,M,Bronze
Los Angeles,1932,Aquatics,Swimming,"SZEKELY, Andras",HUN,Men,4x200m freestyle relay,M,Bronze
Los Angeles,1932,Aquatics,Swimming,"WANIE, Andras",HUN,Men,4x200m freestyle relay,M,Bronze
Los Angeles,1932,Aquatics,Swimming,"MIOYAZAKI, Yasuji",JPN,Men,4x200m freestyle relay,M,Gold
Los Angeles,1932,Aquatics,Swimming,"TOYODA, Hisakichi",JPN,Men,4x200m freestyle relay,M,Gold
Los Angeles,1932,Aquatics,Swimming,"YOKOYAMA, Takashi",JPN,Men,4x200m freestyle relay,M,Gold
Los Angeles,1932,Aquatics,Swimming,"YUSA, Masanori",JPN,Men,4x200m freestyle relay,M,Gold
Los Angeles,1932,Aquatics,Swimming,"BOOTH, Francis Ewen",USA,Men,4x200m freestyle relay,M,Silver
Los Angeles,1932,Aquatics,Swimming,"FISSLER, George",USA,Men,4x200m freestyle relay,M,Silver
Los Angeles,1932,Aquatics,Swimming,"KALILI, Maiola",USA,Men,4x200m freestyle relay,M,Silver
Los Angeles,1932,Aquatics,Swimming,"KALILI, Manuella",USA,Men,4x200m freestyle relay,M,Silver
Los Angeles,1932,Aquatics,Water polo,"CLAPP, Austin Rhone",USA,Men,water polo,M,Bronze
Los Angeles,1932,Aquatics,Water polo,"DAUBENSPECK, Philip Burton",USA,Men,water polo,M,Bronze
Los Angeles,1932,Aquatics,Water polo,"FINN, Charles Thornton",USA,Men,water polo,M,Bronze
Los Angeles,1932,Aquatics,Water polo,"MCCALLISTER, Charles Harold",USA,Men,water polo,M,Bronze
Los Angeles,1932,Aquatics,Water polo,"O'CONNOR, James Wallace",USA,Men,water polo,M,Bronze
Los Angeles,1932,Aquatics,Water polo,"STRONG, F.Calvert",USA,Men,water polo,M,Bronze
Los Angeles,1932,Aquatics,Water polo,"WILDMAN, Herbert Henry",USA,Men,water polo,M,Bronze
Los Angeles,1932,Aquatics,Water polo,"BARTA, István",HUN,Men,water polo,M,Gold
Los Angeles,1932,Aquatics,Water polo,"BRODY, György",HUN,Men,water polo,M,Gold
Los Angeles,1932,Aquatics,Water polo,"HALASSY, Oliver",HUN,Men,water polo,M,Gold
Los Angeles,1932,Aquatics,Water polo,"HOMONNAI, Lajos",HUN,Men,water polo,M,Gold
Los Angeles,1932,Aquatics,Water polo,"IVÁDY, Sándor",HUN,Men,water polo,M,Gold
Los Angeles,1932,Aquatics,Water polo,"KESERU, Alajos",HUN,Men,water polo,M,Gold
Los Angeles,1932,Aquatics,Water polo,"KESERU, Ferenc",HUN,Men,water polo,M,Gold
Los Angeles,1932,Aquatics,Water polo,"NEMETH, János",HUN,Men,water polo,M,Gold
Los Angeles,1932,Aquatics,Water polo,"SÁRKÁNY, Miklós",HUN,Men,water polo,M,Gold
Los Angeles,1932,Aquatics,Water polo,"VÉRTESI (VRABELY), József",HUN,Men,water polo,M,Gold
Los Angeles,1932,Aquatics,Water polo,"BENECKE, Emil",GER,Men,water polo,M,Silver
Los Angeles,1932,Aquatics,Water polo,"CORDES, Otto",GER,Men,water polo,M,Silver
Los Angeles,1932,Aquatics,Water polo,"ECKSTEIN, Hans",GER,Men,water polo,M,Silver
Los Angeles,1932,Aquatics,Water polo,"GUNST, Fritz",GER,Men,water polo,M,Silver
Los Angeles,1932,Aquatics,Water polo,"RADEMACHER, Erich",GER,Men,water polo,M,Silver
Los Angeles,1932,Aquatics,Water polo,"RADEMACHER, Joachim",GER,Men,water polo,M,Silver
Los Angeles,1932,Aquatics,Water polo,"SCHULZE, Hans",GER,Men,water polo,M,Silver
Los Angeles,1932,Aquatics,Water polo,"SCHWARTZ, Heiko",GER,Men,water polo,M,Silver
Los Angeles,1932,Athletics,Athletics,"VIRTANEN, Lauri",FIN,Men,10000m,M,Bronze
Los Angeles,1932,Athletics,Athletics,"KUSOCINSKI, Janusz",POL,Men,10000m,M,Gold
Los Angeles,1932,Athletics,Athletics,"ISO-HOLLO, Volmari",FIN,Men,10000m,M,Silver
Los Angeles,1932,Athletics,Athletics,"JONATH, Arthur",GER,Men,100m,M,Bronze
Los Angeles,1932,Athletics,Athletics,"TOLAN, Eddie",USA,Men,100m,M,Gold
Los Angeles,1932,Athletics,Athletics,"METCALFE, Ralph",USA,Men,100m,M,Silver
Los Angeles,1932,Athletics,Athletics,"VON BREMEN, Wilhelmina",USA,Women,100m,W,Bronze
Los Angeles,1932,Athletics,Athletics,"WALASIEWICZ, Stanislawa",POL,Women,100m,W,Gold
Los Angeles,1932,Athletics,Athletics,"STRIKE-SISSON, Hilda",CAN,Women,100m,W,Silver
Los Angeles,1932,Athletics,Athletics,"FINLAY, Donald",GBR,Men,110m hurdles,M,Bronze
Los Angeles,1932,Athletics,Athletics,"SALING, George J. Jr.",USA,Men,110m hurdles,M,Gold
Los Angeles,1932,Athletics,Athletics,"BEARD, Percy",USA,Men,110m hurdles,M,Silver
Los Angeles,1932,Athletics,Athletics,"EDWARDS, Philip",CAN,Men,1500m,M,Bronze
Los Angeles,1932,Athletics,Athletics,"BECCALI, Luigi",ITA,Men,1500m,M,Gold
Los Angeles,1932,Athletics,Athletics,"CORNES, John",GBR,Men,1500m,M,Silver
Los Angeles,1932,Athletics,Athletics,"METCALFE, Ralph",USA,Men,200m,M,Bronze
Los Angeles,1932,Athletics,Athletics,"TOLAN, Eddie",USA,Men,200m,M,Gold
Los Angeles,1932,Athletics,Athletics,"SIMPSON, George Sidney",USA,Men,200m,M,Silver
Los Angeles,1932,Athletics,Athletics,"MCCLUSKEY, Joseph Paul",USA,Men,3000m steeplechase,M,Bronze
Los Angeles,1932,Athletics,Athletics,"ISO-HOLLO, Volmari",FIN,Men,3000m steeplechase,M,Gold
Los Angeles,1932,Athletics,Athletics,"EVENSON, Thomas",GBR,Men,3000m steeplechase,M,Silver
Los Angeles,1932,Athletics,Athletics,"WILSON, Alexander S.",CAN,Men,400m,M,Bronze
Los Angeles,1932,Athletics,Athletics,"CARR, William Arthur",USA,Men,400m,M,Gold
Los Angeles,1932,Athletics,Athletics,"EASTMAN, Benjamin Bangs",USA,Men,400m,M,Silver
Los Angeles,1932,Athletics,Athletics,"TAYLOR, Frederick Morgan",USA,Men,400m hurdles,M,Bronze
Los Angeles,1932,Athletics,Athletics,"TISDALL, Robert Morton Newburgh",IRL,Men,400m hurdles,M,Gold
Los Angeles,1932,Athletics,Athletics,"HARDIN, Glenn Foster",USA,Men,400m hurdles,M,Silver
Los Angeles,1932,Athletics,Athletics,"CASTELLI, Giuseppe",ITA,Men,4x100m relay,M,Bronze
Los Angeles,1932,Athletics,Athletics,"FACELLI, Luigi",ITA,Men,4x100m relay,M,Bronze
Los Angeles,1932,Athletics,Athletics,"MAREGATTI, Ruggero",ITA,Men,4x100m relay,M,Bronze
Los Angeles,1932,Athletics,Athletics,"TOETTI, Edgardo",ITA,Men,4x100m relay,M,Bronze
Los Angeles,1932,Athletics,Athletics,"DYER, Hector Monroe",USA,Men,4x100m relay,M,Gold
Los Angeles,1932,Athletics,Athletics,"KIESEL, Robert Allan",USA,Men,4x100m relay,M,Gold
Los Angeles,1932,Athletics,Athletics,"TOPPINO, Martin Emmett",USA,Men,4x100m relay,M,Gold
Los Angeles,1932,Athletics,Athletics,"WYKOFF, Frank Clifford",USA,Men,4x100m relay,M,Gold
Los Angeles,1932,Athletics,Athletics,"BORCHMEYER, Erich",GER,Men,4x100m relay,M,Silver
Los Angeles,1932,Athletics,Athletics,"HENDRIX, Fritz",GER,Men,4x100m relay,M,Silver
Los Angeles,1932,Athletics,Athletics,"JONATH, Arthur",GER,Men,4x100m relay,M,Silver
Los Angeles,1932,Athletics,Athletics,"KÖRNIG, Helmuth",GER,Men,4x100m relay,M,Silver
Los Angeles,1932,Athletics,Athletics,"HALSTEAD, Nellie",GBR,Women,4x100m relay,W,Bronze
Los Angeles,1932,Athletics,Athletics,"HISCOCK, Eileen May",GBR,Women,4x100m relay,W,Bronze
Los Angeles,1932,Athletics,Athletics,"PORTER, Gwendoline Alice",GBR,Women,4x100m relay,W,Bronze
Los Angeles,1932,Athletics,Athletics,"WEBB, Violet B.",GBR,Women,4x100m relay,W,Bronze
Los Angeles,1932,Athletics,Athletics,"CAREW, Mary Louise",USA,Women,4x100m relay,W,Gold
Los Angeles,1932,Athletics,Athletics,"FURTSCH, Evelyn",USA,Women,4x100m relay,W,Gold
Los Angeles,1932,Athletics,Athletics,"ROGERS, Annette Joan",USA,Women,4x100m relay,W,Gold
Los Angeles,1932,Athletics,Athletics,"VON BREMEN, Wilhelmina",USA,Women,4x100m relay,W,Gold
Los Angeles,1932,Athletics,Athletics,"FRIZZELL, Mary",CAN,Women,4x100m relay,W,Silver
Los Angeles,1932,Athletics,Athletics,"FRIZZELL, Mildred",CAN,Women,4x100m relay,W,Silver
Los Angeles,1932,Athletics,Athletics,"PALMER-ALDERSON, Lillian",CAN,Women,4x100m relay,W,Silver
Los Angeles,1932,Athletics,Athletics,"STRIKE-SISSON, Hilda",CAN,Women,4x100m relay,W,Silver
Los Angeles,1932,Athletics,Athletics,"BALL, James A.",CAN,Men,4x400m relay,M,Bronze
Los Angeles,1932,Athletics,Athletics,"EDWARDS, Philip",CAN,Men,4x400m relay,M,Bronze
Los Angeles,1932,Athletics,Athletics,"LEWIS, Raymond Gray",CAN,Men,4x400m relay,M,Bronze
Los Angeles,1932,Athletics,Athletics,"WILSON, Alexander S.",CAN,Men,4x400m relay,M,Bronze
Los Angeles,1932,Athletics,Athletics,"ABLOWICH, Edgar Allen",USA,Men,4x400m relay,M,Gold
Los Angeles,1932,Athletics,Athletics,"CARR, William Arthur",USA,Men,4x400m relay,M,Gold
Los Angeles,1932,Athletics,Athletics,"FUQUA, Ivan William",USA,Men,4x400m relay,M,Gold
Los Angeles,1932,Athletics,Athletics,"WARNER, Karl De Witt",USA,Men,4x400m relay,M,Gold
Los Angeles,1932,Athletics,Athletics,"BURGHLEY, David George",GBR,Men,4x400m relay,M,Silver
Los Angeles,1932,Athletics,Athletics,"HAMPSON, Thomas",GBR,Men,4x400m relay,M,Silver
Los Angeles,1932,Athletics,Athletics,"RAMPLING, Godfrey Lionel",GBR,Men,4x400m relay,M,Silver
Los Angeles,1932,Athletics,Athletics,"STONELEY, Crew Hallett",GBR,Men,4x400m relay,M,Silver
Los Angeles,1932,Athletics,Athletics,"VIRTANEN, Lauri",FIN,Men,5000m,M,Bronze
Los Angeles,1932,Athletics,Athletics,"LEHTINEN, Lauri Aleksanteri",FIN,Men,5000m,M,Gold
Los Angeles,1932,Athletics,Athletics,"HILL, Ralph Anthony",USA,Men,5000m,M,Silver
Los Angeles,1932,Athletics,Athletics,"FRIGERIO, Ugo",ITA,Men,50km walk,M,Bronze
Los Angeles,1932,Athletics,Athletics,"GREEN, Thomas William",GBR,Men,50km walk,M,Gold
Los Angeles,1932,Athletics,Athletics,"DALINS, Janis",LAT,Men,50km walk,M,Silver
Los Angeles,1932,Athletics,Athletics,"EDWARDS, Philip",CAN,Men,800m,M,Bronze
Los Angeles,1932,Athletics,Athletics,"HAMPSON, Thomas",GBR,Men,800m,M,Gold
Los Angeles,1932,Athletics,Athletics,"WILSON, Alexander S.",CAN,Men,800m,M,Silver
Los Angeles,1932,Athletics,Athletics,"CLARK, Marjorie R.",RSA,Women,80m hurdles,W,Bronze
Los Angeles,1932,Athletics,Athletics,"DIDRIKSON, Mildred",USA,Women,80m hurdles,W,Gold
Los Angeles,1932,Athletics,Athletics,"HALL, Evelyne Ruth",USA,Women,80m hurdles,W,Silver
Los Angeles,1932,Athletics,Athletics,"EBERLE, Wolrad",GER,Men,decathlon,M,Bronze
Los Angeles,1932,Athletics,Athletics,"BAUSCH, James Aloysius Bernard",USA,Men,decathlon,M,Gold
Los Angeles,1932,Athletics,Athletics,"JÄRVINEN, Akiles Eero Johannes",FIN,Men,decathlon,M,Silver
Los Angeles,1932,Athletics,Athletics,"WINTER, Paul",FRA,Men,discus throw,M,Bronze
Los Angeles,1932,Athletics,Athletics,"ANDERSON, John Franklin",USA,Men,discus throw,M,Gold
Los Angeles,1932,Athletics,Athletics,"LABORDE, Henri Jean",USA,Men,discus throw,M,Silver
Los Angeles,1932,Athletics,Athletics,"WAJSOURNA, Jadwiga",POL,Women,discus throw,W,Bronze
Los Angeles,1932,Athletics,Athletics,"COPELAND, Lillian",USA,Women,discus throw,W,Gold
Los Angeles,1932,Athletics,Athletics,"OSBURN, Ruth",USA,Women,discus throw,W,Silver
Los Angeles,1932,Athletics,Athletics,"ZAREMBA, Peter Timothy",USA,Men,hammer throw,M,Bronze
Los Angeles,1932,Athletics,Athletics,"O'CALLAGHAN, Patrick",IRL,Men,hammer throw,M,Gold
Los Angeles,1932,Athletics,Athletics,"PÖRHÖLÄ, Frans Wilhelmi",FIN,Men,hammer throw,M,Silver
Los Angeles,1932,Athletics,Athletics,"TORIBIO, Simeon Galvez",PHI,Men,high jump,M,Bronze
Los Angeles,1932,Athletics,Athletics,"MCNAUGHTON, Duncan",CAN,Men,high jump,M,Gold
Los Angeles,1932,Athletics,Athletics,"VAN OSDEL, Robert",USA,Men,high jump,M,Silver
Los Angeles,1932,Athletics,Athletics,"DAWES-SPINKS, Eva",CAN,Women,high jump,W,Bronze
Los Angeles,1932,Athletics,Athletics,"SHILEY, Jean",USA,Women,high jump,W,Gold
Los Angeles,1932,Athletics,Athletics,"DIDRIKSON, Mildred",USA,Women,high jump,W,Silver
Los Angeles,1932,Athletics,Athletics,"PENTTILA, Eino",FIN,Men,javelin throw,M,Bronze
Los Angeles,1932,Athletics,Athletics,"JARVINEN, Matti Henrik",FIN,Men,javelin throw,M,Gold
Los Angeles,1932,Athletics,Athletics,"SIPPALA, Matti Kalervo",FIN,Men,javelin throw,M,Silver
Los Angeles,1932,Athletics,Athletics,"FLEISCHER, Mathilde (Tilly)",GER,Women,javelin throw,W,Bronze
Los Angeles,1932,Athletics,Athletics,"DIDRIKSON, Mildred",USA,Women,javelin throw,W,Gold
Los Angeles,1932,Athletics,Athletics,"BRAUMÜLLER, Ellen",GER,Women,javelin throw,W,Silver
Los Angeles,1932,Athletics,Athletics,"NAMBU, Chuhei",JPN,Men,long jump,M,Bronze
Los Angeles,1932,Athletics,Athletics,"GORDON, Edward Lansing",USA,Men,long jump,M,Gold
Los Angeles,1932,Athletics,Athletics,"REDD, Charles Lambert",USA,Men,long jump,M,Silver
Los Angeles,1932,Athletics,Athletics,"TOIVONEN, Armas Adam",FIN,Men,marathon,M,Bronze
Los Angeles,1932,Athletics,Athletics,"ZABALA, Juan Carlos",ARG,Men,marathon,M,Gold
Los Angeles,1932,Athletics,Athletics,"FERRIS, Samuel",GBR,Men,marathon,M,Silver
Los Angeles,1932,Athletics,Athletics,"JEFFERSON, George G.",USA,Men,pole vault,M,Bronze
Los Angeles,1932,Athletics,Athletics,"MILLER, William Waring",USA,Men,pole vault,M,Gold
Los Angeles,1932,Athletics,Athletics,"NISHIDA, Shuhei",JPN,Men,pole vault,M,Silver
Los Angeles,1932,Athletics,Athletics,"DOUDA, Frantisek",TCH,Men,shot put,M,Bronze
Los Angeles,1932,Athletics,Athletics,"SEXTON, Leo Joseph",USA,Men,shot put,M,Gold
Los Angeles,1932,Athletics,Athletics,"ROTHERT, Harlow Phelps",USA,Men,shot put,M,Silver
Los Angeles,1932,Athletics,Athletics,"OSHIMA, Kenkichi",JPN,Men,triple jump,M,Bronze
Los Angeles,1932,Athletics,Athletics,"NAMBU, Chuhei",JPN,Men,triple jump,M,Gold
Los Angeles,1932,Athletics,Athletics,"SVENSSON, Eric",SWE,Men,triple jump,M,Silver
Los Angeles,1932,Boxing,Boxing,"SALICA, Louis",USA,Men,- 50.8kg (flyweight),M,Bronze
Los Angeles,1932,Boxing,Boxing,"ENEKES, Istvan",HUN,Men,- 50.8kg (flyweight),M,Gold
Los Angeles,1932,Boxing,Boxing,"CABANAS, Francisco",MEX,Men,- 50.8kg (flyweight),M,Silver
Los Angeles,1932,Boxing,Boxing,"FEARY, Frederick",USA,Men,+ 79.38kg (heavyweight),M,Bronze
Los Angeles,1932,Boxing,Boxing,"LOVELL, Alberto Santiago",ARG,Men,+ 79.38kg (heavyweight),M,Gold
Los Angeles,1932,Boxing,Boxing,"ROVATI, Luigi",ITA,Men,+ 79.38kg (heavyweight),M,Silver
Los Angeles,1932,Boxing,Boxing,"VILLANUEVA, Jose",PHI,Men,50.8 - 54kg (bantamweight),M,Bronze
Los Angeles,1932,Boxing,Boxing,"GWYNNE, Horace Lefty",CAN,Men,50.8 - 54kg (bantamweight),M,Gold
Los Angeles,1932,Boxing,Boxing,"ZIGLARSKI, Hans",GER,Men,50.8 - 54kg (bantamweight),M,Silver
Los Angeles,1932,Boxing,Boxing,"CARLSSON-EKEBACK, Allan",SWE,Men,54 - 57.15kg (featherweight),M,Bronze
Los Angeles,1932,Boxing,Boxing,"ROBLEDO, Carmelo Ambrosio",ARG,Men,54 - 57.15kg (featherweight),M,Gold
Los Angeles,1932,Boxing,Boxing,"SCHLEINKOFER, Josef",GER,Men,54 - 57.15kg (featherweight),M,Silver
Los Angeles,1932,Boxing,Boxing,"BOR, Nathan",USA,Men,57.15 - 61.24kg (lightweight),M,Bronze
Los Angeles,1932,Boxing,Boxing,"STEVENS, Lawrence",RSA,Men,57.15 - 61.24kg (lightweight),M,Gold
Los Angeles,1932,Boxing,Boxing,"AHLQVIST, Thure",SWE,Men,57.15 - 61.24kg (lightweight),M,Silver
Los Angeles,1932,Boxing,Boxing,"AHLBERG, Bruno Valfrid",FIN,Men,61.24 - 66.68kg (welterweight),M,Bronze
Los Angeles,1932,Boxing,Boxing,"FLYNN, Edward L.",USA,Men,61.24 - 66.68kg (welterweight),M,Gold
Los Angeles,1932,Boxing,Boxing,"CAMPE, Erich",GER,Men,61.24 - 66.68kg (welterweight),M,Silver
Los Angeles,1932,Boxing,Boxing,"PIERCE, Ernest",RSA,Men,66.68 - 72.57kg (middleweight),M,Bronze
Los Angeles,1932,Boxing,Boxing,"BARTH, Carmen",USA,Men,66.68 - 72.57kg (middleweight),M,Gold
Los Angeles,1932,Boxing,Boxing,"AZAR, Amado",ARG,Men,66.68 - 72.57kg (middleweight),M,Silver
Los Angeles,1932,Boxing,Boxing,"JORGENSEN, Peter Oscar",DEN,Men,72.57 - 79.38kg (light-heavyweight),M,Bronze
Los Angeles,1932,Boxing,Boxing,"CARSTENS, David Daniel",RSA,Men,72.57 - 79.38kg (light-heavyweight),M,Gold
Los Angeles,1932,Boxing,Boxing,"ROSSI, Gino",ITA,Men,72.57 - 79.38kg (light-heavyweight),M,Silver
Los Angeles,1932,Cycling,Cycling Road,"BRITZ, Bernhard",SWE,Men,individual time trial,M,Bronze
Los Angeles,1932,Cycling,Cycling Road,"PAVESI, Attilio",ITA,Men,individual time trial,M,Gold
Los Angeles,1932,Cycling,Cycling Road,"SEGATO, Guglielmo",ITA,Men,individual time trial,M,Silver
Los Angeles,1932,Cycling,Cycling Road,"BERG, Arne",SWE,Men,team time trial,M,Bronze
Los Angeles,1932,Cycling,Cycling Road,"BRITZ, Bernhard",SWE,Men,team time trial,M,Bronze
Los Angeles,1932,Cycling,Cycling Road,"HÖGLUND, Sven",SWE,Men,team time trial,M,Bronze
Los Angeles,1932,Cycling,Cycling Road,"OLMO, Giuseppe",ITA,Men,team time trial,M,Gold
Los Angeles,1932,Cycling,Cycling Road,"PAVESI, Attilio",ITA,Men,team time trial,M,Gold
Los Angeles,1932,Cycling,Cycling Road,"SEGATO, Guglielmo",ITA,Men,team time trial,M,Gold
Los Angeles,1932,Cycling,Cycling Road,"HANSEN, Henry Peter Christian",DEN,Men,team time trial,M,Silver
Los Angeles,1932,Cycling,Cycling Road,"NIELSEN, Leo",DEN,Men,team time trial,M,Silver
Los Angeles,1932,Cycling,Cycling Road,"SÖRENSEN, Frode Otto",DEN,Men,team time trial,M,Silver
Los Angeles,1932,Cycling,Cycling Track,"RAMPELBERG, Charles",FRA,Men,1km time trial,M,Bronze
Los Angeles,1932,Cycling,Cycling Track,"GRAY, Edgar Laurence",AUS,Men,1km time trial,M,Gold
Los Angeles,1932,Cycling,Cycling Track,"VAN EGMOND, Jacobus Johannes",NED,Men,1km time trial,M,Silver
Los Angeles,1932,Cycling,Cycling Track,"CHRISTENSEN, Harald",DEN,Men,2000m tandem,M,Bronze
Los Angeles,1932,Cycling,Cycling Track,"GERVIN, Willy Viggo",DEN,Men,2000m tandem,M,Bronze
Los Angeles,1932,Cycling,Cycling Track,"CHAILLOT, Louis",FRA,Men,2000m tandem,M,Gold
Los Angeles,1932,Cycling,Cycling Track,"PERRIN, Maurice",FRA,Men,2000m tandem,M,Gold
Los Angeles,1932,Cycling,Cycling Track,"CHAMBERS, Ernest Henry",GBR,Men,2000m tandem,M,Silver
Los Angeles,1932,Cycling,Cycling Track,"CHAMBERS, Stanley",GBR,Men,2000m tandem,M,Silver
Los Angeles,1932,Cycling,Cycling Track,"PELLIZZARI, Bruno",ITA,Men,Sprint indivual,M,Bronze
Los Angeles,1932,Cycling,Cycling Track,"VAN EGMOND, Jacobus Johannes",NED,Men,Sprint indivual,M,Gold
Los Angeles,1932,Cycling,Cycling Track,"CHAILLOT, Louis",FRA,Men,Sprint indivual,M,Silver
Los Angeles,1932,Cycling,Cycling Track,"HARWELL, William Gladstone",GBR,Men,Team Pursuit (4000m),M,Bronze
Los Angeles,1932,Cycling,Cycling Track,"HOLLAND, Charles Alfred",GBR,Men,Team Pursuit (4000m),M,Bronze
Los Angeles,1932,Cycling,Cycling Track,"JOHNSON, Ernest Alfred",GBR,Men,Team Pursuit (4000m),M,Bronze
Los Angeles,1932,Cycling,Cycling Track,"SOUTHALL, Frank William",GBR,Men,Team Pursuit (4000m),M,Bronze
Los Angeles,1932,Cycling,Cycling Track,"BORSARI, Nino",ITA,Men,Team Pursuit (4000m),M,Gold
Los Angeles,1932,Cycling,Cycling Track,"CIMATTI, Marco",ITA,Men,Team Pursuit (4000m),M,Gold
Los Angeles,1932,Cycling,Cycling Track,"GHILARDI, Alberto",ITA,Men,Team Pursuit (4000m),M,Gold
Los Angeles,1932,Cycling,Cycling Track,"PEDRETTI, Paolo",ITA,Men,Team Pursuit (4000m),M,Gold
Los Angeles,1932,Cycling,Cycling Track,"CHOCQUE, Paul",FRA,Men,Team Pursuit (4000m),M,Silver
Los Angeles,1932,Cycling,Cycling Track,"FOURNIER, Amede",FRA,Men,Team Pursuit (4000m),M,Silver
Los Angeles,1932,Cycling,Cycling Track,"LEGREVES, Rene",FRA,Men,Team Pursuit (4000m),M,Silver
Los Angeles,1932,Cycling,Cycling Track,"MOUILLEFARINE, Henri",FRA,Men,Team Pursuit (4000m),M,Silver
Los Angeles,1932,Equestrian,Dressage,"TUTTLE, Hiram E.",USA,Men,individual,X,Bronze
Los Angeles,1932,Equestrian,Dressage,"LESAGE, Xavier François",FRA,Men,individual,X,Gold
Los Angeles,1932,Equestrian,Dressage,"MARION, Charles Louis Pierre",FRA,Men,individual,X,Silver
Los Angeles,1932,Equestrian,Dressage,"KITTS, Isaac Leonard",USA,Men,team,X,Bronze
Los Angeles,1932,Equestrian,Dressage,"MOORE, Alvin H.",USA,Men,team,X,Bronze
Los Angeles,1932,Equestrian,Dressage,"TUTTLE, Hiram E.",USA,Men,team,X,Bronze
Los Angeles,1932,Equestrian,Dressage,"JOUSSEAUME, Andre Rene",FRA,Men,team,X,Gold
Los Angeles,1932,Equestrian,Dressage,"LESAGE, Xavier François",FRA,Men,team,X,Gold
Los Angeles,1932,Equestrian,Dressage,"MARION, Charles Louis Pierre",FRA,Men,team,X,Gold
Los Angeles,1932,Equestrian,Dressage,"BOLTENSTERN JR., Gustaf Adolf",SWE,Men,team,X,Silver
Los Angeles,1932,Equestrian,Dressage,"BYSTRÖM, Thomas",SWE,Men,team,X,Silver
Los Angeles,1932,Equestrian,Dressage,"SANDSTRÖM, Bertil",SWE,Men,team,X,Silver
Los Angeles,1932,Equestrian,Eventing,"VON ROSEN JR., Clarence",SWE,Men,individual,X,Bronze
Los Angeles,1932,Equestrian,Eventing,"PAHUD DE MORTANGES, Charles Ferdinand",NED,Men,individual,X,Gold
Los Angeles,1932,Equestrian,Eventing,"THOMSON, Earl Foster",USA,Men,individual,X,Silver
Los Angeles,1932,Equestrian,Eventing,"ARGO, Edwin Yancey",USA,Men,team,X,Gold
Los Angeles,1932,Equestrian,Eventing,"CHAMBERLIN, Harry Dwight",USA,Men,team,X,Gold
Los Angeles,1932,Equestrian,Eventing,"THOMSON, Earl Foster",USA,Men,team,X,Gold
Los Angeles,1932,Equestrian,Eventing,"PAHUD DE MORTANGES, Charles Ferdinand",NED,Men,team,X,Silver
Los Angeles,1932,Equestrian,Eventing,"SCHUMMELKETEL, Karel Johan",NED,Men,team,X,Silver
Los Angeles,1932,Equestrian,Eventing,"VAN LENNEP, Aernout",NED,Men,team,X,Silver
Los Angeles,1932,Equestrian,Jumping,"VON ROSEN JR., Clarence",SWE,Men,individual,X,Bronze
Los Angeles,1932,Equestrian,Jumping,"NISHI, Takeichi",JPN,Men,individual,X,Gold
Los Angeles,1932,Equestrian,Jumping,"CHAMBERLIN, Harry Dwight",USA,Men,individual,X,Silver
