Berlin,1936,Athletics,Athletics,"CLARK, Robert Hyatt",USA,Men,decathlon,M,Silver
Berlin,1936,Athletics,Athletics,"OBERWEGER, Giorgio",ITA,Men,discus throw,M,Bronze
Berlin,1936,Athletics,Athletics,"CARPENTER, William Kenneth",USA,Men,discus throw,M,Gold
Berlin,1936,Athletics,Athletics,"DUNN, Gordon Glover",USA,Men,discus throw,M,Silver
Berlin,1936,Athletics,Athletics,"MOLLENHAUER, Paula",GER,Women,discus throw,W,Bronze
Berlin,1936,Athletics,Athletics,"MAUERMAYER, Gisela",GER,Women,discus throw,W,Gold
Berlin,1936,Athletics,Athletics,"WAJSOURNA, Jadwiga",POL,Women,discus throw,W,Silver
Berlin,1936,Athletics,Athletics,"WARNGARD, Alfred",SWE,Men,hammer throw,M,Bronze
Berlin,1936,Athletics,Athletics,"HEIN, Karl",GER,Men,hammer throw,M,Gold
Berlin,1936,Athletics,Athletics,"BLASK, Erwin",GER,Men,hammer throw,M,Silver
Berlin,1936,Athletics,Athletics,"THURBER, Delos Packard",USA,Men,high jump,M,Bronze
Berlin,1936,Athletics,Athletics,"JOHNSON, Cornelius Cooper",USA,Men,high jump,M,Gold
Berlin,1936,Athletics,Athletics,"ALBRITTON, David Donald",USA,Men,high jump,M,Silver
Berlin,1936,Athletics,Athletics,"KAUN, Elfriede",GER,Women,high jump,W,Bronze
Berlin,1936,Athletics,Athletics,"CSAK, Ibolya",HUN,Women,high jump,W,Gold
Berlin,1936,Athletics,Athletics,"ODAM-TYLER, Dorothy Beatrice J.",GBR,Women,high jump,W,Silver
Berlin,1936,Athletics,Athletics,"TOIVONEN, Kaarlo Kalervo",FIN,Men,javelin throw,M,Bronze
Berlin,1936,Athletics,Athletics,"STÖCK, Gerhard (Gerd)",GER,Men,javelin throw,M,Gold
Berlin,1936,Athletics,Athletics,"NIKKANEN, Yrjo Jouko",FIN,Men,javelin throw,M,Silver
Berlin,1936,Athletics,Athletics,"KWASNIEWSKA-MALESZEWSKA, Marja Jadwiga",POL,Women,javelin throw,W,Bronze
Berlin,1936,Athletics,Athletics,"FLEISCHER, Mathilde (Tilly)",GER,Women,javelin throw,W,Gold
Berlin,1936,Athletics,Athletics,"KRÜGER, Luise",GER,Women,javelin throw,W,Silver
Berlin,1936,Athletics,Athletics,"TAJIMA, Naoto",JPN,Men,long jump,M,Bronze
Berlin,1936,Athletics,Athletics,"OWENS, Jesse",USA,Men,long jump,M,Gold
Berlin,1936,Athletics,Athletics,"LONG, Carl Ludwig Luz",GER,Men,long jump,M,Silver
Berlin,1936,Athletics,Athletics,"NAN, Shoryu",JPN,Men,marathon,M,Bronze
Berlin,1936,Athletics,Athletics,"SON, Kitei",JPN,Men,marathon,M,Gold
Berlin,1936,Athletics,Athletics,"HARPER, Ernest",GBR,Men,marathon,M,Silver
Berlin,1936,Athletics,Athletics,"OE, Sueo",JPN,Men,pole vault,M,Bronze
Berlin,1936,Athletics,Athletics,"MEADOWS, Earle Elmer",USA,Men,pole vault,M,Gold
Berlin,1936,Athletics,Athletics,"NISHIDA, Shuhei",JPN,Men,pole vault,M,Silver
Berlin,1936,Athletics,Athletics,"STÖCK, Gerhard (Gerd)",GER,Men,shot put,M,Bronze
Berlin,1936,Athletics,Athletics,"WOELLKE, Hans",GER,Men,shot put,M,Gold
Berlin,1936,Athletics,Athletics,"BÄRLUND, Sulo",FIN,Men,shot put,M,Silver
Berlin,1936,Athletics,Athletics,"METCALFE, John Patrick",AUS,Men,triple jump,M,Bronze
Berlin,1936,Athletics,Athletics,"TAJIMA, Naoto",JPN,Men,triple jump,M,Gold
Berlin,1936,Athletics,Athletics,"HARADA, Masao",JPN,Men,triple jump,M,Silver
Berlin,1936,Basketball,Basketball,"BORJA MORCA, Carlos",MEX,Men,basketball,M,Bronze
Berlin,1936,Basketball,Basketball,"BORJA MORCA, Victor Hugo",MEX,Men,basketball,M,Bronze
Berlin,1936,Basketball,Basketball,"CHOPERENA IRIZARRI, Rodolfo",MEX,Men,basketball,M,Bronze
Berlin,1936,Basketball,Basketball,"DE LA VEGA LEIJA, Luis Ignacio",MEX,Men,basketball,M,Bronze
Berlin,1936,Basketball,Basketball,"FERNANDEZ ROBERT, Raul",MEX,Men,basketball,M,Bronze
Berlin,1936,Basketball,Basketball,"GOMEZ DOMINGUEZ, Andres",MEX,Men,basketball,M,Bronze
Berlin,1936,Basketball,Basketball,"HERNANDEZ DEL VALLE, Silvio",MEX,Men,basketball,M,Bronze
Berlin,1936,Basketball,Basketball,"MARTINEZ CORDERO, Francisco",MEX,Men,basketball,M,Bronze
Berlin,1936,Basketball,Basketball,"OLMOZ MORENO, Jesus",MEX,Men,basketball,M,Bronze
Berlin,1936,Basketball,Basketball,"PAMPLONA LECUANDA, Jose",MEX,Men,basketball,M,Bronze
Berlin,1936,Basketball,Basketball,"SKOUSEN SPILSBURY, Greer S.",MEX,Men,basketball,M,Bronze
Berlin,1936,Basketball,Basketball,"BALTER, Samuel J. Jr.",USA,Men,basketball,M,Gold
Berlin,1936,Basketball,Basketball,"BISHOP, Ralph English",USA,Men,basketball,M,Gold
Berlin,1936,Basketball,Basketball,"FORTENBERRY, Joseph Cephis",USA,Men,basketball,M,Gold
Berlin,1936,Basketball,Basketball,"GIBBONS, John Haskell",USA,Men,basketball,M,Gold
Berlin,1936,Basketball,Basketball,"JOHNSON, Francis Lee",USA,Men,basketball,M,Gold
Berlin,1936,Basketball,Basketball,"KNOWLES, Carl Stanley",USA,Men,basketball,M,Gold
Berlin,1936,Basketball,Basketball,"LUBIN, Frank John",USA,Men,basketball,M,Gold
Berlin,1936,Basketball,Basketball,"MOLLNER, Arthur Owen",USA,Men,basketball,M,Gold
Berlin,1936,Basketball,Basketball,"PIPER, Donald Arthur",USA,Men,basketball,M,Gold
Berlin,1936,Basketball,Basketball,"RAGLAND, Jack Williamson",USA,Men,basketball,M,Gold
Berlin,1936,Basketball,Basketball,"SCHMIDT, Willard Theodore",USA,Men,basketball,M,Gold
Berlin,1936,Basketball,Basketball,"SHY, Carl L.",USA,Men,basketball,M,Gold
Berlin,1936,Basketball,Basketball,"SWANSON, Duane Alexander",USA,Men,basketball,M,Gold
Berlin,1936,Basketball,Basketball,"WHEATLEY, William John",USA,Men,basketball,M,Gold
Berlin,1936,Basketball,Basketball,"AITCHISON, Gordon",CAN,Men,basketball,M,Silver
Berlin,1936,Basketball,Basketball,"ALLISON, Jan Alistair",CAN,Men,basketball,M,Silver
Berlin,1936,Basketball,Basketball,"CHAPMAN, Arthur St.Clair",CAN,Men,basketball,M,Silver
Berlin,1936,Basketball,Basketball,"CHAPMAN, Charles Winston",CAN,Men,basketball,M,Silver
Berlin,1936,Basketball,Basketball,"DAWSON, Edward John",CAN,Men,basketball,M,Silver
Berlin,1936,Basketball,Basketball,"MERETSKY, Irving",CAN,Men,basketball,M,Silver
Berlin,1936,Basketball,Basketball,"PEDEN, James Douglas",CAN,Men,basketball,M,Silver
Berlin,1936,Basketball,Basketball,"STEWART, James",CAN,Men,basketball,M,Silver
Berlin,1936,Basketball,Basketball,"WISEMAN, Malcolm Edward",CAN,Men,basketball,M,Silver
Berlin,1936,Boxing,Boxing,"LAURIA, Louis Daniel",USA,Men,- 50.8kg (flyweight),M,Bronze
Berlin,1936,Boxing,Boxing,"KAISER, Willi",GER,Men,- 50.8kg (flyweight),M,Gold
Berlin,1936,Boxing,Boxing,"MATTA, Gavino",ITA,Men,- 50.8kg (flyweight),M,Silver
Berlin,1936,Boxing,Boxing,"NILSEN, Erling",NOR,Men,+ 79.38kg (heavyweight),M,Bronze
Berlin,1936,Boxing,Boxing,"RUNGE, Herbert",GER,Men,+ 79.38kg (heavyweight),M,Gold
Berlin,1936,Boxing,Boxing,"LOVELL, Jose Guillermo",ARG,Men,+ 79.38kg (heavyweight),M,Silver
Berlin,1936,Boxing,Boxing,"ORTIZ, Fidel",MEX,Men,50.8 - 54kg (bantamweight),M,Bronze
Berlin,1936,Boxing,Boxing,"SERGO, Ulderico",ITA,Men,50.8 - 54kg (bantamweight),M,Gold
Berlin,1936,Boxing,Boxing,"WILSON, Jack",USA,Men,50.8 - 54kg (bantamweight),M,Silver
Berlin,1936,Boxing,Boxing,"MINER, Josef",GER,Men,54 - 57.15kg (featherweight),M,Bronze
Berlin,1936,Boxing,Boxing,"CASANOVAS, Oscar",ARG,Men,54 - 57.15kg (featherweight),M,Gold
Berlin,1936,Boxing,Boxing,"CATTERALL, Charles",RSA,Men,54 - 57.15kg (featherweight),M,Silver
Berlin,1936,Boxing,Boxing,"AGREN, Erik",SWE,Men,57.15 - 61.24kg (lightweight),M,Bronze
Berlin,1936,Boxing,Boxing,"HARANGI, Imre",HUN,Men,57.15 - 61.24kg (lightweight),M,Gold
Berlin,1936,Boxing,Boxing,"STEPULOV, Nikolai",EST,Men,57.15 - 61.24kg (lightweight),M,Silver
Berlin,1936,Boxing,Boxing,"PETERSEN, Gerhard Sigvald",DEN,Men,61.24 - 66.68kg (welterweight),M,Bronze
Berlin,1936,Boxing,Boxing,"SUVIO, Sten",FIN,Men,61.24 - 66.68kg (welterweight),M,Gold
Berlin,1936,Boxing,Boxing,"MURACH, Michael",GER,Men,61.24 - 66.68kg (welterweight),M,Silver
Berlin,1936,Boxing,Boxing,"VILLAREAL, Raul Vicente",ARG,Men,66.68 - 72.57kg (middleweight),M,Bronze
Berlin,1936,Boxing,Boxing,"DESPEAUX, Jean",FRA,Men,66.68 - 72.57kg (middleweight),M,Gold
Berlin,1936,Boxing,Boxing,"TILLER, Henry",NOR,Men,66.68 - 72.57kg (middleweight),M,Silver
Berlin,1936,Boxing,Boxing,"RISIGLIONE, Francisco",ARG,Men,72.57 - 79.38kg (light-heavyweight),M,Bronze
Berlin,1936,Boxing,Boxing,"MICHELOT, Roger",FRA,Men,72.57 - 79.38kg (light-heavyweight),M,Gold
Berlin,1936,Boxing,Boxing,"VOGT, Richard",GER,Men,72.57 - 79.38kg (light-heavyweight),M,Silver
Berlin,1936,Canoe / Kayak,Canoe / Kayak F,"KOSCHIK, Erich",GER,Men,C-1 1000m (canoe single),M,Bronze
Berlin,1936,Canoe / Kayak,Canoe / Kayak F,"AMYOT, Frank",CAN,Men,C-1 1000m (canoe single),M,Gold
Berlin,1936,Canoe / Kayak,Canoe / Kayak F,"KARLIK, Bohuslav",TCH,Men,C-1 1000m (canoe single),M,Silver
Berlin,1936,Canoe / Kayak,Canoe / Kayak F,"PROISL, Karl",AUT,Men,C-2 10000m,M,Bronze
Berlin,1936,Canoe / Kayak,Canoe / Kayak F,"WEINSTABL, Rupert",AUT,Men,C-2 10000m,M,Bronze
Berlin,1936,Canoe / Kayak,Canoe / Kayak F,"MOTTL, Vaclav",TCH,Men,C-2 10000m,M,Gold
Berlin,1936,Canoe / Kayak,Canoe / Kayak F,"SKRLANT, Zdenek",TCH,Men,C-2 10000m,M,Gold
Berlin,1936,Canoe / Kayak,Canoe / Kayak F,"CHARTERS, Harvey Blashford",CAN,Men,C-2 10000m,M,Silver
Berlin,1936,Canoe / Kayak,Canoe / Kayak F,"SAKER, Frank Warren",CAN,Men,C-2 10000m,M,Silver
Berlin,1936,Canoe / Kayak,Canoe / Kayak F,"CHARTERS, Harvey Blashford",CAN,Men,C-2 1000m (canoe double),M,Bronze
Berlin,1936,Canoe / Kayak,Canoe / Kayak F,"SAKER, Frank Warren",CAN,Men,C-2 1000m (canoe double),M,Bronze
Berlin,1936,Canoe / Kayak,Canoe / Kayak F,"BRZAK-FELIX, Jan",TCH,Men,C-2 1000m (canoe double),M,Gold
Berlin,1936,Canoe / Kayak,Canoe / Kayak F,"SYROVATKA, Vladimir",TCH,Men,C-2 1000m (canoe double),M,Gold
Berlin,1936,Canoe / Kayak,Canoe / Kayak F,EDLETITSCH,AUT,Men,C-2 1000m (canoe double),M,Silver
Berlin,1936,Canoe / Kayak,Canoe / Kayak F,KAMPFL,AUT,Men,C-2 1000m (canoe double),M,Silver
Berlin,1936,Canoe / Kayak,Canoe / Kayak F,"HÖRMANN, Xaver",GER,Men,folding K-1 10000m,M,Bronze
Berlin,1936,Canoe / Kayak,Canoe / Kayak F,"HRADETZKY, Gregor",AUT,Men,folding K-1 10000m,M,Gold
Berlin,1936,Canoe / Kayak,Canoe / Kayak F,"EBERHART, Henri",FRA,Men,folding K-1 10000m,M,Silver
Berlin,1936,Canoe / Kayak,Canoe / Kayak F,"WIJDEKOP, Cornelis",NED,Men,folding K-2 10000m,M,Bronze
Berlin,1936,Canoe / Kayak,Canoe / Kayak F,"WIJDEKOP, Pieter",NED,Men,folding K-2 10000m,M,Bronze
Berlin,1936,Canoe / Kayak,Canoe / Kayak F,"BLADSTRÖM, Erik",SWE,Men,folding K-2 10000m,M,Gold
Berlin,1936,Canoe / Kayak,Canoe / Kayak F,"JOHANSSON, Sven",SWE,Men,folding K-2 10000m,M,Gold
Berlin,1936,Canoe / Kayak,Canoe / Kayak F,"HANISCH, Erich",GER,Men,folding K-2 10000m,M,Silver
Berlin,1936,Canoe / Kayak,Canoe / Kayak F,"HORN, Willy",GER,Men,folding K-2 10000m,M,Silver
Berlin,1936,Canoe / Kayak,Canoe / Kayak F,"RIEDEL, Ernest",USA,Men,K-1 10000m,M,Bronze
Berlin,1936,Canoe / Kayak,Canoe / Kayak F,"KREBS, Ernst",GER,Men,K-1 10000m,M,Gold
Berlin,1936,Canoe / Kayak,Canoe / Kayak F,"LANDERTINGER, Fritz",AUT,Men,K-1 10000m,M,Silver
Berlin,1936,Canoe / Kayak,Canoe / Kayak F,"KRAAIER, Jacobus",NED,Men,K-1 1000m (kayak single),M,Bronze
Berlin,1936,Canoe / Kayak,Canoe / Kayak F,"HRADETZKY, Gregor",AUT,Men,K-1 1000m (kayak single),M,Gold
Berlin,1936,Canoe / Kayak,Canoe / Kayak F,"CÄMMERER, Helmut",GER,Men,K-1 1000m (kayak single),M,Silver
Berlin,1936,Canoe / Kayak,Canoe / Kayak F,"FAHLBORG, Tage",SWE,Men,K-2 10000m,M,Bronze
Berlin,1936,Canoe / Kayak,Canoe / Kayak F,"LARSSON, Helge",SWE,Men,K-2 10000m,M,Bronze
Berlin,1936,Canoe / Kayak,Canoe / Kayak F,"LANDEN, Ludwig",GER,Men,K-2 10000m,M,Gold
Berlin,1936,Canoe / Kayak,Canoe / Kayak F,"WEVERS, Paul",GER,Men,K-2 10000m,M,Gold
Berlin,1936,Canoe / Kayak,Canoe / Kayak F,"KALISCH, Viktor",AUT,Men,K-2 10000m,M,Silver
Berlin,1936,Canoe / Kayak,Canoe / Kayak F,"STEINHUBER, Karl",AUT,Men,K-2 10000m,M,Silver
Berlin,1936,Canoe / Kayak,Canoe / Kayak F,"TATES, Nicolaas",NED,Men,K-2 1000m (kayak double),M,Bronze
Berlin,1936,Canoe / Kayak,Canoe / Kayak F,"VAN DER KROFT, Willem Frederik",NED,Men,K-2 1000m (kayak double),M,Bronze
Berlin,1936,Canoe / Kayak,Canoe / Kayak F,"DORFNER, Alfons",AUT,Men,K-2 1000m (kayak double),M,Gold
Berlin,1936,Canoe / Kayak,Canoe / Kayak F,"KAINZ, Adolf",AUT,Men,K-2 1000m (kayak double),M,Gold
Berlin,1936,Canoe / Kayak,Canoe / Kayak F,"BONDROIT, Fritz",GER,Men,K-2 1000m (kayak double),M,Silver
Berlin,1936,Canoe / Kayak,Canoe / Kayak F,"TILKER, Ewald",GER,Men,K-2 1000m (kayak double),M,Silver
Berlin,1936,Cycling,Cycling Road,"NIEVERGELT, Ernst",SUI,Men,individual road race,M,Bronze
Berlin,1936,Cycling,Cycling Road,"CHARPENTIER, Robert",FRA,Men,individual road race,M,Gold
Berlin,1936,Cycling,Cycling Road,"LAPEBIE, Guy",FRA,Men,individual road race,M,Silver
Berlin,1936,Cycling,Cycling Road,"GARREBEEK, Auguste",BEL,Men,team time trial,M,Bronze
Berlin,1936,Cycling,Cycling Road,"PUTZEYS, Armand",BEL,Men,team time trial,M,Bronze
Berlin,1936,Cycling,Cycling Road,"VANDERMOTTE, Francois",BEL,Men,team time trial,M,Bronze
Berlin,1936,Cycling,Cycling Road,"CHARPENTIER, Robert",FRA,Men,team time trial,M,Gold
Berlin,1936,Cycling,Cycling Road,"DORGEBRAY, Robert",FRA,Men,team time trial,M,Gold
Berlin,1936,Cycling,Cycling Road,"LAPEBIE, Guy",FRA,Men,team time trial,M,Gold
Berlin,1936,Cycling,Cycling Road,"BUCHWALDER, Edgar",SUI,Men,team time trial,M,Silver
Berlin,1936,Cycling,Cycling Road,"NIEVERGELT, Ernst",SUI,Men,team time trial,M,Silver
Berlin,1936,Cycling,Cycling Road,"OTT, Kurt",SUI,Men,team time trial,M,Silver
Berlin,1936,Cycling,Cycling Track,"KARSCH, Rudolf",GER,Men,1km time trial,M,Bronze
Berlin,1936,Cycling,Cycling Track,"VAN VLIET, Arie Gerrit",NED,Men,1km time trial,M,Gold
Berlin,1936,Cycling,Cycling Track,"GEORGET, Pierre",FRA,Men,1km time trial,M,Silver
Berlin,1936,Cycling,Cycling Track,"GEORGET, Pierre",FRA,Men,2000m tandem,M,Bronze
Berlin,1936,Cycling,Cycling Track,"MATON, Georges",FRA,Men,2000m tandem,M,Bronze
Berlin,1936,Cycling,Cycling Track,"IHBE, Ernst",GER,Men,2000m tandem,M,Gold
Berlin,1936,Cycling,Cycling Track,"LORENZ, Carly",GER,Men,2000m tandem,M,Gold
Berlin,1936,Cycling,Cycling Track,"LEENE, Bernardus Petrus",NED,Men,2000m tandem,M,Silver
Berlin,1936,Cycling,Cycling Track,"OOMS, Hendrik",NED,Men,2000m tandem,M,Silver
Berlin,1936,Cycling,Cycling Track,"CHAILLOT, Louis",FRA,Men,Sprint indivual,M,Bronze
Berlin,1936,Cycling,Cycling Track,"MERKENS, Anton (Toni)",GER,Men,Sprint indivual,M,Gold
Berlin,1936,Cycling,Cycling Track,"VAN VLIET, Arie Gerrit",NED,Men,Sprint indivual,M,Silver
Berlin,1936,Cycling,Cycling Track,"HILL, Harry Heaton",GBR,Men,Team Pursuit (4000m),M,Bronze
Berlin,1936,Cycling,Cycling Track,"JOHNSON, Ernest Alfred",GBR,Men,Team Pursuit (4000m),M,Bronze
Berlin,1936,Cycling,Cycling Track,"KING, Charles Thomas",GBR,Men,Team Pursuit (4000m),M,Bronze
Berlin,1936,Cycling,Cycling Track,"MILLS, Ernest Victor",GBR,Men,Team Pursuit (4000m),M,Bronze
Berlin,1936,Cycling,Cycling Track,"CHARPENTIER, Robert",FRA,Men,Team Pursuit (4000m),M,Gold
Berlin,1936,Cycling,Cycling Track,"GOUJON, Jean",FRA,Men,Team Pursuit (4000m),M,Gold
Berlin,1936,Cycling,Cycling Track,"LAPEBIE, Guy",FRA,Men,Team Pursuit (4000m),M,Gold
Berlin,1936,Cycling,Cycling Track,"LE NIZERHY, Roger",FRA,Men,Team Pursuit (4000m),M,Gold
Berlin,1936,Cycling,Cycling Track,"BIANCHI, Bianco",ITA,Men,Team Pursuit (4000m),M,Silver
Berlin,1936,Cycling,Cycling Track,"GENTILI, Mario",ITA,Men,Team Pursuit (4000m),M,Silver
Berlin,1936,Cycling,Cycling Track,"LATINI, Armando",ITA,Men,Team Pursuit (4000m),M,Silver
Berlin,1936,Cycling,Cycling Track,"RIGONI, Severino",ITA,Men,Team Pursuit (4000m),M,Silver
Berlin,1936,Equestrian,Dressage,"PODHAJSKY, Alois",AUT,Men,individual,X,Bronze
Berlin,1936,Equestrian,Dressage,"POLLAY, Heinz",GER,Men,individual,X,Gold
Berlin,1936,Equestrian,Dressage,"GERHARD, Friedrich",GER,Men,individual,X,Silver
Berlin,1936,Equestrian,Dressage,"ADLERCREUTZ, Gregor",SWE,Men,team,X,Bronze
Berlin,1936,Equestrian,Dressage,"COLLIANDER, Sven",SWE,Men,team,X,Bronze
Berlin,1936,Equestrian,Dressage,"SANDSTRÖM, Folke",SWE,Men,team,X,Bronze
Berlin,1936,Equestrian,Dressage,"GERHARD, Friedrich",GER,Men,team,X,Gold
Berlin,1936,Equestrian,Dressage,"POLLAY, Heinz",GER,Men,team,X,Gold
Berlin,1936,Equestrian,Dressage,"VON OPPELN-BRONIKOWSKI, Hermann",GER,Men,team,X,Gold
Berlin,1936,Equestrian,Dressage,"DE BALLORRE, Gerard",FRA,Men,team,X,Silver
Berlin,1936,Equestrian,Dressage,"GILLOIS, Daniel",FRA,Men,team,X,Silver
Berlin,1936,Equestrian,Dressage,"JOUSSEAUME, Andre Rene",FRA,Men,team,X,Silver
Berlin,1936,Equestrian,Eventing,"LUNDING, Hans Matthiesen",DEN,Men,individual,X,Bronze
Berlin,1936,Equestrian,Eventing,"STUBBENDORF, Ludwig",GER,Men,individual,X,Gold
Berlin,1936,Equestrian,Eventing,"THOMSON, Earl Foster",USA,Men,individual,X,Silver
Berlin,1936,Equestrian,Eventing,"FANSHAWE, Richard Gennys",GBR,Men,team,X,Bronze
Berlin,1936,Equestrian,Eventing,"HOWARD-VYSE, Edward Dacre",GBR,Men,team,X,Bronze
Berlin,1936,Equestrian,Eventing,"SCOTT, Alec Brassey Jonathan",GBR,Men,team,X,Bronze
Berlin,1936,Equestrian,Eventing,"LIPPERT, Rudolf",GER,Men,team,X,Gold
Berlin,1936,Equestrian,Eventing,"STUBBENDORF, Ludwig",GER,Men,team,X,Gold
Berlin,1936,Equestrian,Eventing,"VON WANGENHEIM, Konrad",GER,Men,team,X,Gold
Berlin,1936,Equestrian,Eventing,"KAWECKI, Zdzislaw",POL,Men,team,X,Silver
Berlin,1936,Equestrian,Eventing,"KULESZA, Seweryn",POL,Men,team,X,Silver
Berlin,1936,Equestrian,Eventing,"ROYCEWICZ, Henryk",POL,Men,team,X,Silver
Berlin,1936,Equestrian,Jumping,H:: SELLO,HUN,Men,individual,X,Bronze
Berlin,1936,Equestrian,Jumping,"VON PLATTHY, Jozsef",HUN,Men,individual,X,Bronze
Berlin,1936,Equestrian,Jumping,H:: TORA,GER,Men,individual,X,Gold
Berlin,1936,Equestrian,Jumping,"HASSE, Kurt",GER,Men,individual,X,Gold
Berlin,1936,Equestrian,Jumping,H:: DELFIS,ROU,Men,individual,X,Silver
Berlin,1936,Equestrian,Jumping,"RANG, Henri",ROU,Men,individual,X,Silver
Berlin,1936,Equestrian,Jumping,"BELTRAO, Jose",POR,Men,team,X,Bronze
Berlin,1936,Equestrian,Jumping,"COUTINHO (MARQUES DO FUNCHAL), Domingos De Sousa",POR,Men,team,X,Bronze
Berlin,1936,Equestrian,Jumping,"SILVA, Luiz",POR,Men,team,X,Bronze
Berlin,1936,Equestrian,Jumping,"BRANDT, Heinz",GER,Men,team,X,Gold
Berlin,1936,Equestrian,Jumping,"HASSE, Kurt",GER,Men,team,X,Gold
Berlin,1936,Equestrian,Jumping,"VON BARNEKOW, Marten",GER,Men,team,X,Gold
Berlin,1936,Equestrian,Jumping,"DE BRUINE, Jan Adrianus",NED,Men,team,X,Silver
Berlin,1936,Equestrian,Jumping,"GRETER, Johan Jacob",NED,Men,team,X,Silver
Berlin,1936,Equestrian,Jumping,"VAN SCHAIK, Henri Louis Marie",NED,Men,team,X,Silver
Berlin,1936,Fencing,Fencing,"CORNAGGIA-MEDICI, Giancarlo C.",ITA,Men,épée individual,M,Bronze
Berlin,1936,Fencing,Fencing,"RICCARDI, Franco",ITA,Men,épée individual,M,Gold
Berlin,1936,Fencing,Fencing,"RAGNO, Saverio",ITA,Men,épée individual,M,Silver
Berlin,1936,Fencing,Fencing,"BUCHARD, Georges",FRA,Men,épée team,M,Bronze
Berlin,1936,Fencing,Fencing,"CATTIAU, Philippe",FRA,Men,épée team,M,Bronze
Berlin,1936,Fencing,Fencing,"DULIEUX, Henri",FRA,Men,épée team,M,Bronze
Berlin,1936,Fencing,Fencing,"PECHEUX, Michel",FRA,Men,épée team,M,Bronze
Berlin,1936,Fencing,Fencing,"SCHMETZ, Bernard",FRA,Men,épée team,M,Bronze
Berlin,1936,Fencing,Fencing,"WORMSER, Paul",FRA,Men,épée team,M,Bronze
Berlin,1936,Fencing,Fencing,"BRUSATI, Giancarlo",ITA,Men,épée team,M,Gold
Berlin,1936,Fencing,Fencing,"CORNAGGIA-MEDICI, Giancarlo C.",ITA,Men,épée team,M,Gold
Berlin,1936,Fencing,Fencing,"MANGIAROTTI, Edoardo",ITA,Men,épée team,M,Gold
Berlin,1936,Fencing,Fencing,"PEZZANA, Alfredo",ITA,Men,épée team,M,Gold
Berlin,1936,Fencing,Fencing,"RAGNO, Saverio",ITA,Men,épée team,M,Gold
Berlin,1936,Fencing,Fencing,"RICCARDI, Franco",ITA,Men,épée team,M,Gold
Berlin,1936,Fencing,Fencing,"ALMGREN, Gustav",SWE,Men,épée team,M,Silver
Berlin,1936,Fencing,Fencing,"CEDERIN, Birger",SWE,Men,épée team,M,Silver
Berlin,1936,Fencing,Fencing,"DRAKENBERG, Hans",SWE,Men,épée team,M,Silver
Berlin,1936,Fencing,Fencing,"DYRSSEN, Gustaf",SWE,Men,épée team,M,Silver
Berlin,1936,Fencing,Fencing,"GRANFELT, Hans",SWE,Men,épée team,M,Silver
Berlin,1936,Fencing,Fencing,"THOFELT, Sven",SWE,Men,épée team,M,Silver
Berlin,1936,Fencing,Fencing,"BOCCHINO, Giorgio",ITA,Men,foil individual,M,Bronze
Berlin,1936,Fencing,Fencing,"GAUDINI, Giulio",ITA,Men,foil individual,M,Gold
Berlin,1936,Fencing,Fencing,"GARDERE, Edouard",FRA,Men,foil individual,M,Silver
Berlin,1936,Fencing,Fencing,"PREIS-MÜLLER, Ellen S.",AUT,Women,foil individual,W,Bronze
Berlin,1936,Fencing,Fencing,"ELEK, Ilona",HUN,Women,foil individual,W,Gold
Berlin,1936,Fencing,Fencing,"MAYER, Helene",GER,Women,foil individual,W,Silver
Berlin,1936,Fencing,Fencing,"ADAM, Otto",GER,Men,foil team,M,Bronze
Berlin,1936,Fencing,Fencing,"CASMIR, Erwin",GER,Men,foil team,M,Bronze
Berlin,1936,Fencing,Fencing,"EISENECKER, Julius",GER,Men,foil team,M,Bronze
Berlin,1936,Fencing,Fencing,"HEIM, August",GER,Men,foil team,M,Bronze
Berlin,1936,Fencing,Fencing,"LERDON, Siegfried",GER,Men,foil team,M,Bronze
Berlin,1936,Fencing,Fencing,"ROSENBAUER, Stefan",GER,Men,foil team,M,Bronze
Berlin,1936,Fencing,Fencing,"BOCCHINO, Giorgio",ITA,Men,foil team,M,Gold
Berlin,1936,Fencing,Fencing,"DI ROSA, Manlio",ITA,Men,foil team,M,Gold
Berlin,1936,Fencing,Fencing,"GAUDINI, Giulio",ITA,Men,foil team,M,Gold
Berlin,1936,Fencing,Fencing,"GUARAGNA, Gioachino",ITA,Men,foil team,M,Gold
Berlin,1936,Fencing,Fencing,"MARZI, Gustavo",ITA,Men,foil team,M,Gold
Berlin,1936,Fencing,Fencing,"VERRATTI, Ciro",ITA,Men,foil team,M,Gold
Berlin,1936,Fencing,Fencing,"BONDOUX, René",FRA,Men,foil team,M,Silver
Berlin,1936,Fencing,Fencing,"BOUGNOL, René",FRA,Men,foil team,M,Silver
Berlin,1936,Fencing,Fencing,"COUTROT, Jacques",FRA,Men,foil team,M,Silver
Berlin,1936,Fencing,Fencing,"GARDERE, André",FRA,Men,foil team,M,Silver
Berlin,1936,Fencing,Fencing,"GARDERE, Edouard",FRA,Men,foil team,M,Silver
Berlin,1936,Fencing,Fencing,"LEMOINE, René",FRA,Men,foil team,M,Silver
Berlin,1936,Fencing,Fencing,"GEREVICH, Aladar",HUN,Men,sabre individual,M,Bronze
Berlin,1936,Fencing,Fencing,"KABOS, Endre",HUN,Men,sabre individual,M,Gold
Berlin,1936,Fencing,Fencing,"MARZI, Gustavo",ITA,Men,sabre individual,M,Silver
Berlin,1936,Fencing,Fencing,"CASMIR, Erwin",GER,Men,sabre team,M,Bronze
Berlin,1936,Fencing,Fencing,"EISENECKER, Julius",GER,Men,sabre team,M,Bronze
Berlin,1936,Fencing,Fencing,"ESSER, Hans",GER,Men,sabre team,M,Bronze
Berlin,1936,Fencing,Fencing,"HEIM, August",GER,Men,sabre team,M,Bronze
Berlin,1936,Fencing,Fencing,"JÖRGER, Hans",GER,Men,sabre team,M,Bronze
Berlin,1936,Fencing,Fencing,"WAHL, Richard",GER,Men,sabre team,M,Bronze
Berlin,1936,Fencing,Fencing,"BERCZELLY, Tibor",HUN,Men,sabre team,M,Gold
Berlin,1936,Fencing,Fencing,"GEREVICH, Aladar",HUN,Men,sabre team,M,Gold
Berlin,1936,Fencing,Fencing,"KABOS, Endre",HUN,Men,sabre team,M,Gold
Berlin,1936,Fencing,Fencing,"KOVACS, Pal Adam",HUN,Men,sabre team,M,Gold
Berlin,1936,Fencing,Fencing,"RAJCSANYI, Laszlo",HUN,Men,sabre team,M,Gold
Berlin,1936,Fencing,Fencing,"RAJCZY, Imre",HUN,Men,sabre team,M,Gold
Berlin,1936,Fencing,Fencing,"GAUDINI, Giulio",ITA,Men,sabre team,M,Silver
Berlin,1936,Fencing,Fencing,"MARZI, Gustavo",ITA,Men,sabre team,M,Silver
Berlin,1936,Fencing,Fencing,"MASCIOTTA, Aldo",ITA,Men,sabre team,M,Silver
Berlin,1936,Fencing,Fencing,"MONTANO, Aldo",ITA,Men,sabre team,M,Silver
Berlin,1936,Fencing,Fencing,"PINTON, Vincenzo",ITA,Men,sabre team,M,Silver
Berlin,1936,Fencing,Fencing,"TANZINI, Athos",ITA,Men,sabre team,M,Silver
Berlin,1936,Football,Football,"BRUSTAD, Arne",NOR,Men,football,M,Bronze
Berlin,1936,Football,Football,"ERIKSEN, Nils",NOR,Men,football,M,Bronze
Berlin,1936,Football,Football,"FRANTZEN, Odd",NOR,Men,football,M,Bronze
Berlin,1936,Football,Football,"HANSEN, Sverre",NOR,Men,football,M,Bronze
Berlin,1936,Football,Football,"HOLMBERG, Rolf",NOR,Men,football,M,Bronze
Berlin,1936,Football,Football,"HOLMSEN, Oivind",NOR,Men,football,M,Bronze
Berlin,1936,Football,Football,"HORN, Fredrik",NOR,Men,football,M,Bronze
Berlin,1936,Football,Football,"ISAKSEN, Magnar",NOR,Men,football,M,Bronze
Berlin,1936,Football,Football,"JOHANSEN, Henry",NOR,Men,football,M,Bronze
Berlin,1936,Football,Football,"JUVE, Jorgen",NOR,Men,football,M,Bronze
Berlin,1936,Football,Football,"KVAMMEN, Reidar Osvald",NOR,Men,football,M,Bronze
Berlin,1936,Football,Football,"MARTINSEN, Alf",NOR,Men,football,M,Bronze
Berlin,1936,Football,Football,"MONSEN, Magdalon Johannes",NOR,Men,football,M,Bronze
Berlin,1936,Football,Football,"ULLEBERG, Frithjof",NOR,Men,football,M,Bronze
Berlin,1936,Football,Football,"BALDO, Giuseppe",ITA,Men,football,M,Gold
Berlin,1936,Football,Football,"BERTONI, Sergio",ITA,Men,football,M,Gold
Berlin,1936,Football,Football,"BIAGI, Carlo",ITA,Men,football,M,Gold
Berlin,1936,Football,Football,"CAPPELLI, Giulio",ITA,Men,football,M,Gold
Berlin,1936,Football,Football,"FONI, Alfredo",ITA,Men,football,M,Gold
Berlin,1936,Football,Football,"FROSSI, Annibale",ITA,Men,football,M,Gold
Berlin,1936,Football,Football,"GABRIOTTI, Francesco",ITA,Men,football,M,Gold
Berlin,1936,Football,Football,"LOCATELLI, Ugo",ITA,Men,football,M,Gold
Berlin,1936,Football,Football,"MARCHINI, Libero",ITA,Men,football,M,Gold
Berlin,1936,Football,Football,"NEGRO, Alfonso",ITA,Men,football,M,Gold
Berlin,1936,Football,Football,"PICCINI, Achille",ITA,Men,football,M,Gold
Berlin,1936,Football,Football,"RAVA, Pietro",ITA,Men,football,M,Gold
Berlin,1936,Football,Football,"SCARABELLO, Luigi",ITA,Men,football,M,Gold
Berlin,1936,Football,Football,"VENTURINI, Bruno",ITA,Men,football,M,Gold
Berlin,1936,Football,Football,"FUCHSBERGER, Franz",AUT,Men,football,M,Silver
Berlin,1936,Football,Football,"HOFMEISTER, Max",AUT,Men,football,M,Silver
Berlin,1936,Football,Football,"KAINBERGER, Eduard",AUT,Men,football,M,Silver
Berlin,1936,Football,Football,"KAINBERGER, Karl",AUT,Men,football,M,Silver
Berlin,1936,Football,Football,"KARGL, Martin",AUT,Men,football,M,Silver
Berlin,1936,Football,Football,"KITZMÜLLER, Josef",AUT,Men,football,M,Silver
Berlin,1936,Football,Football,"KRENN, Anton",AUT,Men,football,M,Silver
Berlin,1936,Football,Football,"KÜNZ, Ernst",AUT,Men,football,M,Silver
Berlin,1936,Football,Football,"LAUDON, Adolf",AUT,Men,football,M,Silver
Berlin,1936,Football,Football,"MANDL, Franz",AUT,Men,football,M,Silver
Berlin,1936,Football,Football,"STEINMETZ, Klement",AUT,Men,football,M,Silver
Berlin,1936,Football,Football,"WALLMÜLLER, Karl",AUT,Men,football,M,Silver
Berlin,1936,Football,Football,"WERGINZ, Walter",AUT,Men,football,M,Silver
Berlin,1936,Gymnastics,Artistic G.,"FREY, Konrad",GER,Men,floor exercises,M,Bronze
Berlin,1936,Gymnastics,Artistic G.,"MACK, Eugen",SUI,Men,floor exercises,M,Bronze
Berlin,1936,Gymnastics,Artistic G.,"MIEZ, Georges",SUI,Men,floor exercises,M,Gold
Berlin,1936,Gymnastics,Artistic G.,"WALTER, Josef",SUI,Men,floor exercises,M,Silver
Berlin,1936,Gymnastics,Artistic G.,"SCHWARZMANN, Karl-Alfred",GER,Men,horizontal bar,M,Bronze
Berlin,1936,Gymnastics,Artistic G.,"SAARVALA, Aleksanteri",FIN,Men,horizontal bar,M,Gold
Berlin,1936,Gymnastics,Artistic G.,"FREY, Konrad",GER,Men,horizontal bar,M,Silver
Berlin,1936,Gymnastics,Artistic G.,"FREY, Konrad",GER,Men,individual all-round,M,Bronze
Berlin,1936,Gymnastics,Artistic G.,"SCHWARZMANN, Karl-Alfred",GER,Men,individual all-round,M,Gold
Berlin,1936,Gymnastics,Artistic G.,"MACK, Eugen",SUI,Men,individual all-round,M,Silver
Berlin,1936,Gymnastics,Artistic G.,"SCHWARZMANN, Karl-Alfred",GER,Men,parallel bars,M,Bronze
Berlin,1936,Gymnastics,Artistic G.,"FREY, Konrad",GER,Men,parallel bars,M,Gold
Berlin,1936,Gymnastics,Artistic G.,"REUSCH, Michael",SUI,Men,parallel bars,M,Silver
Berlin,1936,Gymnastics,Artistic G.,"BACHMANN, Albert",SUI,Men,pommel horse,M,Bronze
Berlin,1936,Gymnastics,Artistic G.,"FREY, Konrad",GER,Men,pommel horse,M,Gold
Berlin,1936,Gymnastics,Artistic G.,"MACK, Eugen",SUI,Men,pommel horse,M,Silver
Berlin,1936,Gymnastics,Artistic G.,"VOLZ, Matthias Max",GER,Men,rings,M,Bronze
Berlin,1936,Gymnastics,Artistic G.,"HUDEC, Alois",TCH,Men,rings,M,Gold
Berlin,1936,Gymnastics,Artistic G.,"STUKELJ, Leon",YUG,Men,rings,M,Silver
Berlin,1936,Gymnastics,Artistic G.,"NYBERG-NOROMA, Mauri Kalervo",FIN,Men,team competition,M,Bronze
Berlin,1936,Gymnastics,Artistic G.,"PAKARINEN, Veikko Ilmari",FIN,Men,team competition,M,Bronze
Berlin,1936,Gymnastics,Artistic G.,"SAARVALA, Aleksanteri",FIN,Men,team competition,M,Bronze
Berlin,1936,Gymnastics,Artistic G.,"SAVOLAINEN, Heikki",FIN,Men,team competition,M,Bronze
Berlin,1936,Gymnastics,Artistic G.,"SEESTE, Esa",FIN,Men,team competition,M,Bronze
Berlin,1936,Gymnastics,Artistic G.,"TERÄSVIRTA, Einari Allan",FIN,Men,team competition,M,Bronze
Berlin,1936,Gymnastics,Artistic G.,"TUKIAINEN, Eino",FIN,Men,team competition,M,Bronze
Berlin,1936,Gymnastics,Artistic G.,"UOSIKKINEN, Martti",FIN,Men,team competition,M,Bronze
Berlin,1936,Gymnastics,Artistic G.,"BECKERT, Franz Ernst",GER,Men,team competition,M,Gold
Berlin,1936,Gymnastics,Artistic G.,"FREY, Konrad",GER,Men,team competition,M,Gold
Berlin,1936,Gymnastics,Artistic G.,"SCHWARZMANN, Karl-Alfred",GER,Men,team competition,M,Gold
Berlin,1936,Gymnastics,Artistic G.,"STADEL, Willi Friedrich",GER,Men,team competition,M,Gold
Berlin,1936,Gymnastics,Artistic G.,"STANGL, Innozenz (Inno)",GER,Men,team competition,M,Gold
Berlin,1936,Gymnastics,Artistic G.,"STEFFENS, Walter Johan",GER,Men,team competition,M,Gold
Berlin,1936,Gymnastics,Artistic G.,"VOLZ, Matthias Max",GER,Men,team competition,M,Gold
Berlin,1936,Gymnastics,Artistic G.,"WINTER, Ernst Friedrich",GER,Men,team competition,M,Gold
Berlin,1936,Gymnastics,Artistic G.,"BACH, Walter",SUI,Men,team competition,M,Silver
Berlin,1936,Gymnastics,Artistic G.,"BACHMANN, Albert",SUI,Men,team competition,M,Silver
Berlin,1936,Gymnastics,Artistic G.,"BECK, Walter",SUI,Men,team competition,M,Silver
Berlin,1936,Gymnastics,Artistic G.,"MACK, Eugen",SUI,Men,team competition,M,Silver
Berlin,1936,Gymnastics,Artistic G.,"MIEZ, Georges",SUI,Men,team competition,M,Silver
Berlin,1936,Gymnastics,Artistic G.,"REUSCH, Michael",SUI,Men,team competition,M,Silver
Berlin,1936,Gymnastics,Artistic G.,"STEINEMANN, Eduard",SUI,Men,team competition,M,Silver
Berlin,1936,Gymnastics,Artistic G.,"WALTER, Josef",SUI,Men,team competition,M,Silver
Berlin,1936,Gymnastics,Artistic G.,"CSILLIK, Margit",HUN,Women,team competition,W,Bronze
Berlin,1936,Gymnastics,Artistic G.,"KALOCSAI, Margit",HUN,Women,team competition,W,Bronze
Berlin,1936,Gymnastics,Artistic G.,"MADARY, Ilona",HUN,Women,team competition,W,Bronze
Berlin,1936,Gymnastics,Artistic G.,"MESZAROS, Gabriella",HUN,Women,team competition,W,Bronze
Berlin,1936,Gymnastics,Artistic G.,"NAGY-SANDOR, Margit",HUN,Women,team competition,W,Bronze
Berlin,1936,Gymnastics,Artistic G.,"TÖRÖS, Olga",HUN,Women,team competition,W,Bronze
Berlin,1936,Gymnastics,Artistic G.,"TÖTH, Judith",HUN,Women,team competition,W,Bronze
Berlin,1936,Gymnastics,Artistic G.,"VOIT, Eszter",HUN,Women,team competition,W,Bronze
Berlin,1936,Gymnastics,Artistic G.,"BÄRWIRTH, Anita",GER,Women,team competition,W,Gold
Berlin,1936,Gymnastics,Artistic G.,"BÜRGER, Erna",GER,Women,team competition,W,Gold
Berlin,1936,Gymnastics,Artistic G.,"FRÖLIAN, Isolde",GER,Women,team competition,W,Gold
Berlin,1936,Gymnastics,Artistic G.,"IBY, Friederike (Friedl)",GER,Women,team competition,W,Gold
Berlin,1936,Gymnastics,Artistic G.,"MEYER, Gertrude (Trudi)",GER,Women,team competition,W,Gold
Berlin,1936,Gymnastics,Artistic G.,"PÖHLSEN, Paula",GER,Women,team competition,W,Gold
Berlin,1936,Gymnastics,Artistic G.,"SCHMITT, Julie",GER,Women,team competition,W,Gold
Berlin,1936,Gymnastics,Artistic G.,"SOHNEMANN, Käthe",GER,Women,team competition,W,Gold
Berlin,1936,Gymnastics,Artistic G.,"BAJEROVA, Jaroslava",TCH,Women,team competition,W,Silver
Berlin,1936,Gymnastics,Artistic G.,"DEKANOVA, Vlasta",TCH,Women,team competition,W,Silver
Berlin,1936,Gymnastics,Artistic G.,"DOBESOVA, Bozena",TCH,Women,team competition,W,Silver
Berlin,1936,Gymnastics,Artistic G.,"FOLTOVA, Vlasta",TCH,Women,team competition,W,Silver
Berlin,1936,Gymnastics,Artistic G.,"HREBRINOVA, Anna",TCH,Women,team competition,W,Silver
Berlin,1936,Gymnastics,Artistic G.,"PALFYOVA, Matylda",TCH,Women,team competition,W,Silver
Berlin,1936,Gymnastics,Artistic G.,"VERMIROVSKA, Zdenka",TCH,Women,team competition,W,Silver
Berlin,1936,Gymnastics,Artistic G.,"VETROVSKA, Marie",TCH,Women,team competition,W,Silver
Berlin,1936,Gymnastics,Artistic G.,"VOLZ, Matthias Max",GER,Men,vault,M,Bronze
Berlin,1936,Gymnastics,Artistic G.,"SCHWARZMANN, Karl-Alfred",GER,Men,vault,M,Gold
Berlin,1936,Gymnastics,Artistic G.,"MACK, Eugen",SUI,Men,vault,M,Silver
Berlin,1936,Handball,Handball,"BLOSCH, Max",SUI,Men,handball,M,Bronze
Berlin,1936,Handball,Handball,"FÄS, Rolf",SUI,Men,handball,M,Bronze
Berlin,1936,Handball,Handball,"GANTENBEIN, Burkhard",SUI,Men,handball,M,Bronze
Berlin,1936,Handball,Handball,"GYSI, Willy",SUI,Men,handball,M,Bronze
Berlin,1936,Handball,Handball,"HERKENRATH, Erland",SUI,Men,handball,M,Bronze
Berlin,1936,Handball,Handball,"HUFSCHMID, Ernst",SUI,Men,handball,M,Bronze
Berlin,1936,Handball,Handball,"HUFSCHMID, Willy",SUI,Men,handball,M,Bronze
Berlin,1936,Handball,Handball,"MEYER, Werner",SUI,Men,handball,M,Bronze
Berlin,1936,Handball,Handball,"MISCHON, Georg",SUI,Men,handball,M,Bronze
Berlin,1936,Handball,Handball,"SCHÄFER, Willy",SUI,Men,handball,M,Bronze
Berlin,1936,Handball,Handball,"SCHEURMANN, Werner",SUI,Men,handball,M,Bronze
Berlin,1936,Handball,Handball,"SCHMID, Eduard",SUI,Men,handball,M,Bronze
Berlin,1936,Handball,Handball,"SCHMITT, Erich",SUI,Men,handball,M,Bronze
Berlin,1936,Handball,Handball,"SEITERLE, Eugen",SUI,Men,handball,M,Bronze
Berlin,1936,Handball,Handball,"STREIB, Max",SUI,Men,handball,M,Bronze
Berlin,1936,Handball,Handball,"STUDER, Robert",SUI,Men,handball,M,Bronze
Berlin,1936,Handball,Handball,"WIRZ, Rudolf",SUI,Men,handball,M,Bronze
Berlin,1936,Handball,Handball,"BANDHOLZ, Willi",GER,Men,handball,M,Gold
Berlin,1936,Handball,Handball,"BAUMANN, Wilhelm",GER,Men,handball,M,Gold
Berlin,1936,Handball,Handball,"BERTHOLD, Helmut",GER,Men,handball,M,Gold
Berlin,1936,Handball,Handball,"BRASELMANN, Helmut",GER,Men,handball,M,Gold
Berlin,1936,Handball,Handball,"BRINKMANN, Wilhelm",GER,Men,handball,M,Gold
Berlin,1936,Handball,Handball,"DASCHER, Georg",GER,Men,handball,M,Gold
Berlin,1936,Handball,Handball,"DOSSIN, Kurt",GER,Men,handball,M,Gold
Berlin,1936,Handball,Handball,"FROMM, Fritz",GER,Men,handball,M,Gold
Berlin,1936,Handball,Handball,"HANSEN, Hermann",GER,Men,handball,M,Gold
Berlin,1936,Handball,Handball,"HERMANN, Erich",GER,Men,handball,M,Gold
Berlin,1936,Handball,Handball,"KEIMIG, Heinrich",GER,Men,handball,M,Gold
Berlin,1936,Handball,Handball,"KEITER, Hans",GER,Men,handball,M,Gold
Berlin,1936,Handball,Handball,"KLINGLER, Alfred",GER,Men,handball,M,Gold
Berlin,1936,Handball,Handball,"KNAUTZ, Arthur",GER,Men,handball,M,Gold
Berlin,1936,Handball,Handball,"KÖRVERS, Heinz",GER,Men,handball,M,Gold
Berlin,1936,Handball,Handball,"KREUTZBERG, Karl",GER,Men,handball,M,Gold
Berlin,1936,Handball,Handball,"MULLER, Wilhelm",GER,Men,handball,M,Gold
Berlin,1936,Handball,Handball,"ORTMANN, Günter",GER,Men,handball,M,Gold
Berlin,1936,Handball,Handball,"REINHARDT, Edgar",GER,Men,handball,M,Gold
Berlin,1936,Handball,Handball,"SPENGLER, Fritz",GER,Men,handball,M,Gold
Berlin,1936,Handball,Handball,"STAHL, Rudolf",GER,Men,handball,M,Gold
Berlin,1936,Handball,Handball,"THEILIG, Hans",GER,Men,handball,M,Gold
Berlin,1936,Handball,Handball,"BARTL, Franz",AUT,Men,handball,M,Silver
Berlin,1936,Handball,Handball,"BERGHAMMER, Franz",AUT,Men,handball,M,Silver
Berlin,1936,Handball,Handball,"BISTRICKY, Franz",AUT,Men,handball,M,Silver
Berlin,1936,Handball,Handball,"BRUNNER, Franz",AUT,Men,handball,M,Silver
Berlin,1936,Handball,Handball,"HOUCHKA, Johann",AUT,Men,handball,M,Silver
Berlin,1936,Handball,Handball,"JURACKA, Emil",AUT,Men,handball,M,Silver
Berlin,1936,Handball,Handball,"KIEFLER, Ferdinand",AUT,Men,handball,M,Silver
Berlin,1936,Handball,Handball,"KRECI, Josef",AUT,Men,handball,M,Silver
Berlin,1936,Handball,Handball,"LICHA, Otto",AUT,Men,handball,M,Silver
Berlin,1936,Handball,Handball,"MAURER, Friedrich",AUT,Men,handball,M,Silver
Berlin,1936,Handball,Handball,"PERWEIN, Anton",AUT,Men,handball,M,Silver
Berlin,1936,Handball,Handball,"POWOLNY, Siegfried",AUT,Men,handball,M,Silver
Berlin,1936,Handball,Handball,"PURNER, Siegfried",AUT,Men,handball,M,Silver
Berlin,1936,Handball,Handball,"REISP, Walter",AUT,Men,handball,M,Silver
Berlin,1936,Handball,Handball,"SCHMALZER, Alfred",AUT,Men,handball,M,Silver
Berlin,1936,Handball,Handball,"SCHNABEL, Alois",AUT,Men,handball,M,Silver
Berlin,1936,Handball,Handball,"SCHUBERTH, Ludwig",AUT,Men,handball,M,Silver
Berlin,1936,Handball,Handball,"TAUSCHER, Johann",AUT,Men,handball,M,Silver
Berlin,1936,Handball,Handball,"VOLAK, Jaroslav",AUT,Men,handball,M,Silver
Berlin,1936,Handball,Handball,"WOHLRAB, Leopold",AUT,Men,handball,M,Silver
Berlin,1936,Handball,Handball,"WURMBÖCK, Friedrich",AUT,Men,handball,M,Silver
Berlin,1936,Handball,Handball,"ZEHETNER, Johann",AUT,Men,handball,M,Silver
Berlin,1936,Hockey,Hockey,"DE LOOPER, Hendrik Christiaan",NED,Men,hockey,M,Bronze
Berlin,1936,Hockey,Hockey,"DE LOOPER, Jan",NED,Men,hockey,M,Bronze
Berlin,1936,Hockey,Hockey,"DE ROOS, Agathon",NED,Men,hockey,M,Bronze
Berlin,1936,Hockey,Hockey,"DE WAAL, Reindert Berend Jan",NED,Men,hockey,M,Bronze
Berlin,1936,Hockey,Hockey,"GUNNING, Pieter Adriaan",NED,Men,hockey,M,Bronze
Berlin,1936,Hockey,Hockey,"HEYBROEK, Carl Erich",NED,Men,hockey,M,Bronze
Berlin,1936,Hockey,Hockey,"SCHNITGER, Henri Carel Willem",NED,Men,hockey,M,Bronze
Berlin,1936,Hockey,Hockey,"SPARENBERG, Rene",NED,Men,hockey,M,Bronze
Berlin,1936,Hockey,Hockey,"VAN DEN BERG, Ernst Willem",NED,Men,hockey,M,Bronze
Berlin,1936,Hockey,Hockey,"VAN DER HAAR, Rudolf Jacob",NED,Men,hockey,M,Bronze
Berlin,1936,Hockey,Hockey,"VAN LIEROP, Antoine Robert Onslow",NED,Men,hockey,M,Bronze
Berlin,1936,Hockey,Hockey,"WESTERKAMP, Max",NED,Men,hockey,M,Bronze
Berlin,1936,Hockey,Hockey,"ALLEN, Richard James",IND,Men,hockey,M,Gold
Berlin,1936,Hockey,Hockey,"BAIS, Dhyan Chand",IND,Men,hockey,M,Gold
Berlin,1936,Hockey,Hockey,"BAIS, Roop Singh",IND,Men,hockey,M,Gold
Berlin,1936,Hockey,Hockey,"CULLEN-GOODSIR, Ernest John",IND,Men,hockey,M,Gold
Berlin,1936,Hockey,Hockey,"DARA, Iqtidar Ali Shah",IND,Men,hockey,M,Gold
Berlin,1936,Hockey,Hockey,"EMMETT, Lionel C.",IND,Men,hockey,M,Gold
Berlin,1936,Hockey,Hockey,"FERNANDES, Peter Paul",IND,Men,hockey,M,Gold
Berlin,1936,Hockey,Hockey,"GALIBARDY, Joseph Deville Thomas",IND,Men,hockey,M,Gold
Berlin,1936,Hockey,Hockey,"HUSSAIN, Sayed Mohomed",IND,Men,hockey,M,Gold
Berlin,1936,Hockey,Hockey,"JAFFAR, Sayed Mohomed",IND,Men,hockey,M,Gold
Berlin,1936,Hockey,Hockey,"KHAN, Ahmed Sher",IND,Men,hockey,M,Gold
Berlin,1936,Hockey,Hockey,"KHAN, Ahsan Mohomed",IND,Men,hockey,M,Gold
Berlin,1936,Hockey,Hockey,"MASOOD, Mirza Nasir-Ud-Din",IND,Men,hockey,M,Gold
Berlin,1936,Hockey,Hockey,"MICHIE, Cyril James",IND,Men,hockey,M,Gold
Berlin,1936,Hockey,Hockey,"NIMAL, Baboo Narsoo",IND,Men,hockey,M,Gold
Berlin,1936,Hockey,Hockey,"PHILLIPS, Joseph",IND,Men,hockey,M,Gold
Berlin,1936,Hockey,Hockey,"SHABBAN, Shabab-Ud-Din",IND,Men,hockey,M,Gold
Berlin,1936,Hockey,Hockey,"SINGH GAREWAL, Gurcharan",IND,Men,hockey,M,Gold
Berlin,1936,Hockey,Hockey,"TAPSELL, Carlyle Carrol",IND,Men,hockey,M,Gold
Berlin,1936,Hockey,Hockey,"AUF DER HEIDE, Hermann",GER,Men,hockey,M,Silver
Berlin,1936,Hockey,Hockey,"BEISIEGEL, Ludwig",GER,Men,hockey,M,Silver
Berlin,1936,Hockey,Hockey,"CUNTZ, Erich",GER,Men,hockey,M,Silver
Berlin,1936,Hockey,Hockey,"DRÖSE, Karl",GER,Men,hockey,M,Silver
Berlin,1936,Hockey,Hockey,"GERDES, Alfred",GER,Men,hockey,M,Silver
Berlin,1936,Hockey,Hockey,"HAMEL, Werner",GER,Men,hockey,M,Silver
Berlin,1936,Hockey,Hockey,"HUFFMANN, Harald",GER,Men,hockey,M,Silver
Berlin,1936,Hockey,Hockey,"KELLER, Erwin",GER,Men,hockey,M,Silver
Berlin,1936,Hockey,Hockey,"KEMMER, Herbert",GER,Men,hockey,M,Silver
Berlin,1936,Hockey,Hockey,"KUBITZKI, Werner",GER,Men,hockey,M,Silver
Berlin,1936,Hockey,Hockey,"MEHLITZ, Paul",GER,Men,hockey,M,Silver
Berlin,1936,Hockey,Hockey,"MENKE, Karl",GER,Men,hockey,M,Silver
Berlin,1936,Hockey,Hockey,"MESSNER, Fritz",GER,Men,hockey,M,Silver
Berlin,1936,Hockey,Hockey,"OKRENT, Detlef",GER,Men,hockey,M,Silver
Berlin,1936,Hockey,Hockey,"PETER, Heinrich",GER,Men,hockey,M,Silver
Berlin,1936,Hockey,Hockey,"RAACK, Heinz",GER,Men,hockey,M,Silver
Berlin,1936,Hockey,Hockey,"RUCK, Karl",GER,Men,hockey,M,Silver
Berlin,1936,Hockey,Hockey,"SCHERBART, Hans",GER,Men,hockey,M,Silver
Berlin,1936,Hockey,Hockey,"SCHMALIX, Heinz",GER,Men,hockey,M,Silver
